ticker,date,open,high,low,close
IZEA,2012-02-09,489.6,489.6,489.6,489.6
IZEA,2012-02-10,489.6,489.6,489.6,489.6
IZEA,2012-02-13,480.0,680.0,480.0,680.0
IZEA,2012-02-14,656.0,656.0,656.0,656.0
IZEA,2012-02-15,480.8,520.0,480.0,512.0
IZEA,2012-02-16,432.0,496.0,432.0,496.0
IZEA,2012-02-17,432.0,464.0,432.0,464.0
IZEA,2012-02-21,464.0,464.0,464.0,464.0
IZEA,2012-02-22,408.0,408.0,408.0,408.0
IZEA,2012-02-23,408.0,408.0,408.0,408.0
IZEA,2012-02-24,408.0,456.0,408.0,456.0
IZEA,2012-02-27,456.0,456.0,456.0,456.0
IZEA,2012-02-28,408.0,480.0,408.0,480.0
IZEA,2012-02-29,480.0,480.0,480.0,480.0
IZEA,2012-03-01,480.0,480.0,480.0,480.0
IZEA,2012-03-02,480.0,480.0,480.0,480.0
IZEA,2012-03-05,440.0,440.0,440.0,440.0
IZEA,2012-03-06,440.0,440.0,440.0,440.0
IZEA,2012-03-07,440.0,440.0,440.0,440.0
IZEA,2012-03-08,480.0,480.0,480.0,480.0
IZEA,2012-03-09,440.0,440.0,440.0,440.0
IZEA,2012-03-12,440.0,440.0,432.0,440.0
IZEA,2012-03-13,440.0,440.0,440.0,440.0
IZEA,2012-03-14,320.0,336.8,320.0,336.8
IZEA,2012-03-15,336.8,336.8,336.8,336.8
IZEA,2012-03-16,336.0,336.0,336.0,336.0
IZEA,2012-03-19,472.0,472.0,456.0,456.0
IZEA,2012-03-20,456.0,456.0,456.0,456.0
IZEA,2012-03-21,336.0,336.0,336.0,336.0
IZEA,2012-03-22,352.0,352.0,352.0,352.0
IZEA,2012-03-23,352.0,352.0,352.0,352.0
IZEA,2012-03-26,336.0,336.0,336.0,336.0
IZEA,2012-03-27,336.0,336.0,336.0,336.0
IZEA,2012-03-28,400.0,400.0,400.0,400.0
IZEA,2012-03-29,384.0,384.0,384.0,384.0
IZEA,2012-03-30,384.0,384.0,384.0,384.0
IZEA,2012-04-02,336.0,400.0,336.0,400.0
IZEA,2012-04-03,320.0,320.0,320.0,320.0
IZEA,2012-04-04,320.0,320.0,320.0,320.0
IZEA,2012-04-05,320.0,320.0,320.0,320.0
IZEA,2012-04-09,256.0,384.0,256.0,384.0
IZEA,2012-04-10,368.0,368.0,344.0,344.0
IZEA,2012-04-11,256.0,256.0,256.0,256.0
IZEA,2012-04-12,256.0,256.0,256.0,256.0
IZEA,2012-04-13,256.0,256.0,256.0,256.0
IZEA,2012-04-16,256.0,256.0,256.0,256.0
IZEA,2012-04-17,256.0,256.0,256.0,256.0
IZEA,2012-04-18,256.0,256.0,256.0,256.0
IZEA,2012-04-19,256.0,256.0,256.0,256.0
IZEA,2012-04-20,256.0,256.0,256.0,256.0
IZEA,2012-04-23,256.0,280.0,256.0,280.0
IZEA,2012-04-24,256.0,256.0,256.0,256.0
IZEA,2012-04-25,256.0,256.0,256.0,256.0
IZEA,2012-04-26,256.0,256.0,256.0,256.0
IZEA,2012-04-27,256.0,256.0,256.0,256.0
IZEA,2012-04-30,256.0,400.0,256.0,400.0
IZEA,2012-05-01,400.0,400.0,400.0,400.0
IZEA,2012-05-02,256.0,256.0,256.0,256.0
IZEA,2012-05-03,256.0,256.0,256.0,256.0
IZEA,2012-05-04,256.0,256.0,256.0,256.0
IZEA,2012-05-07,208.0,400.0,208.0,392.0
IZEA,2012-05-08,216.0,392.0,216.0,392.0
IZEA,2012-05-09,392.0,392.0,124.0,176.0
IZEA,2012-05-10,184.0,436.0,146.4,404.0
IZEA,2012-05-11,448.0,560.0,440.8,516.0
IZEA,2012-05-14,560.0,560.0,256.0,256.0
IZEA,2012-05-15,296.0,336.0,272.8,312.0
IZEA,2012-05-16,355.2,356.0,176.0,240.0
IZEA,2012-05-17,279.2,279.2,172.0,208.0
IZEA,2012-05-18,236.0,236.0,136.0,148.0
IZEA,2012-05-21,156.0,156.0,96.0,112.8
IZEA,2012-05-22,128.0,128.0,96.8,100.0
IZEA,2012-05-23,96.8,128.0,96.8,100.0
IZEA,2012-05-24,114.4,148.0,108.0,108.0
IZEA,2012-05-25,108.0,120.0,104.0,104.0
IZEA,2012-05-29,112.0,112.0,88.0,89.6
IZEA,2012-05-30,81.6,100.0,81.6,91.2
IZEA,2012-05-31,99.2,108.0,85.6,108.0
IZEA,2012-06-01,92.0,100.0,88.0,92.8
IZEA,2012-06-04,92.8,92.8,76.0,80.0
IZEA,2012-06-05,80.8,85.6,72.8,79.2
IZEA,2012-06-06,80.0,80.0,68.0,68.0
IZEA,2012-06-07,72.0,72.0,68.0,69.6
IZEA,2012-06-08,71.2,72.0,64.8,72.0
IZEA,2012-06-11,66.4,88.0,66.4,72.8
IZEA,2012-06-12,82.4,82.4,73.6,82.4
IZEA,2012-06-13,82.4,82.4,76.0,76.8
IZEA,2012-06-14,80.0,82.4,80.0,80.0
IZEA,2012-06-15,82.4,82.4,73.6,79.2
IZEA,2012-06-18,76.0,76.0,64.0,73.6
IZEA,2012-06-19,76.0,76.0,73.6,76.0
IZEA,2012-06-20,76.0,80.0,72.0,80.0
IZEA,2012-06-21,76.0,76.0,64.8,72.0
IZEA,2012-06-22,72.0,80.0,68.8,72.0
IZEA,2012-06-25,68.8,72.0,64.0,65.6
IZEA,2012-06-26,64.0,72.0,64.0,71.2
IZEA,2012-06-27,71.2,71.2,64.8,70.4
IZEA,2012-06-28,70.4,72.0,64.0,68.0
IZEA,2012-06-29,68.8,71.2,64.0,64.0
IZEA,2012-07-02,64.0,70.4,64.0,70.4
IZEA,2012-07-03,71.2,72.0,70.4,72.0
IZEA,2012-07-05,72.0,72.0,64.8,71.2
IZEA,2012-07-06,68.8,69.6,68.8,69.6
IZEA,2012-07-09,69.6,69.6,62.4,64.0
IZEA,2012-07-10,50.4,64.0,50.4,60.0
IZEA,2012-07-11,60.0,60.0,56.0,56.0
IZEA,2012-07-12,56.0,64.0,56.0,64.0
IZEA,2012-07-13,64.0,64.0,57.6,57.6
IZEA,2012-07-16,56.0,58.4,51.2,56.0
IZEA,2012-07-17,51.2,56.0,51.2,56.0
IZEA,2012-07-18,52.0,52.0,40.0,40.0
IZEA,2012-07-19,40.0,43.2,40.0,40.0
IZEA,2012-07-20,40.0,52.0,40.0,52.0
IZEA,2012-07-23,40.0,64.0,40.0,50.4
IZEA,2012-07-24,56.0,56.0,50.4,50.4
IZEA,2012-07-25,56.0,62.4,50.4,62.4
IZEA,2012-07-26,62.4,62.4,56.0,56.0
IZEA,2012-07-27,54.4,56.0,52.0,52.0
IZEA,2012-07-30,52.0,63.2,52.0,56.0
IZEA,2012-07-31,48.0,57.6,48.0,48.0
IZEA,2012-08-01,48.0,48.0,48.0,48.0
IZEA,2012-08-02,28.0,32.0,28.0,30.0
IZEA,2012-08-03,35.0,35.0,35.0,35.0
IZEA,2012-08-06,30.0,50.0,30.0,50.0
IZEA,2012-08-07,47.8,48.0,35.0,40.0
IZEA,2012-08-08,34.0,34.0,28.0,28.0
IZEA,2012-08-09,28.6,28.6,26.0,26.2
IZEA,2012-08-10,24.0,38.0,24.0,36.0
IZEA,2012-08-13,36.0,50.0,36.0,50.0
IZEA,2012-08-14,58.0,58.0,38.0,38.0
IZEA,2012-08-15,50.0,58.0,38.0,58.0
IZEA,2012-08-16,50.0,52.0,40.0,40.4
IZEA,2012-08-17,41.0,44.0,40.8,44.0
IZEA,2012-08-20,38.0,40.0,34.0,34.0
IZEA,2012-08-21,34.0,34.0,32.0,32.8
IZEA,2012-08-22,32.8,32.8,32.8,32.8
IZEA,2012-08-23,30.0,30.8,24.2,25.0
IZEA,2012-08-24,25.2,31.0,25.2,30.0
IZEA,2012-08-27,32.0,44.0,32.0,44.0
IZEA,2012-08-28,39.0,48.0,39.0,47.6
IZEA,2012-08-29,47.6,47.6,47.6,47.6
IZEA,2012-08-30,45.6,45.6,35.0,35.0
IZEA,2012-08-31,40.0,40.0,35.0,35.0
IZEA,2012-09-04,36.0,36.0,36.0,36.0
IZEA,2012-09-05,36.0,36.0,36.0,36.0
IZEA,2012-09-06,30.0,30.0,17.0,19.0
IZEA,2012-09-07,18.6,23.0,18.0,20.0
IZEA,2012-09-10,19.8,20.0,18.2,19.6
IZEA,2012-09-11,20.0,20.0,18.6,19.0
IZEA,2012-09-12,18.6,19.6,17.2,17.4
IZEA,2012-09-13,18.8,18.8,17.6,18.0
IZEA,2012-09-14,17.2,17.4,16.2,16.4
IZEA,2012-09-17,16.2,20.2,16.2,18.0
IZEA,2012-09-18,18.0,18.0,17.0,17.0
IZEA,2012-09-19,17.0,17.0,17.0,17.0
IZEA,2012-09-20,17.6,17.6,16.2,17.0
IZEA,2012-09-21,17.6,18.0,17.6,18.0
IZEA,2012-09-24,16.2,16.2,16.2,16.2
IZEA,2012-09-25,16.3,16.3,16.3,16.3
IZEA,2012-09-26,16.3,16.3,16.3,16.3
IZEA,2012-09-27,17.6,17.6,17.6,17.6
IZEA,2012-09-28,17.8,17.8,16.3,17.6
IZEA,2012-10-01,16.4,16.4,16.4,16.4
IZEA,2012-10-02,16.4,16.4,14.6,16.2
IZEA,2012-10-03,14.8,14.84,14.0,14.0
IZEA,2012-10-04,14.0,15.56,14.0,15.56
IZEA,2012-10-05,15.56,15.56,15.56,15.56
IZEA,2012-10-08,14.4,14.4,14.0,14.2
IZEA,2012-10-09,14.2,14.6,14.0,14.0
IZEA,2012-10-10,11.4,11.6,11.4,11.6
IZEA,2012-10-11,11.4,12.0,11.4,11.6
IZEA,2012-10-12,10.2,10.2,10.2,10.2
IZEA,2012-10-15,9.8,12.6,9.8,12.6
IZEA,2012-10-16,12.6,12.6,12.6,12.6
IZEA,2012-10-17,11.0,11.0,9.6,11.0
IZEA,2012-10-18,9.0,10.2,8.4,8.4
IZEA,2012-10-19,9.8,9.8,7.0,7.0
IZEA,2012-10-22,7.0,7.0,7.0,7.0
IZEA,2012-10-23,6.6,8.0,6.6,8.0
IZEA,2012-10-24,9.8,9.8,8.0,8.0
IZEA,2012-10-25,8.0,8.2,6.02,6.06
IZEA,2012-10-26,6.6,7.2,6.6,6.6
IZEA,2012-10-31,6.0,7.0,6.0,7.0
IZEA,2012-11-01,6.2,7.0,6.2,7.0
IZEA,2012-11-02,10.0,10.0,10.0,10.0
IZEA,2012-11-05,10.0,10.0,7.4,7.4
IZEA,2012-11-06,7.6,8.0,7.6,8.0
IZEA,2012-11-07,8.2,8.2,7.4,7.4
IZEA,2012-11-08,7.2,7.4,7.0,7.0
IZEA,2012-11-09,7.0,7.2,7.0,7.2
IZEA,2012-11-12,7.6,7.6,7.2,7.2
IZEA,2012-11-13,7.2,7.2,7.2,7.2
IZEA,2012-11-14,8.0,8.0,6.6,6.6
IZEA,2012-11-15,6.0,6.0,6.0,6.0
IZEA,2012-11-16,5.4,7.6,5.22,7.6
IZEA,2012-11-19,8.5,8.6,8.5,8.6
IZEA,2012-11-20,5.22,8.6,5.22,6.6
IZEA,2012-11-21,6.6,7.6,5.4,6.4
IZEA,2012-11-23,5.22,8.0,5.22,8.0
IZEA,2012-11-26,8.0,8.0,5.6,5.6
IZEA,2012-11-27,5.22,6.0,5.12,6.0
IZEA,2012-11-28,5.6,5.6,5.6,5.6
IZEA,2012-11-29,5.8,5.8,4.42,5.8
IZEA,2012-11-30,5.8,5.8,5.8,5.8
IZEA,2012-12-03,6.0,6.0,4.42,4.42
IZEA,2012-12-04,5.0,5.0,4.02,4.02
IZEA,2012-12-05,5.0,5.6,4.2,5.0
IZEA,2012-12-06,4.3,4.42,4.3,4.42
IZEA,2012-12-07,4.42,4.42,4.42,4.42
IZEA,2012-12-10,5.58,5.58,4.4,4.5
IZEA,2012-12-11,4.5,5.0,4.5,5.0
IZEA,2012-12-12,5.0,5.0,5.0,5.0
IZEA,2012-12-13,4.4,5.0,4.02,4.02
IZEA,2012-12-14,4.02,4.02,4.02,4.02
IZEA,2012-12-17,4.2,4.4,4.02,4.4
IZEA,2012-12-18,4.4,5.0,4.22,5.0
IZEA,2012-12-19,5.0,5.0,3.8,4.4
IZEA,2012-12-20,3.8,4.0,3.62,4.0
IZEA,2012-12-21,3.8,3.8,2.6,2.8
IZEA,2012-12-24,3.0,3.4,3.0,3.4
IZEA,2012-12-26,3.08,4.4,3.08,3.24
IZEA,2012-12-27,4.4,4.4,3.2,3.22
IZEA,2012-12-28,4.0,4.78,3.24,3.7
IZEA,2012-12-31,4.2,4.4,3.7,4.4
IZEA,2013-01-02,5.4,5.4,4.36,5.3
IZEA,2013-01-03,5.4,5.4,5.3,5.3
IZEA,2013-01-04,5.3,5.3,5.3,5.3
IZEA,2013-01-07,5.3,5.3,3.4,3.4
IZEA,2013-01-08,4.38,4.38,3.4,3.6
IZEA,2013-01-09,3.4,3.4,3.4,3.4
IZEA,2013-01-10,4.0,4.0,4.0,4.0
IZEA,2013-01-11,4.0,4.0,3.8,4.0
IZEA,2013-01-14,4.0,4.0,4.0,4.0
IZEA,2013-01-15,4.2,4.2,4.2,4.2
IZEA,2013-01-16,5.0,5.1,4.4,5.1
IZEA,2013-01-17,5.0,5.0,5.0,5.0
IZEA,2013-01-18,5.0,5.0,3.86,3.86
IZEA,2013-01-22,5.6,5.6,4.2,5.4
IZEA,2013-01-23,5.6,5.6,4.04,4.8
IZEA,2013-01-24,5.2,5.2,5.2,5.2
IZEA,2013-01-25,5.18,5.8,5.18,5.8
IZEA,2013-01-28,8.0,8.0,5.98,5.98
IZEA,2013-01-29,5.6,5.6,5.6,5.6
IZEA,2013-01-30,5.6,5.6,5.6,5.6
IZEA,2013-01-31,5.6,5.6,5.6,5.6
IZEA,2013-02-01,5.0,5.0,5.0,5.0
IZEA,2013-02-04,4.6,4.98,3.22,3.22
IZEA,2013-02-05,4.0,10.1,4.0,9.0
IZEA,2013-02-06,9.3,10.0,7.0,8.6
IZEA,2013-02-07,8.6,8.6,7.2,7.6
IZEA,2013-02-08,7.8,8.2,7.4,7.8
IZEA,2013-02-11,8.8,8.8,6.0,7.1
IZEA,2013-02-12,8.0,8.0,6.56,6.56
IZEA,2013-02-13,6.56,6.66,5.6,5.66
IZEA,2013-02-14,5.68,6.8,5.68,5.8
IZEA,2013-02-15,6.0,6.6,5.9,6.0
IZEA,2013-02-19,6.0,6.2,5.68,5.68
IZEA,2013-02-20,6.38,6.38,5.86,5.86
IZEA,2013-02-21,6.2,6.2,5.8,5.8
IZEA,2013-02-22,5.8,6.0,5.68,5.7
IZEA,2013-02-25,5.18,5.18,4.4,4.4
IZEA,2013-02-26,4.2,5.0,4.2,4.8
IZEA,2013-02-27,5.0,5.98,5.0,5.6
IZEA,2013-02-28,4.42,5.36,4.42,4.82
IZEA,2013-03-01,5.2,5.48,5.0,5.04
IZEA,2013-03-04,5.48,5.48,5.16,5.4
IZEA,2013-03-05,5.4,5.8,5.4,5.6
IZEA,2013-03-06,5.6,5.6,5.56,5.56
IZEA,2013-03-07,5.56,5.56,4.82,5.5
IZEA,2013-03-08,5.5,5.5,5.0,5.0
IZEA,2013-03-11,5.4,5.4,4.9,5.0
IZEA,2013-03-12,4.9,5.28,4.9,5.0
IZEA,2013-03-13,5.0,5.0,4.5,4.8
IZEA,2013-03-14,5.3,5.3,4.6,5.18
IZEA,2013-03-15,4.66,5.2,4.66,4.8
IZEA,2013-03-18,5.0,5.3,4.9,5.0
IZEA,2013-03-19,5.2,5.28,5.2,5.28
IZEA,2013-03-20,5.28,5.88,5.28,5.64
IZEA,2013-03-21,5.64,6.0,5.2,5.2
IZEA,2013-03-22,5.4,5.76,5.06,5.06
IZEA,2013-03-25,5.7,6.5,5.3,5.3
IZEA,2013-03-26,5.4,7.2,5.4,7.0
IZEA,2013-03-27,7.0,10.3,7.0,9.0
IZEA,2013-03-28,9.86,10.2,9.2,9.2
IZEA,2013-04-01,10.0,10.0,6.6,6.64
IZEA,2013-04-02,7.8,8.0,5.7,7.0
IZEA,2013-04-03,6.6,6.6,5.6,6.2
IZEA,2013-04-04,6.2,7.0,6.2,7.0
IZEA,2013-04-05,7.0,7.0,6.2,6.2
IZEA,2013-04-08,5.8,7.0,5.8,7.0
IZEA,2013-04-09,6.0,7.6,5.8,5.8
IZEA,2013-04-10,5.8,7.0,5.8,7.0
IZEA,2013-04-11,6.0,7.0,6.0,7.0
IZEA,2013-04-12,6.0,6.5,6.0,6.5
IZEA,2013-04-15,6.0,6.2,6.0,6.2
IZEA,2013-04-16,6.2,6.2,6.2,6.2
IZEA,2013-04-17,5.8,6.2,5.6,6.0
IZEA,2013-04-18,5.8,5.86,5.7,5.7
IZEA,2013-04-19,5.8,5.8,5.8,5.8
IZEA,2013-04-22,5.9,6.4,5.6,6.4
IZEA,2013-04-23,6.4,6.4,5.8,5.8
IZEA,2013-04-24,5.6,6.0,5.6,6.0
IZEA,2013-04-25,6.0,6.0,5.6,5.6
IZEA,2013-04-26,5.6,5.6,5.4,5.4
IZEA,2013-04-29,5.2,5.2,5.2,5.2
IZEA,2013-04-30,5.2,5.26,4.8,5.0
IZEA,2013-05-01,5.0,5.0,5.0,5.0
IZEA,2013-05-02,5.0,5.0,5.0,5.0
IZEA,2013-05-03,5.0,5.0,4.6,4.6
IZEA,2013-05-06,4.56,4.8,4.0,4.1
IZEA,2013-05-07,4.1,4.8,4.1,4.8
IZEA,2013-05-08,4.2,4.4,4.0,4.0
IZEA,2013-05-09,5.02,5.02,4.0,4.58
IZEA,2013-05-10,4.0,4.2,4.0,4.02
IZEA,2013-05-13,4.2,4.6,4.0,4.2
IZEA,2013-05-14,4.2,4.2,4.2,4.2
IZEA,2013-05-15,4.0,4.0,4.0,4.0
IZEA,2013-05-16,4.0,4.0,4.0,4.0
IZEA,2013-05-17,4.0,5.8,4.0,5.4
IZEA,2013-05-20,5.4,5.4,5.4,5.4
IZEA,2013-05-21,5.0,5.0,4.2,4.88
IZEA,2013-05-22,4.88,5.0,4.88,5.0
IZEA,2013-05-23,5.0,5.0,5.0,5.0
IZEA,2013-05-24,5.0,5.0,5.0,5.0
IZEA,2013-05-28,5.0,5.0,5.0,5.0
IZEA,2013-05-29,5.0,5.0,5.0,5.0
IZEA,2013-05-30,4.0,4.0,4.0,4.0
IZEA,2013-05-31,4.0,4.0,4.0,4.0
IZEA,2013-06-03,4.0,4.0,4.0,4.0
IZEA,2013-06-04,3.2,4.6,3.2,3.2
IZEA,2013-06-05,4.6,4.6,3.6,3.6
IZEA,2013-06-06,3.8,3.8,3.8,3.8
IZEA,2013-06-07,4.4,4.4,3.9,3.9
IZEA,2013-06-10,3.9,3.9,3.9,3.9
IZEA,2013-06-11,3.9,4.6,3.3,4.5
IZEA,2013-06-12,4.5,4.5,4.5,4.5
IZEA,2013-06-13,4.5,4.5,4.5,4.5
IZEA,2013-06-14,4.8,4.8,4.8,4.8
IZEA,2013-06-17,3.8,4.8,3.8,4.8
IZEA,2013-06-18,5.0,5.96,5.0,5.96
IZEA,2013-06-19,6.0,6.0,5.8,5.8
IZEA,2013-06-20,4.2,4.4,4.2,4.4
IZEA,2013-06-21,6.0,6.4,6.0,6.4
IZEA,2013-06-24,6.4,6.4,6.4,6.4
IZEA,2013-06-25,6.4,6.4,6.4,6.4
IZEA,2013-06-26,6.4,6.4,6.4,6.4
IZEA,2013-06-27,6.4,7.2,5.32,5.32
IZEA,2013-06-28,5.32,5.32,5.32,5.32
IZEA,2013-07-01,5.44,6.02,5.0,5.0
IZEA,2013-07-02,5.2,5.2,5.2,5.2
IZEA,2013-07-03,5.2,5.2,5.2,5.2
IZEA,2013-07-05,5.2,5.2,5.2,5.2
IZEA,2013-07-08,5.2,5.2,5.2,5.2
IZEA,2013-07-09,5.2,5.2,5.2,5.2
IZEA,2013-07-10,5.2,5.2,4.8,5.2
IZEA,2013-07-11,5.6,6.8,5.2,6.6
IZEA,2013-07-12,5.2,7.98,5.2,6.4
IZEA,2013-07-15,5.4,5.4,5.4,5.4
IZEA,2013-07-16,5.4,8.8,5.2,7.62
IZEA,2013-07-17,5.4,7.0,5.4,5.8
IZEA,2013-07-18,7.0,7.0,5.8,5.8
IZEA,2013-07-19,5.8,5.8,5.8,5.8
IZEA,2013-07-22,7.0,7.0,7.0,7.0
IZEA,2013-07-23,7.0,7.0,7.0,7.0
IZEA,2013-07-24,8.0,8.0,8.0,8.0
IZEA,2013-07-25,5.4,7.0,5.2,5.2
IZEA,2013-07-26,6.0,6.0,6.0,6.0
IZEA,2013-07-29,6.2,7.48,6.2,6.2
IZEA,2013-07-30,7.48,7.48,6.8,6.8
IZEA,2013-07-31,6.8,6.8,6.8,6.8
IZEA,2013-08-01,6.0,6.0,6.0,6.0
IZEA,2013-08-02,6.0,6.4,6.0,6.4
IZEA,2013-08-05,7.3,7.8,6.6,6.6
IZEA,2013-08-06,6.6,6.6,6.6,6.6
IZEA,2013-08-07,6.4,6.4,6.4,6.4
IZEA,2013-08-08,6.4,6.4,6.4,6.4
IZEA,2013-08-09,6.4,7.7,6.4,7.7
IZEA,2013-08-12,6.6,6.6,6.6,6.6
IZEA,2013-08-13,7.6,8.0,6.0,8.0
IZEA,2013-08-14,7.0,7.0,7.0,7.0
IZEA,2013-08-15,7.0,7.8,7.0,7.0
IZEA,2013-08-16,7.8,7.8,7.2,7.8
IZEA,2013-08-19,7.2,7.8,7.2,7.4
IZEA,2013-08-20,7.0,7.4,7.0,7.4
IZEA,2013-08-21,7.4,7.8,7.4,7.8
IZEA,2013-08-22,7.8,7.8,6.0,6.0
IZEA,2013-08-23,6.02,7.6,6.0,7.6
IZEA,2013-08-26,7.4,7.6,7.4,7.6
IZEA,2013-08-27,7.6,7.6,7.6,7.6
IZEA,2013-08-28,7.6,7.6,7.6,7.6
IZEA,2013-08-29,7.6,7.6,7.6,7.6
IZEA,2013-08-30,7.0,7.0,6.6,6.6
IZEA,2013-09-03,7.1,7.1,6.4,7.0
IZEA,2013-09-04,7.0,7.0,7.0,7.0
IZEA,2013-09-05,7.3,7.3,7.0,7.0
IZEA,2013-09-06,6.7,7.2,6.7,7.2
IZEA,2013-09-09,7.2,7.2,6.0,6.0
IZEA,2013-09-10,6.2,6.8,5.6,6.8
IZEA,2013-09-11,6.6,6.6,5.6,5.6
IZEA,2013-09-12,6.6,6.8,6.6,6.8
IZEA,2013-09-13,7.3,7.6,7.2,7.3
IZEA,2013-09-16,7.3,7.4,5.8,5.8
IZEA,2013-09-17,6.8,6.8,5.6,6.4
IZEA,2013-09-18,5.6,7.8,5.6,7.4
IZEA,2013-09-19,7.4,7.4,7.2,7.4
IZEA,2013-09-20,7.3,7.3,7.3,7.3
IZEA,2013-09-23,7.3,7.3,7.3,7.3
IZEA,2013-09-24,7.4,7.6,7.0,7.0
IZEA,2013-09-25,7.0,7.6,6.6,7.6
IZEA,2013-09-26,7.6,7.6,6.4,6.4
IZEA,2013-09-27,7.0,7.04,7.0,7.0
IZEA,2013-09-30,6.8,6.8,6.6,6.6
IZEA,2013-10-01,6.6,7.7,6.6,7.6
IZEA,2013-10-02,6.8,7.2,6.8,7.2
IZEA,2013-10-03,6.4,7.0,6.4,7.0
IZEA,2013-10-04,7.0,7.5,6.4,7.5
IZEA,2013-10-07,6.62,7.5,6.62,7.5
IZEA,2013-10-08,7.5,7.5,6.4,7.3
IZEA,2013-10-09,7.3,7.3,7.3,7.3
IZEA,2013-10-10,6.12,6.9,5.9,6.6
IZEA,2013-10-11,6.9,7.6,6.9,7.6
IZEA,2013-10-14,7.6,7.6,7.4,7.6
IZEA,2013-10-15,6.8,6.8,6.8,6.8
IZEA,2013-10-16,6.4,6.4,6.4,6.4
IZEA,2013-10-17,7.6,7.6,7.4,7.4
IZEA,2013-10-18,7.6,7.6,7.3,7.3
IZEA,2013-10-21,7.3,7.56,7.3,7.56
IZEA,2013-10-22,6.28,7.6,6.28,7.6
IZEA,2013-10-23,6.2,7.0,6.2,7.0
IZEA,2013-10-24,7.0,7.0,7.0,7.0
IZEA,2013-10-25,8.0,8.0,7.2,8.0
IZEA,2013-10-28,7.2,7.6,6.6,7.58
IZEA,2013-10-29,7.5,7.7,7.5,7.7
IZEA,2013-10-30,6.6,6.62,6.6,6.62
IZEA,2013-10-31,7.0,7.6,7.0,7.6
IZEA,2013-11-01,7.6,7.6,6.4,6.8
IZEA,2013-11-04,6.4,7.0,6.4,6.6
IZEA,2013-11-05,7.0,7.0,7.0,7.0
IZEA,2013-11-06,7.0,8.6,7.0,8.56
IZEA,2013-11-07,8.2,8.54,7.2,7.2
IZEA,2013-11-08,7.0,7.6,6.6,7.0
IZEA,2013-11-11,7.4,7.4,6.7,7.0
IZEA,2013-11-12,7.4,7.4,7.0,7.0
IZEA,2013-11-13,7.4,7.8,7.0,7.4
IZEA,2013-11-14,7.78,7.8,7.0,7.6
IZEA,2013-11-15,7.7,7.8,6.6,7.4
IZEA,2013-11-18,6.8,7.0,6.0,6.3
IZEA,2013-11-19,6.56,6.56,6.1,6.4
IZEA,2013-11-20,6.0,6.0,5.4,6.0
IZEA,2013-11-21,5.8,7.0,5.8,6.4
IZEA,2013-11-22,6.8,6.8,6.2,6.2
IZEA,2013-11-25,6.22,6.22,5.02,6.0
IZEA,2013-11-26,5.96,6.78,5.72,6.0
IZEA,2013-11-27,5.8,6.3,5.7,5.7
IZEA,2013-11-29,5.7,5.7,5.7,5.7
IZEA,2013-12-02,5.7,5.7,5.7,5.7
IZEA,2013-12-03,5.8,5.8,5.0,5.4
IZEA,2013-12-04,5.0,5.4,5.0,5.4
IZEA,2013-12-05,5.2,5.6,5.2,5.2
IZEA,2013-12-06,5.4,5.7,5.4,5.7
IZEA,2013-12-09,5.6,5.8,5.6,5.8
IZEA,2013-12-10,5.8,5.8,5.8,5.8
IZEA,2013-12-11,5.8,6.9,5.8,6.8
IZEA,2013-12-12,6.8,7.0,6.8,7.0
IZEA,2013-12-13,7.0,7.0,6.1,7.0
IZEA,2013-12-16,7.0,7.0,6.4,6.6
IZEA,2013-12-17,6.4,6.4,6.0,6.0
IZEA,2013-12-18,5.6,5.6,5.0,5.6
IZEA,2013-12-19,5.2,7.0,5.2,7.0
IZEA,2013-12-20,5.6,6.6,5.6,6.6
IZEA,2013-12-23,5.6,6.6,5.6,6.6
IZEA,2013-12-24,5.62,6.6,5.62,6.6
IZEA,2013-12-26,6.6,6.6,5.74,6.2
IZEA,2013-12-27,6.2,6.2,5.8,5.8
IZEA,2013-12-30,5.84,6.6,5.84,6.6
IZEA,2013-12-31,6.02,6.4,6.02,6.02
IZEA,2014-01-02,6.02,6.02,6.02,6.02
IZEA,2014-01-03,5.64,6.18,5.64,6.18
IZEA,2014-01-06,6.18,6.18,6.18,6.18
IZEA,2014-01-07,6.58,6.58,6.4,6.4
IZEA,2014-01-08,5.8,6.2,5.8,6.0
IZEA,2014-01-09,6.4,6.6,6.0,6.6
IZEA,2014-01-10,6.6,6.7,6.44,6.5
IZEA,2014-01-13,6.5,6.5,6.44,6.44
IZEA,2014-01-14,6.6,6.6,6.5,6.5
IZEA,2014-01-15,6.8,7.0,6.6,6.6
IZEA,2014-01-16,7.0,7.0,7.0,7.0
IZEA,2014-01-17,7.0,7.0,6.7,6.7
IZEA,2014-01-21,7.0,7.3,6.9,7.2
IZEA,2014-01-22,7.2,7.2,7.2,7.2
IZEA,2014-01-23,7.3,7.3,7.12,7.12
IZEA,2014-01-24,7.3,7.3,7.0,7.3
IZEA,2014-01-27,7.0,7.0,7.0,7.0
IZEA,2014-01-28,7.0,7.3,7.0,7.28
IZEA,2014-01-29,7.3,8.1,7.2,7.6
IZEA,2014-01-30,7.6,8.18,7.4,8.0
IZEA,2014-01-31,7.6,7.9,7.4,7.4
IZEA,2014-02-03,7.4,7.4,6.9,7.0
IZEA,2014-02-04,7.5,8.0,7.0,7.58
IZEA,2014-02-05,7.58,7.6,7.0,7.2
IZEA,2014-02-06,8.0,8.0,6.9,6.92
IZEA,2014-02-07,7.6,7.6,7.4,7.5
IZEA,2014-02-10,7.4,10.0,7.4,9.2
IZEA,2014-02-11,9.2,13.4,9.2,13.2
IZEA,2014-02-12,13.0,13.0,8.64,10.8
IZEA,2014-02-13,11.4,12.7,10.8,11.7
IZEA,2014-02-14,12.6,15.2,11.2,13.5
IZEA,2014-02-18,13.1,13.1,12.0,12.0
IZEA,2014-02-19,12.0,12.4,11.6,12.2
IZEA,2014-02-20,11.6,12.5,11.6,11.6
IZEA,2014-02-21,13.6,13.6,11.6,11.7
IZEA,2014-02-24,11.8,13.0,11.7,11.7
IZEA,2014-02-25,11.0,12.0,11.0,11.2
IZEA,2014-02-26,11.2,11.2,10.6,11.0
IZEA,2014-02-27,10.9,10.9,8.6,9.0
IZEA,2014-02-28,9.2,10.6,9.2,9.6
IZEA,2014-03-03,10.2,10.9,9.3,10.2
IZEA,2014-03-04,9.3,9.8,9.2,9.2
IZEA,2014-03-05,9.2,10.62,9.2,10.4
IZEA,2014-03-06,10.4,11.5,9.9,9.9
IZEA,2014-03-07,9.4,10.2,9.4,10.2
IZEA,2014-03-10,9.8,10.3,9.8,9.8
IZEA,2014-03-11,9.4,9.8,9.4,9.5
IZEA,2014-03-12,11.0,11.0,9.8,9.8
IZEA,2014-03-13,10.38,10.38,9.7,9.9
IZEA,2014-03-14,9.8,9.9,9.7,9.9
IZEA,2014-03-17,10.2,10.2,9.2,9.2
IZEA,2014-03-18,9.3,9.9,9.0,9.9
IZEA,2014-03-19,9.7,9.7,9.7,9.7
IZEA,2014-03-20,9.7,9.7,9.7,9.7
IZEA,2014-03-21,10.0,11.5,9.6,11.4
IZEA,2014-03-24,11.0,11.8,10.2,10.8
IZEA,2014-03-25,11.2,12.0,10.92,12.0
IZEA,2014-03-26,12.0,12.0,10.0,10.6
IZEA,2014-03-27,9.0,10.8,9.0,10.0
IZEA,2014-03-28,10.8,10.8,9.98,10.0
IZEA,2014-03-31,10.4,10.4,9.8,10.4
IZEA,2014-04-01,10.38,10.4,9.6,10.4
IZEA,2014-04-02,9.8,10.2,9.72,10.2
IZEA,2014-04-03,9.72,10.0,9.0,9.8
IZEA,2014-04-04,9.8,9.9,9.02,9.1
IZEA,2014-04-07,9.2,9.6,8.6,8.6
IZEA,2014-04-08,8.6,8.6,8.46,8.5
IZEA,2014-04-09,9.16,9.24,9.0,9.1
IZEA,2014-04-10,8.66,9.0,8.66,8.66
IZEA,2014-04-11,8.66,8.9,8.5,8.9
IZEA,2014-04-14,8.42,8.42,8.2,8.2
IZEA,2014-04-15,8.3,8.4,8.2,8.3
IZEA,2014-04-16,8.2,8.4,8.2,8.4
IZEA,2014-04-17,8.4,9.2,8.4,8.9
IZEA,2014-04-21,9.0,9.9,8.8,9.9
IZEA,2014-04-22,10.0,10.7,10.0,10.6
IZEA,2014-04-23,10.5,10.5,9.8,10.2
IZEA,2014-04-24,10.4,11.4,10.4,11.4
IZEA,2014-04-25,11.4,11.4,10.8,11.34
IZEA,2014-04-28,11.0,11.0,10.8,10.8
IZEA,2014-04-29,10.8,11.4,10.04,10.4
IZEA,2014-04-30,10.46,10.66,10.2,10.6
IZEA,2014-05-01,10.6,10.6,10.6,10.6
IZEA,2014-05-02,10.7,10.7,9.96,10.1
IZEA,2014-05-05,10.1,10.1,10.1,10.1
IZEA,2014-05-06,10.1,10.1,10.1,10.1
IZEA,2014-05-07,10.3,10.5,10.1,10.4
IZEA,2014-05-08,9.6,10.6,9.6,10.6
IZEA,2014-05-09,9.64,9.64,9.64,9.64
IZEA,2014-05-12,9.6,9.6,9.6,9.6
IZEA,2014-05-13,9.6,9.8,9.6,9.6
IZEA,2014-05-14,9.5,10.2,9.5,10.2
IZEA,2014-05-15,10.7,10.7,9.8,10.2
IZEA,2014-05-16,9.5,10.8,9.2,10.8
IZEA,2014-05-19,11.0,11.0,10.2,10.2
IZEA,2014-05-20,10.2,10.2,10.2,10.2
IZEA,2014-05-21,9.4,10.2,9.2,9.2
IZEA,2014-05-22,10.96,11.78,9.9,11.0
IZEA,2014-05-23,10.0,13.2,10.0,10.8
IZEA,2014-05-27,11.56,13.02,11.0,12.16
IZEA,2014-05-28,12.3,13.0,11.2,12.2
IZEA,2014-05-29,11.4,12.6,11.4,11.4
IZEA,2014-05-30,11.4,11.6,10.4,11.2
IZEA,2014-06-02,11.0,11.2,9.6,9.8
IZEA,2014-06-03,9.8,10.0,9.2,9.2
IZEA,2014-06-04,9.2,9.8,9.2,9.6
IZEA,2014-06-05,9.2,9.8,9.2,9.8
IZEA,2014-06-06,9.8,9.8,9.2,9.5
IZEA,2014-06-09,9.8,9.8,9.2,9.2
IZEA,2014-06-10,9.7,9.7,9.7,9.7
IZEA,2014-06-11,9.5,9.8,9.4,9.5
IZEA,2014-06-12,9.6,9.6,9.6,9.6
IZEA,2014-06-13,9.3,9.5,9.22,9.4
IZEA,2014-06-16,9.4,9.4,9.38,9.38
IZEA,2014-06-17,9.38,9.38,9.2,9.2
IZEA,2014-06-18,9.16,9.18,9.0,9.0
IZEA,2014-06-19,8.66,9.4,8.66,9.0
IZEA,2014-06-20,9.3,9.4,9.3,9.4
IZEA,2014-06-23,9.6,9.6,9.3,9.4
IZEA,2014-06-24,9.4,9.4,9.4,9.4
IZEA,2014-06-25,9.3,9.3,9.2,9.2
IZEA,2014-06-26,9.2,9.2,9.1,9.2
IZEA,2014-06-27,9.3,9.6,9.3,9.6
IZEA,2014-06-30,9.8,9.8,8.96,8.96
IZEA,2014-07-01,8.96,9.8,8.96,9.2
IZEA,2014-07-02,9.8,10.0,9.6,10.0
IZEA,2014-07-03,10.2,10.2,9.8,9.8
IZEA,2014-07-07,9.7,10.0,9.6,9.6
IZEA,2014-07-08,9.56,9.56,9.46,9.46
IZEA,2014-07-09,10.0,10.0,9.5,9.66
IZEA,2014-07-10,9.6,9.8,9.5,9.8
IZEA,2014-07-11,9.6,9.7,9.2,9.52
IZEA,2014-07-14,9.52,9.6,9.46,9.46
IZEA,2014-07-15,9.6,9.8,9.3,9.8
IZEA,2014-07-16,9.8,10.0,9.3,9.6
IZEA,2014-07-17,9.44,9.46,9.4,9.4
IZEA,2014-07-18,9.4,9.4,9.3,9.3
IZEA,2014-07-21,9.6,9.6,9.6,9.6
IZEA,2014-07-22,9.4,9.6,9.3,9.4
IZEA,2014-07-23,9.6,9.6,9.3,9.5
IZEA,2014-07-24,9.5,9.5,9.4,9.4
IZEA,2014-07-25,9.4,9.4,9.4,9.4
IZEA,2014-07-28,9.3,9.46,9.3,9.46
IZEA,2014-07-29,9.4,9.4,9.0,9.0
IZEA,2014-07-30,9.0,9.1,8.0,9.0
IZEA,2014-07-31,8.86,8.86,8.06,8.4
IZEA,2014-08-01,8.2,8.3,8.0,8.2
IZEA,2014-08-04,8.2,8.2,8.0,8.0
IZEA,2014-08-05,8.0,8.0,7.6,7.6
IZEA,2014-08-06,7.9,8.2,7.6,8.02
IZEA,2014-08-07,8.16,9.0,8.16,8.9
IZEA,2014-08-08,8.66,9.0,8.6,9.0
IZEA,2014-08-11,8.9,8.9,8.38,8.8
IZEA,2014-08-12,8.46,8.46,8.46,8.46
IZEA,2014-08-13,8.8,8.8,8.6,8.6
IZEA,2014-08-14,8.5,8.5,7.58,8.4
IZEA,2014-08-15,8.2,8.2,7.5,7.6
IZEA,2014-08-18,8.4,8.4,7.4,7.46
IZEA,2014-08-19,7.2,8.1,7.2,7.6
IZEA,2014-08-20,8.0,8.1,7.9,8.0
IZEA,2014-08-21,7.66,7.66,7.6,7.6
IZEA,2014-08-22,8.0,8.1,7.66,8.0
IZEA,2014-08-25,7.96,8.0,7.9,8.0
IZEA,2014-08-26,7.92,7.92,7.8,7.8
IZEA,2014-08-27,7.8,8.1,7.8,8.1
IZEA,2014-08-28,8.0,8.0,8.0,8.0
IZEA,2014-08-29,8.0,8.0,7.6,7.6
IZEA,2014-09-02,7.2,8.0,7.2,7.26
IZEA,2014-09-03,7.4,7.8,7.1,7.8
IZEA,2014-09-04,7.8,7.8,7.4,7.4
IZEA,2014-09-05,7.4,8.0,7.4,7.78
IZEA,2014-09-08,7.4,7.5,6.44,7.36
IZEA,2014-09-09,7.3,7.3,7.3,7.3
IZEA,2014-09-10,6.6,7.3,6.48,7.0
IZEA,2014-09-11,7.2,7.4,7.0,7.2
IZEA,2014-09-12,7.06,7.4,7.06,7.4
IZEA,2014-09-15,7.22,7.4,6.82,7.4
IZEA,2014-09-16,7.4,7.4,7.0,7.4
IZEA,2014-09-17,7.4,7.4,7.4,7.4
IZEA,2014-09-18,7.4,7.4,7.4,7.4
IZEA,2014-09-19,7.2,7.4,6.98,7.4
IZEA,2014-09-22,6.4,7.4,6.4,7.0
IZEA,2014-09-23,7.4,7.4,7.0,7.4
IZEA,2014-09-24,7.0,7.4,7.0,7.4
IZEA,2014-09-25,7.0,7.2,7.0,7.0
IZEA,2014-09-26,7.0,7.0,7.0,7.0
IZEA,2014-09-29,7.4,8.6,7.18,7.3
IZEA,2014-09-30,7.3,7.6,7.3,7.4
IZEA,2014-10-01,7.4,7.4,7.0,7.4
IZEA,2014-10-02,7.4,7.4,7.0,7.0
IZEA,2014-10-03,7.0,7.4,7.0,7.4
IZEA,2014-10-06,7.0,7.1,6.42,6.8
IZEA,2014-10-07,6.8,7.0,6.2,7.0
IZEA,2014-10-08,6.4,7.4,6.4,7.4
IZEA,2014-10-09,6.4,6.4,6.14,6.2
IZEA,2014-10-10,6.0,6.0,5.4,5.9
IZEA,2014-10-13,5.9,6.0,5.8,5.8
IZEA,2014-10-14,6.0,6.4,6.0,6.0
IZEA,2014-10-15,6.0,6.0,6.0,6.0
IZEA,2014-10-16,6.1,6.1,6.1,6.1
IZEA,2014-10-17,6.0,6.0,6.0,6.0
IZEA,2014-10-20,5.4,7.4,5.4,6.0
IZEA,2014-10-21,6.0,7.0,5.58,7.0
IZEA,2014-10-22,6.8,6.8,6.8,6.8
IZEA,2014-10-23,6.8,6.8,6.8,6.8
IZEA,2014-10-24,6.8,6.8,6.6,6.6
IZEA,2014-10-27,6.16,6.16,5.8,5.8
IZEA,2014-10-28,5.8,7.0,5.46,6.3
IZEA,2014-10-29,6.2,6.2,5.42,6.0
IZEA,2014-10-30,6.2,6.6,5.8,6.6
IZEA,2014-10-31,6.2,6.4,5.9,6.4
IZEA,2014-11-03,6.4,6.4,6.0,6.0
IZEA,2014-11-04,6.0,6.0,6.0,6.0
IZEA,2014-11-05,5.9,5.9,5.64,5.9
IZEA,2014-11-06,5.9,5.9,5.9,5.9
IZEA,2014-11-07,5.9,5.9,5.9,5.9
IZEA,2014-11-10,5.9,6.38,5.8,6.38
IZEA,2014-11-11,5.42,6.0,5.42,6.0
IZEA,2014-11-12,6.0,6.0,5.58,6.0
IZEA,2014-11-13,6.0,6.0,5.42,6.0
IZEA,2014-11-14,5.6,5.6,5.4,5.4
IZEA,2014-11-17,5.2,5.2,5.0,5.0
IZEA,2014-11-18,5.0,5.06,4.4,5.0
IZEA,2014-11-19,4.92,5.9,4.82,5.9
IZEA,2014-11-20,5.32,5.38,4.6,4.88
IZEA,2014-11-21,4.8,4.8,4.6,4.8
IZEA,2014-11-24,4.8,5.1,4.8,5.1
IZEA,2014-11-25,5.0,5.42,4.8,5.4
IZEA,2014-11-26,4.74,5.3,4.74,5.3
IZEA,2014-11-28,5.3,5.3,5.3,5.3
IZEA,2014-12-01,5.1,5.1,5.1,5.1
IZEA,2014-12-02,5.2,5.2,4.96,5.2
IZEA,2014-12-03,4.92,5.1,4.7,5.1
IZEA,2014-12-04,4.6,4.7,4.04,4.5
IZEA,2014-12-05,4.5,4.58,4.4,4.58
IZEA,2014-12-08,4.1,4.4,3.4,4.36
IZEA,2014-12-09,3.6,4.3,3.6,4.0
IZEA,2014-12-10,4.0,4.0,3.88,4.0
IZEA,2014-12-11,4.0,4.0,3.2,4.0
IZEA,2014-12-12,4.0,4.0,3.8,3.8
IZEA,2014-12-15,3.6,3.8,3.4,3.8
IZEA,2014-12-16,3.6,3.8,3.6,3.8
IZEA,2014-12-17,3.8,3.9,3.4,3.9
IZEA,2014-12-18,4.5,4.8,4.0,4.6
IZEA,2014-12-19,4.6,4.6,3.7,4.4
IZEA,2014-12-22,4.56,4.56,3.96,4.5
IZEA,2014-12-23,4.5,4.8,3.9,4.8
IZEA,2014-12-24,4.5,4.8,4.5,4.8
IZEA,2014-12-26,5.2,5.2,3.96,5.2
IZEA,2014-12-29,5.26,5.26,4.68,5.2
IZEA,2014-12-30,4.4,5.4,4.4,5.4
IZEA,2014-12-31,4.4,5.6,4.4,5.6
IZEA,2015-01-02,5.6,5.6,5.6,5.6
IZEA,2015-01-05,5.5,5.5,5.5,5.5
IZEA,2015-01-06,5.5,5.5,3.96,5.0
IZEA,2015-01-07,4.6,5.0,4.58,5.0
IZEA,2015-01-08,4.9,5.8,4.9,5.6
IZEA,2015-01-09,5.6,5.8,5.4,5.4
IZEA,2015-01-12,5.6,5.6,5.0,5.04
IZEA,2015-01-13,5.4,5.4,5.4,5.4
IZEA,2015-01-14,5.4,5.4,5.0,5.4
IZEA,2015-01-15,5.4,5.4,4.12,5.4
IZEA,2015-01-16,4.66,5.44,4.6,4.6
IZEA,2015-01-20,4.42,5.0,4.42,4.9
IZEA,2015-01-21,4.8,7.0,4.4,5.4
IZEA,2015-01-22,4.9,5.6,4.9,5.2
IZEA,2015-01-23,5.2,5.2,5.2,5.2
IZEA,2015-01-26,5.4,5.8,5.0,5.2
IZEA,2015-01-27,5.4,5.9,5.0,5.6
IZEA,2015-01-28,5.4,6.02,5.2,5.2
IZEA,2015-01-29,5.9,6.0,5.2,5.8
IZEA,2015-01-30,6.0,6.1,5.6,6.0
IZEA,2015-02-02,6.0,6.08,5.84,6.0
IZEA,2015-02-03,6.6,6.6,6.02,6.3
IZEA,2015-02-04,6.3,6.4,6.2,6.2
IZEA,2015-02-05,6.38,6.4,6.16,6.4
IZEA,2015-02-06,6.4,6.4,6.2,6.4
IZEA,2015-02-09,6.6,6.7,6.4,6.5
IZEA,2015-02-10,6.4,6.4,6.04,6.32
IZEA,2015-02-11,6.24,6.24,6.04,6.2
IZEA,2015-02-12,6.04,6.32,6.04,6.32
IZEA,2015-02-13,6.32,6.32,6.32,6.32
IZEA,2015-02-17,6.48,6.48,6.1,6.48
IZEA,2015-02-18,6.48,6.48,6.0,6.2
IZEA,2015-02-19,6.0,6.6,6.0,6.0
IZEA,2015-02-20,6.0,6.0,6.0,6.0
IZEA,2015-02-23,6.0,6.0,5.7,6.0
IZEA,2015-02-24,6.0,6.0,6.0,6.0
IZEA,2015-02-25,6.0,6.0,5.9,5.9
IZEA,2015-02-26,6.0,6.76,6.0,6.0
IZEA,2015-02-27,6.0,6.0,6.0,6.0
IZEA,2015-03-02,7.0,7.0,5.6,6.0
IZEA,2015-03-03,6.0,6.0,6.0,6.0
IZEA,2015-03-04,6.0,6.1,6.0,6.0
IZEA,2015-03-05,6.0,6.96,6.0,6.96
IZEA,2015-03-06,6.96,6.96,5.5,6.96
IZEA,2015-03-09,6.94,6.94,6.1,6.6
IZEA,2015-03-10,6.6,7.0,6.5,6.9
IZEA,2015-03-11,6.9,6.9,6.42,6.8
IZEA,2015-03-12,6.8,6.8,6.0,6.4
IZEA,2015-03-13,6.4,6.9,6.2,6.88
IZEA,2015-03-16,7.0,7.0,7.0,7.0
IZEA,2015-03-17,6.0,7.0,6.0,7.0
IZEA,2015-03-18,7.0,7.0,6.5,6.9
IZEA,2015-03-19,6.8,6.8,6.2,6.4
IZEA,2015-03-20,6.4,7.38,6.4,7.0
IZEA,2015-03-23,7.2,7.38,6.7,7.38
IZEA,2015-03-24,7.38,7.38,7.0,7.38
IZEA,2015-03-25,7.36,7.36,7.0,7.18
IZEA,2015-03-26,7.18,7.4,6.62,7.4
IZEA,2015-03-27,8.0,8.0,7.0,7.4
IZEA,2015-03-30,7.4,7.4,6.8,7.2
IZEA,2015-03-31,7.2,8.0,7.12,8.0
IZEA,2015-04-01,7.8,7.8,7.8,7.8
IZEA,2015-04-02,8.0,8.0,7.4,7.4
IZEA,2015-04-06,8.0,8.0,7.4,7.8
IZEA,2015-04-07,7.8,7.8,7.2,7.6
IZEA,2015-04-08,7.8,8.0,7.18,7.7
IZEA,2015-04-09,7.7,7.7,7.4,7.4
IZEA,2015-04-10,7.7,8.0,7.4,7.4
IZEA,2015-04-13,7.6,7.6,7.6,7.6
IZEA,2015-04-14,8.0,8.0,7.4,7.4
IZEA,2015-04-15,7.5,7.5,7.1,7.4
IZEA,2015-04-16,7.4,7.4,7.04,7.4
IZEA,2015-04-17,7.4,7.4,7.22,7.4
IZEA,2015-04-20,7.4,7.6,7.04,7.2
IZEA,2015-04-21,7.6,7.6,7.28,7.5
IZEA,2015-04-22,7.6,9.4,7.5,9.4
IZEA,2015-04-23,9.2,9.2,7.3,8.7
IZEA,2015-04-24,9.0,9.0,7.5,8.0
IZEA,2015-04-27,8.0,8.2,7.24,8.0
IZEA,2015-04-28,8.0,8.0,7.6,7.8
IZEA,2015-04-29,7.8,8.0,7.8,8.0
IZEA,2015-04-30,8.0,8.0,8.0,8.0
IZEA,2015-05-01,7.98,7.98,7.9,7.9
IZEA,2015-05-04,7.96,8.8,7.4,8.8
IZEA,2015-05-05,8.78,8.8,7.06,8.8
IZEA,2015-05-06,9.0,9.0,8.0,8.4
IZEA,2015-05-07,9.0,9.0,8.0,8.4
IZEA,2015-05-08,9.0,9.0,8.2,8.6
IZEA,2015-05-11,8.8,8.8,8.6,8.8
IZEA,2015-05-12,10.0,10.0,8.6,8.6
IZEA,2015-05-13,8.8,8.8,7.4,8.8
IZEA,2015-05-14,8.8,9.0,8.6,8.8
IZEA,2015-05-15,9.0,10.0,8.4,9.6
IZEA,2015-05-18,9.98,10.0,9.5,9.5
IZEA,2015-05-19,9.2,9.78,9.2,9.78
IZEA,2015-05-20,9.4,9.78,9.4,9.4
IZEA,2015-05-21,9.38,10.0,9.38,9.5
IZEA,2015-05-22,10.0,10.0,9.0,9.8
IZEA,2015-05-26,9.8,10.0,9.5,10.0
IZEA,2015-05-27,10.0,10.02,9.9,10.0
IZEA,2015-05-28,10.0,10.2,9.6,10.0
IZEA,2015-05-29,10.0,10.0,9.6,10.0
IZEA,2015-06-01,10.0,10.0,9.6,9.6
IZEA,2015-06-02,9.6,9.8,9.24,9.8
IZEA,2015-06-03,9.2,9.8,9.2,9.4
IZEA,2015-06-04,9.6,9.6,9.1,9.1
IZEA,2015-06-05,9.6,9.6,9.1,9.2
IZEA,2015-06-08,9.2,9.6,9.2,9.6
IZEA,2015-06-09,9.2,9.6,8.4,9.0
IZEA,2015-06-10,9.6,9.6,9.2,9.6
IZEA,2015-06-11,9.6,9.6,9.2,9.4
IZEA,2015-06-12,9.4,9.5,9.0,9.5
IZEA,2015-06-15,9.6,9.6,9.1,9.6
IZEA,2015-06-16,9.6,9.6,9.0,9.0
IZEA,2015-06-17,9.6,9.6,9.6,9.6
IZEA,2015-06-18,8.62,9.6,8.62,9.2
IZEA,2015-06-19,9.6,9.6,8.62,9.6
IZEA,2015-06-22,9.2,9.6,7.8,9.1
IZEA,2015-06-23,9.1,9.1,8.6,8.6
IZEA,2015-06-24,9.1,9.1,8.5,8.9
IZEA,2015-06-25,8.9,8.9,8.4,8.44
IZEA,2015-06-26,8.7,8.9,7.44,8.9
IZEA,2015-06-29,8.8,8.9,7.6,7.84
IZEA,2015-06-30,7.84,8.4,7.8,8.4
IZEA,2015-07-01,8.4,8.4,8.4,8.4
IZEA,2015-07-02,8.4,8.4,7.4,8.0
IZEA,2015-07-06,7.98,9.2,7.98,8.6
IZEA,2015-07-07,8.8,8.8,8.4,8.4
IZEA,2015-07-08,7.72,8.3,7.6,8.0
IZEA,2015-07-09,7.96,7.96,7.4,7.74
IZEA,2015-07-10,7.74,7.8,7.22,7.4
IZEA,2015-07-13,7.5,7.8,7.0,7.5
IZEA,2015-07-14,7.78,7.78,7.4,7.4
IZEA,2015-07-15,7.8,7.9,7.0,7.4
IZEA,2015-07-16,7.6,7.6,7.6,7.6
IZEA,2015-07-17,8.0,8.0,7.0,8.0
IZEA,2015-07-20,7.8,8.0,7.6,7.6
IZEA,2015-07-21,8.6,8.6,7.2,7.24
IZEA,2015-07-22,7.2,7.8,7.0,7.8
IZEA,2015-07-23,7.1,7.4,6.82,7.2
IZEA,2015-07-24,7.1,7.4,6.44,7.4
IZEA,2015-07-27,7.2,7.2,6.54,6.8
IZEA,2015-07-28,6.8,7.4,6.8,7.3
IZEA,2015-07-29,7.7,7.7,7.16,7.4
IZEA,2015-07-30,7.4,7.4,7.4,7.4
IZEA,2015-07-31,7.1,7.8,7.0,7.04
IZEA,2015-08-03,7.2,7.4,7.0,7.4
IZEA,2015-08-04,7.4,7.4,7.4,7.4
IZEA,2015-08-05,7.0,7.54,7.0,7.4
IZEA,2015-08-06,7.2,7.2,6.96,7.0
IZEA,2015-08-07,7.0,7.4,6.98,7.4
IZEA,2015-08-10,7.58,7.58,7.4,7.4
IZEA,2015-08-11,6.5,7.2,6.5,7.2
IZEA,2015-08-12,7.1,7.1,6.8,6.8
IZEA,2015-08-13,8.0,9.0,7.1,7.8
IZEA,2015-08-14,6.4,8.4,6.4,8.4
IZEA,2015-08-17,8.8,8.8,7.6,8.6
IZEA,2015-08-18,8.6,9.6,8.0,8.6
IZEA,2015-08-19,9.4,9.4,8.2,8.8
IZEA,2015-08-20,8.56,8.8,8.0,8.5
IZEA,2015-08-21,8.5,8.5,7.8,7.8
IZEA,2015-08-24,8.5,8.5,7.9,7.9
IZEA,2015-08-25,8.38,8.4,8.2,8.2
IZEA,2015-08-26,8.6,8.6,8.2,8.6
IZEA,2015-08-27,8.6,8.6,8.6,8.6
IZEA,2015-08-28,8.2,8.6,8.1,8.6
IZEA,2015-08-31,8.6,8.6,8.1,8.4
IZEA,2015-09-01,8.1,8.1,7.6,8.0
IZEA,2015-09-02,7.9,8.0,7.62,8.0
IZEA,2015-09-03,8.0,8.0,8.0,8.0
IZEA,2015-09-04,8.0,8.0,8.0,8.0
IZEA,2015-09-08,8.0,8.0,8.0,8.0
IZEA,2015-09-09,8.0,8.0,8.0,8.0
IZEA,2015-09-10,7.22,8.4,7.22,8.4
IZEA,2015-09-11,7.8,8.58,7.78,7.8
IZEA,2015-09-14,7.8,7.8,7.8,7.8
IZEA,2015-09-15,7.76,8.0,7.6,7.6
IZEA,2015-09-16,7.6,8.0,7.6,8.0
IZEA,2015-09-17,8.0,8.04,8.0,8.0
IZEA,2015-09-18,7.76,7.8,7.76,7.76
IZEA,2015-09-21,8.38,8.38,8.2,8.2
IZEA,2015-09-22,8.6,8.6,7.8,8.0
IZEA,2015-09-23,8.0,8.2,8.0,8.2
IZEA,2015-09-24,8.2,8.2,8.0,8.0
IZEA,2015-09-25,7.7,8.58,7.64,8.0
IZEA,2015-09-28,7.98,8.3,7.8,7.8
IZEA,2015-09-29,8.0,8.4,7.8,7.8
IZEA,2015-09-30,8.4,8.4,8.4,8.4
IZEA,2015-10-01,8.2,9.6,7.8,7.9
IZEA,2015-10-02,7.6,8.2,7.6,8.0
IZEA,2015-10-05,8.0,8.28,8.0,8.28
IZEA,2015-10-06,8.0,8.16,8.0,8.0
IZEA,2015-10-07,7.98,9.0,7.96,8.5
IZEA,2015-10-08,8.4,9.9,8.2,8.2
IZEA,2015-10-09,9.0,9.6,8.4,9.0
IZEA,2015-10-12,9.8,9.8,8.36,8.36
IZEA,2015-10-13,8.58,9.7,8.58,9.7
IZEA,2015-10-14,9.8,9.8,8.66,8.66
IZEA,2015-10-15,8.8,8.8,8.6,8.6
IZEA,2015-10-16,8.8,8.8,8.8,8.8
IZEA,2015-10-19,8.8,8.8,8.3,8.4
IZEA,2015-10-20,8.8,8.8,8.3,8.3
IZEA,2015-10-21,8.8,8.8,8.8,8.8
IZEA,2015-10-22,8.54,8.54,8.54,8.54
IZEA,2015-10-23,8.8,8.8,8.5,8.8
IZEA,2015-10-26,8.8,9.0,7.9,9.0
IZEA,2015-10-27,9.0,9.0,8.4,8.4
IZEA,2015-10-28,9.0,9.0,8.4,8.6
IZEA,2015-10-29,9.2,11.8,8.0,8.4
IZEA,2015-10-30,8.2,8.4,7.9,8.2
IZEA,2015-11-02,8.4,8.4,8.34,8.4
IZEA,2015-11-03,8.8,8.8,8.34,8.4
IZEA,2015-11-04,8.34,8.34,8.2,8.2
IZEA,2015-11-05,8.2,8.34,7.8,8.2
IZEA,2015-11-06,8.2,8.4,7.8,8.4
IZEA,2015-11-09,8.2,8.2,8.2,8.2
IZEA,2015-11-10,8.4,8.4,8.4,8.4
IZEA,2015-11-11,8.0,8.4,7.8,8.2
IZEA,2015-11-12,7.8,7.8,7.8,7.8
IZEA,2015-11-13,7.8,8.8,7.8,8.1
IZEA,2015-11-16,8.2,9.0,8.2,8.8
IZEA,2015-11-17,9.0,9.0,7.8,8.56
IZEA,2015-11-18,7.8,8.4,7.8,8.2
IZEA,2015-11-19,8.2,8.2,7.8,8.2
IZEA,2015-11-20,7.8,8.5,7.2,7.6
IZEA,2015-11-23,7.7,8.04,7.7,7.86
IZEA,2015-11-24,8.02,8.2,7.4,8.2
IZEA,2015-11-25,8.2,8.2,7.4,7.8
IZEA,2015-11-27,8.2,8.2,7.7,8.0
IZEA,2015-11-30,7.8,8.4,7.8,7.84
IZEA,2015-12-01,8.08,8.08,7.4,8.0
IZEA,2015-12-02,8.0,8.04,7.6,7.6
IZEA,2015-12-03,7.6,7.7,7.3,7.4
IZEA,2015-12-04,7.5,8.4,7.5,8.4
IZEA,2015-12-07,8.2,8.2,7.4,8.2
IZEA,2015-12-08,8.0,8.0,7.38,7.8
IZEA,2015-12-09,7.8,8.0,7.8,8.0
IZEA,2015-12-10,8.0,8.04,8.0,8.0
IZEA,2015-12-11,7.02,8.2,7.02,7.8
IZEA,2015-12-14,8.2,8.2,8.0,8.0
IZEA,2015-12-15,8.14,8.14,8.14,8.14
IZEA,2015-12-16,8.2,8.2,7.44,7.8
IZEA,2015-12-17,7.0,7.6,7.0,7.3
IZEA,2015-12-18,8.0,8.0,7.2,7.26
IZEA,2015-12-21,7.2,7.8,7.2,7.36
IZEA,2015-12-22,7.2,7.4,6.4,7.4
IZEA,2015-12-23,7.4,7.4,6.7,7.1
IZEA,2015-12-24,7.1,7.1,7.1,7.1
IZEA,2015-12-28,7.1,7.34,6.6,6.8
IZEA,2015-12-29,7.34,7.34,6.84,7.34
IZEA,2015-12-30,6.84,7.2,6.84,7.0
IZEA,2015-12-31,7.16,8.2,7.16,7.66
IZEA,2016-01-04,7.84,8.4,7.8,8.4
IZEA,2016-01-05,8.4,8.4,8.2,8.2
IZEA,2016-01-06,8.4,8.4,7.8,8.2
IZEA,2016-01-07,8.3,8.4,7.78,8.0
IZEA,2016-01-08,7.56,8.0,7.02,7.5
IZEA,2016-01-11,7.5,7.5,7.5,7.5
IZEA,2016-01-12,8.1,9.0,7.95,8.0
IZEA,2016-01-13,7.9,7.9,7.9,7.9
IZEA,2016-01-14,6.8,8.0,6.8,8.0
IZEA,2016-01-15,7.55,7.56,7.0,7.0
IZEA,2016-01-19,7.0,7.3,6.38,7.3
IZEA,2016-01-20,6.65,7.21,6.65,7.05
IZEA,2016-01-21,7.09,7.09,7.09,7.09
IZEA,2016-01-22,7.09,7.4,7.09,7.4
IZEA,2016-01-25,7.4,7.4,7.4,7.4
IZEA,2016-01-26,7.5,8.0,7.2,8.0
IZEA,2016-01-27,8.1,8.2,7.1,8.0
IZEA,2016-01-28,7.2,8.5,7.2,8.2
IZEA,2016-01-29,8.2,8.2,8.2,8.2
IZEA,2016-02-01,8.1,8.35,8.1,8.3
IZEA,2016-02-02,8.5,8.5,8.33,8.33
IZEA,2016-02-03,7.45,8.35,7.45,8.35
IZEA,2016-02-04,8.0,8.3,8.0,8.3
IZEA,2016-02-05,8.3,8.3,8.0,8.0
IZEA,2016-02-08,8.2,8.2,8.2,8.2
IZEA,2016-02-09,8.2,8.2,8.2,8.2
IZEA,2016-02-10,8.19,8.19,6.81,7.5
IZEA,2016-02-11,6.92,7.0,6.58,7.0
IZEA,2016-02-12,6.51,7.0,6.5,7.0
IZEA,2016-02-16,6.75,7.0,6.75,7.0
IZEA,2016-02-17,6.65,7.0,6.1,6.5
IZEA,2016-02-18,6.3,6.5,6.3,6.5
IZEA,2016-02-19,6.5,6.5,6.5,6.5
IZEA,2016-02-22,6.5,6.5,6.5,6.5
IZEA,2016-02-23,6.45,6.48,6.38,6.38
IZEA,2016-02-24,6.99,6.99,6.99,6.99
IZEA,2016-02-25,6.95,7.0,6.85,7.0
IZEA,2016-02-26,30.0,31.2,30.0,31.0
IZEA,2016-02-29,31.0,31.4,31.0,31.4
IZEA,2016-03-01,31.6,31.6,30.0936,30.0936
IZEA,2016-03-02,7.523,7.523,7.523,7.523
IZEA,2016-03-03,32.5996,32.5996,31.1996,31.1996
IZEA,2016-03-04,31.352,31.5876,29.4,31.4032
IZEA,2016-03-07,30.12,32.4948,29.6,31.96
IZEA,2016-03-08,7.99,7.99,7.99,7.99
IZEA,2016-03-09,30.0412,31.4,30.0412,31.4
IZEA,2016-03-10,31.1996,31.2,29.2004,31.2
IZEA,2016-03-11,30.8,30.8,30.708,30.8
IZEA,2016-03-14,30.56,30.6004,30.56,30.6004
IZEA,2016-03-15,30.8,30.8,30.6,30.76
IZEA,2016-03-16,31.16,31.68,31.16,31.68
IZEA,2016-03-17,30.0,32.4,30.0,31.0
IZEA,2016-03-18,31.36,32.0612,31.36,31.4004
IZEA,2016-03-21,30.92,32.2,30.92,31.12
IZEA,2016-03-22,31.44,31.96,31.44,31.92
IZEA,2016-03-23,32.0004,32.0004,31.3808,31.92
IZEA,2016-03-24,31.08,31.36,31.0,31.0
IZEA,2016-03-28,30.994,30.996,27.6,27.6
IZEA,2016-03-29,27.52,27.6,27.0,27.6
IZEA,2016-03-30,30.64,30.64,26.8004,27.64
IZEA,2016-03-31,28.6,28.6,27.64,28.56
IZEA,2016-04-01,28.2,28.56,27.6,28.4
IZEA,2016-04-04,28.4,28.4,25.7996,26.8
IZEA,2016-04-05,26.2,26.8,25.6,26.08
IZEA,2016-04-06,26.5564,27.6836,26.5564,27.6836
IZEA,2016-04-07,27.8,27.8,27.4268,27.4268
IZEA,2016-04-08,27.2004,27.284,27.2,27.2088
IZEA,2016-04-11,27.44,27.44,25.2,25.6
IZEA,2016-04-12,25.84,27.08,25.68,26.568
IZEA,2016-04-13,26.64,26.64,26.64,26.64
IZEA,2016-04-14,26.7596,26.7596,26.216,26.3996
IZEA,2016-04-15,26.24,26.4,24.97,26.4
IZEA,2016-04-18,27.16,27.16,25.8,25.8
IZEA,2016-04-19,6.45,6.45,6.45,6.45
IZEA,2016-04-20,27.0004,29.5152,27.0,29.2
IZEA,2016-04-21,27.48,29.12,27.0,27.8808
IZEA,2016-04-22,28.2,28.856,27.96,28.52
IZEA,2016-04-25,28.0,28.0,26.52,28.0
IZEA,2016-04-26,27.93,28.4,26.2,27.52
IZEA,2016-04-27,28.08,29.0,27.12,27.52
IZEA,2016-04-28,28.44,28.6396,27.2,28.48
IZEA,2016-04-29,27.92,27.92,26.64,26.84
IZEA,2016-05-02,27.54,28.0,27.32,28.0
IZEA,2016-05-03,7.0,7.0,7.0,7.0
IZEA,2016-05-04,26.8,26.8,26.8,26.8
IZEA,2016-05-05,27.08,27.9996,27.08,27.3204
IZEA,2016-05-06,27.04,27.8,26.72,27.8
IZEA,2016-05-09,26.8,26.86,26.8,26.86
IZEA,2016-05-10,26.8,26.92,26.72,26.8
IZEA,2016-05-11,26.6,26.6,26.6,26.6
IZEA,2016-05-12,27.0,27.0,25.0,25.0
IZEA,2016-05-13,25.88,25.9996,24.3,25.0
IZEA,2016-05-16,26.84,26.84,23.0,23.0
IZEA,2016-05-17,24.64,25.04,22.2,23.44
IZEA,2016-05-18,22.68,24.76,22.6052,24.0804
IZEA,2016-05-19,24.0,24.0,23.496,23.72
IZEA,2016-05-20,24.08,25.6,24.0,24.4
IZEA,2016-05-23,24.8,24.8,24.3156,24.3156
IZEA,2016-05-24,24.44,24.72,24.44,24.72
IZEA,2016-05-25,24.7996,27.0,24.7996,27.0
IZEA,2016-05-26,25.88,26.92,25.24,26.0
IZEA,2016-05-27,26.86,26.92,26.84,26.92
IZEA,2016-05-31,26.9996,26.9996,26.9996,26.9996
IZEA,2016-06-01,26.8,26.8,25.776,26.0
IZEA,2016-06-02,26.76,26.76,25.4,25.8
IZEA,2016-06-03,27.2,29.0,26.776,27.56
IZEA,2016-06-06,27.92,30.438,27.0,28.8
IZEA,2016-06-07,27.36,30.84,25.64,28.0
IZEA,2016-06-08,27.92,29.28,26.2,27.84
IZEA,2016-06-09,27.88,29.0,27.28,27.96
IZEA,2016-06-10,27.84,28.4,27.2,27.2
IZEA,2016-06-13,28.36,29.0,27.8,29.0
IZEA,2016-06-14,28.0,28.0,27.4,28.0
IZEA,2016-06-15,28.64,30.464,28.0,29.0
IZEA,2016-06-16,29.0,30.0,28.44,30.0
IZEA,2016-06-17,29.72,31.0,28.12,31.0
IZEA,2016-06-20,31.368,31.6,31.3204,31.4
IZEA,2016-06-21,30.2,30.2,28.2,28.824
IZEA,2016-06-22,29.24,30.736,27.82,29.52
IZEA,2016-06-23,30.3,30.6,28.48,30.6
IZEA,2016-06-24,26.8088,30.6,26.8088,27.92
IZEA,2016-06-27,30.28,30.28,28.4,28.4
IZEA,2016-06-28,29.76,29.8,28.32,29.5596
IZEA,2016-06-29,31.52,31.52,30.12,31.16
IZEA,2016-06-30,29.8,31.16,28.8004,30.48
IZEA,2016-07-01,7.62,7.62,7.62,7.62
IZEA,2016-07-05,31.8,31.8,29.0,31.16
IZEA,2016-07-06,29.84,30.62,28.0,29.08
IZEA,2016-07-07,28.7204,28.7204,28.56,28.56
IZEA,2016-07-08,28.32,28.52,28.16,28.16
IZEA,2016-07-11,28.52,28.52,27.72,28.52
IZEA,2016-07-12,27.92,29.28,26.8,26.96
IZEA,2016-07-13,27.68,29.04,27.68,27.9996
IZEA,2016-07-14,27.56,28.0,27.4,28.0
IZEA,2016-07-15,27.44,27.44,26.0112,27.2
IZEA,2016-07-18,27.56,27.56,26.36,27.24
IZEA,2016-07-19,26.52,26.808,25.48,26.808
IZEA,2016-07-20,26.16,26.2,26.0,26.04
IZEA,2016-07-21,26.08,26.32,26.0,26.32
IZEA,2016-07-22,25.64,26.52,25.64,26.04
IZEA,2016-07-25,26.04,26.04,25.068,25.56
IZEA,2016-07-26,25.2004,25.76,25.2004,25.6
IZEA,2016-07-27,25.64,25.96,25.64,25.92
IZEA,2016-07-28,26.0,26.4,25.92,26.32
IZEA,2016-07-29,26.32,26.64,25.998,26.6
IZEA,2016-08-01,26.64,26.96,26.2004,26.96
IZEA,2016-08-02,27.0,27.756,26.72,27.44
IZEA,2016-08-03,27.2,28.0,27.0,28.0
IZEA,2016-08-04,27.28,28.4,27.2004,28.4
IZEA,2016-08-05,27.84,27.84,27.204,27.204
IZEA,2016-08-08,27.12,27.4,27.0,27.24
IZEA,2016-08-09,27.1616,27.24,26.68,27.24
IZEA,2016-08-10,28.0,28.0,28.0,28.0
IZEA,2016-08-11,26.64,27.582,26.6,27.582
IZEA,2016-08-12,27.976,29.08,27.204,27.74
IZEA,2016-08-15,28.52,29.08,28.28,28.28
IZEA,2016-08-16,28.36,29.0,28.2,28.88
IZEA,2016-08-17,27.324,28.8,27.324,28.68
IZEA,2016-08-18,28.44,28.68,28.44,28.68
IZEA,2016-08-19,28.4668,28.72,28.4668,28.6
IZEA,2016-08-22,28.4,28.6624,28.4,28.6624
IZEA,2016-08-23,28.92,28.92,28.64,28.64
IZEA,2016-08-24,28.56,28.8,28.2,28.44
IZEA,2016-08-25,28.12,28.552,28.0404,28.552
IZEA,2016-08-26,28.12,28.42,27.18,27.52
IZEA,2016-08-29,27.88,27.88,27.48,27.48
IZEA,2016-08-30,27.5352,27.5352,27.5352,27.5352
IZEA,2016-08-31,27.3204,27.36,27.2,27.2
IZEA,2016-09-01,26.88,27.0396,26.88,26.9596
IZEA,2016-09-02,27.2,27.2,27.08,27.08
IZEA,2016-09-06,27.48,27.48,26.04,26.4
IZEA,2016-09-07,26.44,27.0,25.56,25.56
IZEA,2016-09-08,25.52,25.52,25.44,25.44
IZEA,2016-09-09,25.52,25.52,24.6,24.8
IZEA,2016-09-12,25.24,25.24,24.48,24.6
IZEA,2016-09-13,24.44,24.44,24.0,24.0852
IZEA,2016-09-14,24.0,24.52,24.0,24.08
IZEA,2016-09-15,24.28,24.48,24.0,24.24
IZEA,2016-09-16,24.44,24.48,24.0,24.0
IZEA,2016-09-19,24.08,24.44,23.5996,24.36
IZEA,2016-09-20,24.0,24.0,23.8,23.8
IZEA,2016-09-21,24.3708,24.3708,23.8,24.28
IZEA,2016-09-22,24.16,24.16,23.08,23.08
IZEA,2016-09-23,23.88,23.88,23.04,23.04
IZEA,2016-09-26,23.08,23.088,22.04,22.402
IZEA,2016-09-27,22.4004,23.1,22.4004,22.64
IZEA,2016-09-28,23.24,23.28,23.24,23.28
IZEA,2016-09-29,22.16,26.28,22.16,23.1596
IZEA,2016-09-30,23.2,23.6004,23.06,23.48
IZEA,2016-10-03,23.88,23.88,22.84,23.0
IZEA,2016-10-04,22.59,22.6496,22.2,22.32
IZEA,2016-10-05,22.32,22.68,22.32,22.4
IZEA,2016-10-06,22.716,22.72,22.716,22.7196
IZEA,2016-10-07,23.0,23.0,22.6,22.72
IZEA,2016-10-10,23.2072,23.2072,21.72,21.72
IZEA,2016-10-11,21.764,23.0,21.68,23.0
IZEA,2016-10-12,22.656,23.08,22.3368,22.3368
IZEA,2016-10-13,22.88,23.0,22.48,22.48
IZEA,2016-10-14,5.62,5.62,5.62,5.62
IZEA,2016-10-17,5.62,5.62,5.62,5.62
IZEA,2016-10-18,5.62,5.62,5.62,5.62
IZEA,2016-10-19,5.62,5.62,5.62,5.62
IZEA,2016-10-20,5.62,5.62,5.62,5.62
IZEA,2016-10-21,21.9532,22.4,21.84,22.36
IZEA,2016-10-24,22.0332,22.12,22.0,22.12
IZEA,2016-10-25,5.53,5.53,5.53,5.53
IZEA,2016-10-26,21.7528,22.0016,21.7236,22.0016
IZEA,2016-10-27,5.5,5.5,5.5,5.5
IZEA,2016-10-28,21.56,21.8804,21.56,21.68
IZEA,2016-10-31,5.32,5.32,5.32,5.32
IZEA,2016-11-01,20.2,21.0724,20.12,20.6
IZEA,2016-11-02,20.32,20.88,20.28,20.68
IZEA,2016-11-03,20.52,20.52,19.96,20.0
IZEA,2016-11-04,20.56,20.56,19.4,19.862
IZEA,2016-11-07,18.44,20.28,18.2184,20.28
IZEA,2016-11-08,20.5596,20.8,20.4,20.8
IZEA,2016-11-09,19.32,20.0,19.2,20.0
IZEA,2016-11-10,20.0,20.0,19.2728,19.2728
IZEA,2016-11-11,19.08,21.8796,19.08,21.8396
IZEA,2016-11-14,20.48,20.48,19.5804,20.36
IZEA,2016-11-15,20.8,20.8,18.7884,18.84
IZEA,2016-11-16,18.84,19.72,18.32,18.32
IZEA,2016-11-17,18.8,18.956,18.0,18.88
IZEA,2016-11-18,18.48,18.68,17.796,17.88
IZEA,2016-11-21,17.6,18.9064,17.6,17.92
IZEA,2016-11-22,18.2,18.5064,18.2,18.2
IZEA,2016-11-23,18.0,18.48,18.0,18.48
IZEA,2016-11-25,4.62,4.62,4.62,4.62
IZEA,2016-11-28,18.2,18.6396,17.96,18.6396
IZEA,2016-11-29,18.04,19.0,18.0,18.8
IZEA,2016-11-30,18.3,19.0,18.3,19.0
IZEA,2016-12-01,19.56,19.56,19.56,19.56
IZEA,2016-12-02,19.92,20.0,19.04,19.6
IZEA,2016-12-05,19.916,20.76,19.1032,20.0
IZEA,2016-12-06,20.48,20.516,20.0,20.0
IZEA,2016-12-07,20.6,20.8,19.2404,20.12
IZEA,2016-12-08,20.08,20.5996,19.69,19.76
IZEA,2016-12-09,18.8,19.65,18.36,18.4
IZEA,2016-12-12,18.1384,19.8,18.1384,18.2
IZEA,2016-12-13,19.0,19.2004,18.6,19.2
IZEA,2016-12-14,18.2,19.0,18.0,19.0
IZEA,2016-12-15,18.72,19.04,18.32,18.92
IZEA,2016-12-16,19.16,19.16,17.6,17.6
IZEA,2016-12-19,17.84,17.84,17.1696,17.68
IZEA,2016-12-20,17.8,17.8,16.76,17.52
IZEA,2016-12-21,16.456,18.2,16.456,17.9596
IZEA,2016-12-22,17.36,18.2,17.36,17.8
IZEA,2016-12-23,17.52,18.0,16.76,17.6
IZEA,2016-12-27,17.68,18.1,16.64,18.1
IZEA,2016-12-28,18.0288,18.0396,17.6,18.0
IZEA,2016-12-29,18.04,18.2308,17.92,18.12
IZEA,2016-12-30,17.2,18.72,17.2,18.04
IZEA,2017-01-03,17.9996,17.9996,17.9996,17.9996
IZEA,2017-01-04,17.84,18.0,16.72,17.6
IZEA,2017-01-05,17.2,17.4,17.2,17.4
IZEA,2017-01-06,17.688,17.688,16.84,16.88
IZEA,2017-01-09,16.88,18.8664,16.88,18.04
IZEA,2017-01-10,18.88,20.8,18.24,20.8
IZEA,2017-01-11,20.8,22.9152,20.666,21.2
IZEA,2017-01-12,20.8,20.8,20.4,20.8
IZEA,2017-01-13,20.4004,20.8,20.4004,20.8
IZEA,2017-01-17,20.8,20.8,20.64,20.64
IZEA,2017-01-18,20.4404,20.5136,20.36,20.36
IZEA,2017-01-19,19.4,19.4,16.88,17.44
IZEA,2017-01-20,17.32,17.8,16.75,17.0
IZEA,2017-01-23,17.4,17.6,17.08,17.5504
IZEA,2017-01-24,17.6,17.8,17.6,17.8
IZEA,2017-01-25,17.88,17.92,17.4404,17.4404
IZEA,2017-01-26,17.6,17.72,17.4304,17.66
IZEA,2017-01-27,17.6,17.72,17.4444,17.48
IZEA,2017-01-30,17.6,17.6,17.44,17.44
IZEA,2017-01-31,17.5792,17.6,17.48,17.52
IZEA,2017-02-01,17.6,17.6,17.0,17.0
IZEA,2017-02-02,17.32,17.6,17.32,17.6
IZEA,2017-02-03,17.64,17.88,17.6,17.88
IZEA,2017-02-06,18.8,19.5996,17.6,18.6188
IZEA,2017-02-07,18.52,18.52,17.8,17.8
IZEA,2017-02-08,18.16,18.4344,17.8,17.96
IZEA,2017-02-09,4.49,4.49,4.49,4.49
IZEA,2017-02-10,18.14,20.0,18.0,20.0
IZEA,2017-02-13,20.0,20.0,19.0004,19.29
IZEA,2017-02-14,19.56,20.36,19.1584,20.36
IZEA,2017-02-15,19.96,19.96,19.68,19.96
IZEA,2017-02-16,19.9008,20.2288,19.8512,20.16
IZEA,2017-02-17,20.16,20.188,19.9996,20.0
IZEA,2017-02-21,20.0,20.0,19.24,19.36
IZEA,2017-02-22,19.6,19.6,19.24,19.44
IZEA,2017-02-23,19.8,19.8,18.92,19.4
IZEA,2017-02-24,19.12,19.44,17.996,19.16
IZEA,2017-02-27,19.0,19.32,17.4436,17.88
IZEA,2017-02-28,18.12,18.12,17.2,17.2
IZEA,2017-03-01,17.44,18.5196,17.2,18.4
IZEA,2017-03-02,17.96,18.08,16.88,17.08
IZEA,2017-03-03,17.2,17.2,15.44,16.68
IZEA,2017-03-06,16.36,17.04,15.76,15.76
IZEA,2017-03-07,16.04,16.2,15.6,16.04
IZEA,2017-03-08,15.6704,15.71,15.6,15.6
IZEA,2017-03-09,15.68,15.68,15.6,15.64
IZEA,2017-03-10,15.96,16.44,15.68,16.0
IZEA,2017-03-13,15.8736,15.968,15.8736,15.88
IZEA,2017-03-14,15.996,15.996,15.538,15.538
IZEA,2017-03-15,15.6,15.6,15.08,15.08
IZEA,2017-03-16,15.12,15.2,14.76,14.92
IZEA,2017-03-17,15.122,15.122,14.96,14.96
IZEA,2017-03-20,14.7204,14.8128,14.4,14.4
IZEA,2017-03-21,14.52,14.52,13.6,13.68
IZEA,2017-03-22,13.68,14.4,12.48,13.56
IZEA,2017-03-23,13.1596,13.5996,12.68,13.04
IZEA,2017-03-24,13.0,13.92,12.68,12.8404
IZEA,2017-03-27,12.76,13.8104,12.08,12.2
IZEA,2017-03-28,12.8,17.52,11.9584,16.44
IZEA,2017-03-29,16.92,18.16,15.96,16.84
IZEA,2017-03-30,16.96,17.2624,16.04,16.76
IZEA,2017-03-31,16.64,16.8,16.08,16.8
IZEA,2017-04-03,16.6,16.7972,15.68,15.68
IZEA,2017-04-04,16.0,16.0,13.84,14.64
IZEA,2017-04-05,14.84,15.72,14.0,14.0
IZEA,2017-04-06,13.64,15.44,13.4,15.44
IZEA,2017-04-07,15.12,15.24,13.76,14.52
IZEA,2017-04-10,14.6,14.6,13.32,14.04
IZEA,2017-04-11,14.5164,14.6,14.2,14.44
IZEA,2017-04-12,14.8088,15.0396,14.12,14.56
IZEA,2017-04-13,14.0404,14.24,14.0404,14.24
IZEA,2017-04-17,14.4,14.44,14.36,14.36
IZEA,2017-04-18,14.6,14.72,14.04,14.04
IZEA,2017-04-19,14.52,15.4,14.2584,14.48
IZEA,2017-04-20,14.76,15.52,14.76,15.0
IZEA,2017-04-21,15.3996,15.3996,14.3336,14.8
IZEA,2017-04-24,15.08,15.52,14.5888,15.52
IZEA,2017-04-25,15.3996,15.48,14.52,14.52
IZEA,2017-04-26,14.56,15.24,14.2728,15.16
IZEA,2017-04-27,15.36,15.36,14.64,14.96
IZEA,2017-04-28,14.87,14.87,14.6,14.64
IZEA,2017-05-01,14.88,15.1996,14.72,15.16
IZEA,2017-05-02,14.88,15.08,14.44,14.44
IZEA,2017-05-03,14.9368,14.9368,14.0,14.16
IZEA,2017-05-04,14.202,14.202,13.4,13.8
IZEA,2017-05-05,14.0,14.64,13.68,13.68
IZEA,2017-05-08,13.92,14.32,13.7056,14.32
IZEA,2017-05-09,14.196,14.196,14.196,14.196
IZEA,2017-05-10,13.9152,14.08,13.8,13.8
IZEA,2017-05-11,11.8,12.446,11.8,11.8
IZEA,2017-05-12,11.96,11.96,11.0,11.0
IZEA,2017-05-15,10.88,11.6,10.8,10.8404
IZEA,2017-05-16,11.0,11.0,10.7856,10.96
IZEA,2017-05-17,10.6396,10.8288,10.6,10.6
IZEA,2017-05-18,10.64,11.0,10.52,10.8
IZEA,2017-05-19,10.96,10.96,10.6,10.9596
IZEA,2017-05-22,11.12,11.12,10.64,10.64
IZEA,2017-05-23,10.5204,10.6,10.5204,10.576
IZEA,2017-05-24,10.6,10.6,10.4,10.4
IZEA,2017-05-25,10.1996,11.0,9.924,10.96
IZEA,2017-05-26,9.8,10.4396,9.8,10.16
IZEA,2017-05-30,9.7592,10.1604,9.7592,10.0
IZEA,2017-05-31,10.08,10.1756,9.68,9.8
IZEA,2017-06-01,10.0,10.12,9.4,9.4
IZEA,2017-06-02,9.4,10.1596,9.4,10.1596
IZEA,2017-06-05,10.2,10.2,9.604,9.92
IZEA,2017-06-06,9.88,10.0,9.76,9.96
IZEA,2017-06-07,10.0,10.0,9.8548,9.8548
IZEA,2017-06-08,10.16,10.16,9.24,9.32
IZEA,2017-06-09,9.5996,9.6,9.56,9.6
IZEA,2017-06-12,9.44,9.72,8.8,9.48
IZEA,2017-06-13,9.48,9.6,9.2,9.4
IZEA,2017-06-14,9.16,9.582,9.16,9.4
IZEA,2017-06-15,9.0,9.48,9.0,9.08
IZEA,2017-06-16,9.2,9.2,8.6,8.6
IZEA,2017-06-19,8.84,9.72,8.84,9.04
IZEA,2017-06-20,8.8,9.0,8.8,9.0
IZEA,2017-06-21,9.0,9.0,8.68,8.8
IZEA,2017-06-22,8.76,8.8176,6.88,8.12
IZEA,2017-06-23,8.08,8.96,7.6,7.6
IZEA,2017-06-26,7.6,8.28,7.452,8.28
IZEA,2017-06-27,8.28,8.8,8.2,8.2
IZEA,2017-06-28,8.4,8.6,7.84,7.84
IZEA,2017-06-29,7.96,8.16,7.92,7.96
IZEA,2017-06-30,7.96,8.12,7.52,7.9384
IZEA,2017-07-03,7.6,7.6,7.4,7.6
IZEA,2017-07-05,8.2628,8.2628,7.36,7.36
IZEA,2017-07-06,7.36,7.36,7.2,7.2396
IZEA,2017-07-07,7.2,7.4,7.2,7.28
IZEA,2017-07-10,7.6,7.6,7.122,7.56
IZEA,2017-07-11,7.36,7.724,5.48,6.5984
IZEA,2017-07-12,6.5308,7.2,6.44,7.0
IZEA,2017-07-13,6.8172,8.0,6.56,7.1184
IZEA,2017-07-14,7.44,7.44,6.88,6.88
IZEA,2017-07-17,6.92,7.7096,6.91,7.28
IZEA,2017-07-18,7.28,7.66,7.12,7.16
IZEA,2017-07-19,7.5268,9.172,7.52,8.0
IZEA,2017-07-20,8.0,8.08,7.2,7.68
IZEA,2017-07-21,7.524,7.6004,7.24,7.6
IZEA,2017-07-24,7.6,7.92,7.2,7.64
IZEA,2017-07-25,7.44,7.72,7.36,7.36
IZEA,2017-07-26,7.3604,7.916,7.12,7.916
IZEA,2017-07-27,7.72,7.92,7.28,7.4
IZEA,2017-07-28,7.72,8.08,7.4,7.44
IZEA,2017-07-31,7.4,7.96,7.2,7.48
IZEA,2017-08-01,7.4,7.4,7.24,7.32
IZEA,2017-08-02,7.2,7.84,7.2,7.5596
IZEA,2017-08-03,1.86,1.86,1.86,1.86
IZEA,2017-08-04,7.16,7.2,7.08,7.08
IZEA,2017-08-07,7.08,7.28,7.0,7.04
IZEA,2017-08-08,7.24,7.88,6.92,7.144
IZEA,2017-08-09,6.84,6.84,6.56,6.56
IZEA,2017-08-10,6.6,6.8,6.4,6.4
IZEA,2017-08-11,6.32,7.16,6.32,7.16
IZEA,2017-08-14,7.24,7.8,6.88,7.8
IZEA,2017-08-15,7.6,9.72,7.4,7.4
IZEA,2017-08-16,7.4004,7.64,7.04,7.04
IZEA,2017-08-17,7.12,7.4,6.92,7.16
IZEA,2017-08-18,7.0404,7.4,6.9176,7.04
IZEA,2017-08-21,7.08,7.5916,7.04,7.04
IZEA,2017-08-22,7.16,7.2,7.16,7.16
IZEA,2017-08-23,7.16,7.3928,7.12,7.12
IZEA,2017-08-24,7.164,7.39,7.0916,7.12
IZEA,2017-08-25,7.124,7.124,7.04,7.04
IZEA,2017-08-28,7.12,7.12,6.84,6.84
IZEA,2017-08-29,6.84,7.2,6.68,6.68
IZEA,2017-08-30,6.72,7.3028,6.72,6.92
IZEA,2017-08-31,7.4,7.4,6.8,6.8
IZEA,2017-09-01,7.12,7.12,6.8,6.96
IZEA,2017-09-05,7.04,7.16,6.8888,7.16
IZEA,2017-09-06,7.16,7.16,6.8,6.92
IZEA,2017-09-07,7.04,7.08,6.88,6.96
IZEA,2017-09-08,7.12,7.5596,6.848,6.92
IZEA,2017-09-11,7.16,7.4688,6.9204,7.0
IZEA,2017-09-12,6.906,7.6,6.84,7.2
IZEA,2017-09-13,7.4,7.596,6.9204,7.2
IZEA,2017-09-14,7.16,7.56,7.146,7.32
IZEA,2017-09-15,7.56,7.6,7.24,7.24
IZEA,2017-09-18,7.28,7.8448,7.28,7.4832
IZEA,2017-09-19,7.6,7.6,6.84,6.84
IZEA,2017-09-20,6.88,7.2608,6.6,7.0
IZEA,2017-09-21,7.16,8.2,7.12,7.8
IZEA,2017-09-22,8.16,16.28,7.88,12.8
IZEA,2017-09-25,20.08,25.4,18.16,19.4
IZEA,2017-09-26,27.16,28.68,22.92,26.48
IZEA,2017-09-27,24.8,28.4,22.0,23.64
IZEA,2017-09-28,24.08,26.28,22.6,24.4
IZEA,2017-09-29,25.2,30.52,24.8,28.1204
IZEA,2017-10-02,27.2,31.4,25.48,27.24
IZEA,2017-10-03,27.6,28.252,22.84,23.48
IZEA,2017-10-04,24.0,24.8,22.4,23.6
IZEA,2017-10-05,23.48,25.5384,22.0,24.04
IZEA,2017-10-06,23.68,24.676,23.08,23.72
IZEA,2017-10-09,23.48,24.16,21.24,21.76
IZEA,2017-10-10,19.6,19.8,16.72,17.08
IZEA,2017-10-11,17.44,18.6452,16.36,18.56
IZEA,2017-10-12,18.44,18.48,17.0892,17.84
IZEA,2017-10-13,17.36,17.84,16.84,16.92
IZEA,2017-10-16,16.8,17.28,16.124,16.84
IZEA,2017-10-17,16.68,17.88,16.28,17.32
IZEA,2017-10-18,17.24,17.24,15.3384,15.56
IZEA,2017-10-19,15.44,15.44,14.4,15.28
IZEA,2017-10-20,15.24,16.0,14.804,15.68
IZEA,2017-10-23,15.6,15.68,14.72,14.8
IZEA,2017-10-24,14.72,14.76,13.48,13.48
IZEA,2017-10-25,13.16,13.588,12.24,12.76
IZEA,2017-10-26,12.6,13.0,12.0,12.6
IZEA,2017-10-27,12.48,13.7196,12.2,13.16
IZEA,2017-10-30,12.52,13.8,12.4004,13.72
IZEA,2017-10-31,13.8,14.68,12.9996,13.32
IZEA,2017-11-01,13.44,16.12,12.8,15.8
IZEA,2017-11-02,16.24,17.396,13.6,14.32
IZEA,2017-11-03,14.12,14.3684,13.0,13.28
IZEA,2017-11-06,13.16,13.68,12.92,13.44
IZEA,2017-11-07,13.6,14.96,12.8,13.08
IZEA,2017-11-08,20.8,22.4,16.0,16.4
IZEA,2017-11-09,16.68,17.0824,15.16,16.28
IZEA,2017-11-10,16.28,17.11,16.04,16.76
IZEA,2017-11-13,16.8,19.08,16.36,17.8768
IZEA,2017-11-14,17.6,18.32,16.8,17.44
IZEA,2017-11-15,17.16,18.396,17.04,17.52
IZEA,2017-11-16,17.44,18.48,17.04,18.36
IZEA,2017-11-17,18.16,18.4,17.6856,18.08
IZEA,2017-11-20,17.88,18.76,17.2,17.4
IZEA,2017-11-21,17.88,22.116,16.6,19.24
IZEA,2017-11-22,19.08,19.3616,17.8,18.08
IZEA,2017-11-24,18.08,19.6,17.84,19.12
IZEA,2017-11-27,19.44,19.8,18.364,18.96
IZEA,2017-11-28,18.8,18.8,17.8,18.36
IZEA,2017-11-29,18.44,18.44,17.2,17.76
IZEA,2017-11-30,18.0,18.6,17.6,18.6
IZEA,2017-12-01,18.32,18.52,17.84,18.32
IZEA,2017-12-04,18.28,18.28,17.2,17.68
IZEA,2017-12-05,17.64,17.64,16.32,16.52
IZEA,2017-12-06,16.52,17.6,16.2364,16.88
IZEA,2017-12-07,16.88,17.08,15.2856,16.44
IZEA,2017-12-08,16.36,16.5104,15.4,16.04
IZEA,2017-12-11,16.24,16.6,15.88,16.076
IZEA,2017-12-12,16.24,16.52,15.92,16.04
IZEA,2017-12-13,16.0,16.52,15.48,15.68
IZEA,2017-12-14,15.4,15.96,15.0,15.4
IZEA,2017-12-15,15.44,16.0,15.44,15.92
IZEA,2017-12-18,15.92,16.0,15.2004,15.64
IZEA,2017-12-19,15.56,15.96,15.0,15.44
IZEA,2017-12-20,15.44,15.48,14.6,14.8
IZEA,2017-12-21,14.96,15.36,14.684,14.76
IZEA,2017-12-22,15.04,15.48,14.4,14.84
IZEA,2017-12-26,14.96,19.32,14.96,17.2
IZEA,2017-12-27,17.92,18.916,17.2,18.2
IZEA,2017-12-28,18.04,18.1656,16.32,17.56
IZEA,2017-12-29,17.56,18.2,16.64,17.8
IZEA,2018-01-02,18.0,18.2764,16.64,17.28
IZEA,2018-01-03,17.52,17.6,16.76,17.36
IZEA,2018-01-04,17.36,22.1596,16.804,22.08
IZEA,2018-01-05,22.12,25.12,19.44,23.6
IZEA,2018-01-08,23.12,25.0,21.44,23.2
IZEA,2018-01-09,22.88,23.34,19.82,20.8
IZEA,2018-01-10,20.84,25.8,20.6,24.6
IZEA,2018-01-11,24.24,25.0,21.52,22.08
IZEA,2018-01-12,22.24,23.68,21.44,23.44
IZEA,2018-01-16,30.4,30.4,21.8,21.84
IZEA,2018-01-17,21.56,21.84,18.44,19.52
IZEA,2018-01-18,20.24,21.08,19.56,19.8
IZEA,2018-01-19,19.64,20.9404,19.04,20.04
IZEA,2018-01-22,19.96,20.6724,19.44,19.92
IZEA,2018-01-23,19.96,20.6,19.52,19.52
IZEA,2018-01-24,19.48,20.08,18.52,18.88
IZEA,2018-01-25,19.04,19.66,18.6004,18.88
IZEA,2018-01-26,19.0,19.314,18.56,18.72
IZEA,2018-01-29,19.2,19.2,17.68,18.04
IZEA,2018-01-30,17.88,17.9,17.0,17.2
IZEA,2018-01-31,17.2,17.48,16.04,16.52
IZEA,2018-02-01,16.48,17.48,16.2,16.32
IZEA,2018-02-02,16.2,16.48,15.124,16.12
IZEA,2018-02-05,15.88,16.2216,15.4,15.76
IZEA,2018-02-06,14.92,16.2536,14.094,15.76
IZEA,2018-02-07,15.56,16.28,15.56,15.88
IZEA,2018-02-08,15.84,16.356,15.0704,15.4072
IZEA,2018-02-09,15.36,16.12,14.8,15.28
IZEA,2018-02-12,15.28,16.72,14.44,14.44
IZEA,2018-02-13,14.52,15.5204,14.52,14.88
IZEA,2018-02-14,14.72,16.2832,14.5204,15.6
IZEA,2018-02-15,15.84,16.4,15.68,16.04
IZEA,2018-02-16,15.92,16.4,15.4,15.72
IZEA,2018-02-20,15.56,16.4,15.4,16.0
IZEA,2018-02-21,15.68,16.4,15.68,15.72
IZEA,2018-02-22,15.6,16.06,15.6,15.6
IZEA,2018-02-23,15.56,16.0,15.2,15.48
IZEA,2018-02-26,15.6,15.96,15.2024,15.8
IZEA,2018-02-27,15.72,15.72,15.066,15.4
IZEA,2018-02-28,15.0472,15.4,14.204,14.32
IZEA,2018-03-01,14.4,15.96,14.4,15.96
IZEA,2018-03-02,15.76,15.76,14.6164,14.88
IZEA,2018-03-05,14.84,15.6064,14.68,15.4
IZEA,2018-03-06,15.16,15.68,14.8968,15.08
IZEA,2018-03-07,15.12,17.24,15.12,16.8
IZEA,2018-03-08,16.92,16.9996,15.76,15.92
IZEA,2018-03-09,15.84,17.04,15.6016,16.0
IZEA,2018-03-12,16.0,16.96,15.44,16.16
IZEA,2018-03-13,16.52,17.52,16.52,17.4
IZEA,2018-03-14,17.4,18.0,16.4476,17.36
IZEA,2018-03-15,17.16,19.948,16.4,17.6
IZEA,2018-03-16,16.964,17.36,16.38,16.88
IZEA,2018-03-19,16.68,16.68,16.0,16.28
IZEA,2018-03-20,16.4,17.2,16.0,17.2
IZEA,2018-03-21,16.96,16.96,16.08,16.08
IZEA,2018-03-22,16.04,16.8,15.92,16.02
IZEA,2018-03-23,16.004,16.556,16.0004,16.16
IZEA,2018-03-26,16.26,16.5156,16.04,16.08
IZEA,2018-03-27,16.676,16.676,15.52,15.56
IZEA,2018-03-28,15.56,15.72,12.88,14.0
IZEA,2018-03-29,13.88,15.3192,13.8028,14.64
IZEA,2018-04-02,14.68,14.8,11.8,12.0
IZEA,2018-04-03,12.0,12.0,9.36,9.68
IZEA,2018-04-04,9.68,10.4768,9.668,9.92
IZEA,2018-04-05,9.96,9.96,9.04,9.04
IZEA,2018-04-06,9.08,9.9428,9.08,9.36
IZEA,2018-04-09,9.36,10.3488,9.24,9.24
IZEA,2018-04-10,9.32,9.58,9.2,9.24
IZEA,2018-04-11,7.24,9.36,7.24,7.24
IZEA,2018-04-12,7.36,7.92,7.24,7.84
IZEA,2018-04-13,7.84,8.5968,7.84,8.2
IZEA,2018-04-16,8.32,9.1184,8.12,8.84
IZEA,2018-04-17,8.84,9.1588,8.604,8.8
IZEA,2018-04-18,9.4,15.92,9.2432,12.68
IZEA,2018-04-19,12.68,12.7136,10.84,11.08
IZEA,2018-04-20,11.2,11.7464,10.04,10.24
IZEA,2018-04-23,9.52,10.52,9.48,9.52
IZEA,2018-04-24,9.72,9.76,9.04,9.56
IZEA,2018-04-25,9.52,9.6,8.16,8.76
IZEA,2018-04-26,8.8,9.2768,8.68,8.76
IZEA,2018-04-27,8.76,8.8,8.32,8.64
IZEA,2018-04-30,8.64,9.6136,8.56,8.7724
IZEA,2018-05-01,8.56,8.8796,8.44,8.48
IZEA,2018-05-02,8.48,9.32,8.4,8.96
IZEA,2018-05-03,8.996,9.0,8.6,8.64
IZEA,2018-05-04,8.7832,11.48,8.68,9.0
IZEA,2018-05-07,10.64,10.64,8.8,9.16
IZEA,2018-05-08,8.36,9.04,8.36,8.56
IZEA,2018-05-09,8.04,8.52,8.0,8.28
IZEA,2018-05-10,8.08,8.5196,8.04,8.2
IZEA,2018-05-11,8.04,8.3916,8.0,8.04
IZEA,2018-05-14,8.08,8.12,8.0,8.08
IZEA,2018-05-15,8.08,8.8392,8.0756,8.44
IZEA,2018-05-16,8.04,8.3964,8.04,8.2
IZEA,2018-05-17,8.2912,8.44,8.08,8.16
IZEA,2018-05-18,8.316,8.436,8.0,8.2036
IZEA,2018-05-21,8.24,9.0328,8.04,8.24
IZEA,2018-05-22,7.0,7.64,6.0,7.0
IZEA,2018-05-23,7.08,7.394,6.604,6.88
IZEA,2018-05-24,6.88,6.88,6.28,6.32
IZEA,2018-05-25,6.36,6.7104,6.04,6.12
IZEA,2018-05-29,6.56,8.16,5.84,6.2
IZEA,2018-05-30,7.08,7.08,6.0016,6.04
IZEA,2018-05-31,6.12,6.356,6.04,6.12
IZEA,2018-06-01,6.12,6.2908,5.52,5.72
IZEA,2018-06-04,6.08,6.08,5.24,5.36
IZEA,2018-06-05,5.28,5.56,5.28,5.36
IZEA,2018-06-06,5.32,5.48,4.96,4.96
IZEA,2018-06-07,4.96,5.88,4.52,5.2272
IZEA,2018-06-08,5.48,5.48,4.6,4.88
IZEA,2018-06-11,5.4,5.4,4.644,4.84
IZEA,2018-06-12,4.68,5.0,4.6,4.84
IZEA,2018-06-13,4.72,4.84,4.6,4.84
IZEA,2018-06-14,4.88,5.124,4.2828,4.68
IZEA,2018-06-15,4.76,4.76,4.4,4.64
IZEA,2018-06-18,4.72,4.88,4.52,4.88
IZEA,2018-06-19,4.92,5.4,4.52,4.68
IZEA,2018-06-20,4.6,4.6412,4.36,4.5164
IZEA,2018-06-21,4.76,4.76,4.4,4.48
IZEA,2018-06-22,4.6,4.6,4.4,4.5176
IZEA,2018-06-25,4.44,4.4628,4.08,4.36
IZEA,2018-06-26,4.4,4.6,4.2,4.28
IZEA,2018-06-27,4.36,4.36,4.0908,4.2
IZEA,2018-06-28,4.0,4.0,3.52,3.6804
IZEA,2018-06-29,3.92,3.92,3.682,3.8
IZEA,2018-07-02,3.8,3.8396,3.4,3.68
IZEA,2018-07-03,3.68,3.88,3.52,3.52
IZEA,2018-07-05,3.5664,3.622,3.2004,3.328
IZEA,2018-07-06,3.538,4.72,3.3208,4.0824
IZEA,2018-07-09,4.64,4.64,3.6,3.76
IZEA,2018-07-10,3.756,3.92,3.6,3.64
IZEA,2018-07-11,3.752,3.76,3.6,3.74196
IZEA,2018-07-12,6.32,10.64,6.08,10.24
IZEA,2018-07-13,8.64,9.36,7.4,7.56
IZEA,2018-07-16,7.68,7.68,6.32,6.72
IZEA,2018-07-17,6.64,7.56,6.2,7.0
IZEA,2018-07-18,6.92,7.56,6.6,6.64
IZEA,2018-07-19,6.72,6.8,6.44,6.52
IZEA,2018-07-20,6.76,6.8,6.2,6.36
IZEA,2018-07-23,6.92,6.92,6.4,6.68
IZEA,2018-07-24,6.88,6.96,6.44,6.4796
IZEA,2018-07-25,6.6,6.6,6.2004,6.4
IZEA,2018-07-26,6.32,6.4,6.08,6.12
IZEA,2018-07-27,7.12,7.12,5.8,6.2
IZEA,2018-07-30,5.92,6.08,5.48,5.56
IZEA,2018-07-31,5.64,5.68,5.36,5.64
IZEA,2018-08-01,5.8,5.8,5.6128,5.6904
IZEA,2018-08-02,5.68,5.68,5.084,5.356
IZEA,2018-08-03,5.24,5.4,5.08,5.32
IZEA,2018-08-06,5.12,5.28,4.4,4.4
IZEA,2018-08-07,4.52,4.6,4.08,4.4
IZEA,2018-08-08,4.2,4.3596,4.16,4.24
IZEA,2018-08-09,4.36,4.6,4.244,4.6
IZEA,2018-08-10,4.92,5.32,4.6,4.8
IZEA,2018-08-13,5.0,5.2,4.68,4.96
IZEA,2018-08-14,5.04,5.04,4.56,5.0
IZEA,2018-08-15,4.28,4.72,4.16,4.32
IZEA,2018-08-16,4.32,4.52,4.32,4.4
IZEA,2018-08-17,6.64,6.8,5.44,5.84
IZEA,2018-08-20,5.8,6.28,5.36,5.72
IZEA,2018-08-21,6.0,6.024,5.32,5.6
IZEA,2018-08-22,5.64,5.64,5.32,5.48
IZEA,2018-08-23,5.52,6.2,5.4,6.12
IZEA,2018-08-24,6.2,6.32,5.8,5.88
IZEA,2018-08-27,5.92,5.92,5.44,5.76
IZEA,2018-08-28,5.72,5.72,5.52,5.56
IZEA,2018-08-29,6.2,6.4,5.84,6.0
IZEA,2018-08-30,6.2,6.92,6.0,6.8
IZEA,2018-08-31,7.16,7.4,6.76,6.92
IZEA,2018-09-04,6.8,6.88,6.4,6.52
IZEA,2018-09-05,6.48,6.56,6.2,6.4
IZEA,2018-09-06,6.4,6.64,6.28,6.4128
IZEA,2018-09-07,6.36,6.636,6.24,6.36
IZEA,2018-09-10,6.48,6.52,6.0,6.04
IZEA,2018-09-11,8.6,9.0,7.32,7.52
IZEA,2018-09-12,7.4,8.04,7.04,7.68
IZEA,2018-09-13,7.68,7.8,7.0,7.04
IZEA,2018-09-14,7.04,7.68,7.04,7.24
IZEA,2018-09-17,7.12,7.4,7.04,7.12
IZEA,2018-09-18,7.12,7.28,6.8,6.84
IZEA,2018-09-19,6.68,6.88,6.48,6.48
IZEA,2018-09-20,6.52,6.8,6.48,6.72
IZEA,2018-09-21,6.64,6.88,6.48,6.76
IZEA,2018-09-24,6.8,6.88,6.24,6.28
IZEA,2018-09-25,6.52,6.64,6.24,6.6
IZEA,2018-09-26,6.56,6.6,6.28,6.52
IZEA,2018-09-27,6.36,6.68,6.36,6.4
IZEA,2018-09-28,6.4,6.638,6.36,6.36
IZEA,2018-10-01,6.32,6.52,6.28,6.28
IZEA,2018-10-02,6.28,6.408,6.0,6.08
IZEA,2018-10-03,6.08,6.24,5.8,6.2
IZEA,2018-10-04,9.16,12.0,7.2,7.44
IZEA,2018-10-05,6.96,7.0796,6.4,6.6
IZEA,2018-10-08,6.6,6.84,6.4,6.76
IZEA,2018-10-09,6.68,6.7596,6.32,6.56
IZEA,2018-10-10,6.48,6.6304,6.2,6.32
IZEA,2018-10-11,6.24,6.5592,6.2,6.24
IZEA,2018-10-12,6.4,6.56,6.28,6.56
IZEA,2018-10-15,6.48,6.64,6.4,6.4
IZEA,2018-10-16,6.44,7.2,6.4,6.6
IZEA,2018-10-17,6.88,6.88,6.52,6.76
IZEA,2018-10-18,6.68,6.85,6.48,6.8
IZEA,2018-10-19,6.8,6.8,6.4,6.48
IZEA,2018-10-22,6.64,6.8,6.32,6.68
IZEA,2018-10-23,6.36,6.596,6.32,6.48
IZEA,2018-10-24,6.4,6.468,6.0,6.0672
IZEA,2018-10-25,6.12,6.44,6.08,6.24
IZEA,2018-10-26,6.28,6.28,6.08,6.24
IZEA,2018-10-29,6.32,7.08,6.08,6.24
IZEA,2018-10-30,6.36,6.6,6.16,6.4
IZEA,2018-10-31,6.48,6.52,6.24,6.32
IZEA,2018-11-01,6.4,6.76,6.4,6.76
IZEA,2018-11-02,6.72,6.92,6.52,6.92
IZEA,2018-11-05,6.84,6.88,6.68,6.76
IZEA,2018-11-06,6.76,6.76,6.24,6.56
IZEA,2018-11-07,6.6,6.794,6.4,6.6404
IZEA,2018-11-08,6.72,6.77,6.48,6.64
IZEA,2018-11-09,6.64,6.76,6.5332,6.72
IZEA,2018-11-12,6.68,7.0,6.44,6.48
IZEA,2018-11-13,6.48,6.8,6.48,6.56
IZEA,2018-11-14,6.88,7.32,6.52,7.32
IZEA,2018-11-15,6.12,6.1996,5.4,6.08
IZEA,2018-11-16,6.0,6.12,5.8,5.84
IZEA,2018-11-19,5.8,5.9196,5.56,5.84
IZEA,2018-11-20,5.6,6.2,5.44,6.0
IZEA,2018-11-21,5.92,6.0,5.722,5.92
IZEA,2018-11-23,5.84,5.916,5.72,5.852
IZEA,2018-11-26,5.76,5.84,5.72,5.72
IZEA,2018-11-27,5.68,5.7716,5.56,5.6
IZEA,2018-11-28,5.68,5.68,5.12,5.64
IZEA,2018-11-29,5.6528,5.6528,5.24,5.4
IZEA,2018-11-30,5.44,5.56,5.28,5.32
IZEA,2018-12-03,5.32,5.56,5.28,5.52
IZEA,2018-12-04,5.44,5.7316,5.44,5.52
IZEA,2018-12-06,5.36,5.574,5.2,5.4
IZEA,2018-12-07,5.3208,5.48,4.96,5.12
IZEA,2018-12-10,5.16,5.294,4.88,5.12
IZEA,2018-12-11,5.04,5.32,4.84,5.0
IZEA,2018-12-12,5.0,5.2772,4.72,5.04
IZEA,2018-12-13,5.0,5.0396,4.8,4.88
IZEA,2018-12-14,5.076,5.076,4.804,4.902
IZEA,2018-12-17,4.88,5.0156,4.32,4.5352
IZEA,2018-12-18,4.6,4.7368,4.0,4.458
IZEA,2018-12-19,4.4,4.4,4.08,4.16
IZEA,2018-12-20,4.1524,4.2,3.8404,4.16
IZEA,2018-12-21,4.24,4.5596,4.0,4.08
IZEA,2018-12-24,4.08,4.2996,3.88,4.0
IZEA,2018-12-26,4.094,4.3796,3.532,3.5528
IZEA,2018-12-27,3.56,3.6,3.2096,3.28
IZEA,2018-12-28,3.312,3.7996,3.28,3.56
IZEA,2018-12-31,3.56,4.312,3.56,3.92
IZEA,2019-01-02,3.96,4.16,3.96,4.0604
IZEA,2019-01-03,5.16,5.4,4.56,4.72
IZEA,2019-01-04,4.72,5.16,4.56,5.16
IZEA,2019-01-07,5.68,6.8,5.44,5.48
IZEA,2019-01-08,5.44,6.36,4.8404,5.92
IZEA,2019-01-09,5.96,6.2,5.24,5.68
IZEA,2019-01-10,5.64,5.8796,5.32,5.68
IZEA,2019-01-11,5.6,5.76,5.16,5.44
IZEA,2019-01-14,5.44,5.6,5.2,5.48
IZEA,2019-01-15,5.48,5.6128,5.28,5.52
IZEA,2019-01-16,5.56,5.6136,5.4,5.4
IZEA,2019-01-17,5.4928,5.88,5.4,5.72
IZEA,2019-01-18,5.92,6.6,5.64,6.44
IZEA,2019-01-22,6.56,6.9992,6.48,6.56
IZEA,2019-01-23,6.72,6.72,6.2,6.52
IZEA,2019-01-24,6.44,6.4796,6.32,6.4304
IZEA,2019-01-25,6.44,6.8,6.3612,6.52
IZEA,2019-01-28,6.56,6.7596,6.4,6.56
IZEA,2019-01-29,6.504,6.5312,6.36,6.44
IZEA,2019-01-30,6.72,6.84,6.44,6.52
IZEA,2019-01-31,6.64,6.86,6.48,6.76
IZEA,2019-02-01,6.8164,6.88,6.56,6.76
IZEA,2019-02-04,6.76,6.8,6.48,6.52
IZEA,2019-02-05,6.6,6.7996,6.48,6.48
IZEA,2019-02-06,6.52,6.8,6.36,6.8
IZEA,2019-02-07,6.8,6.8,6.52,6.5696
IZEA,2019-02-08,6.4,6.72,6.4,6.52
IZEA,2019-02-11,6.48,6.6,6.44,6.48
IZEA,2019-02-12,6.6,6.72,6.16,6.68
IZEA,2019-02-13,6.48,6.68,6.48,6.56
IZEA,2019-02-14,6.52,6.64,6.4,6.48
IZEA,2019-02-15,6.44,6.6,6.4,6.4
IZEA,2019-02-19,6.72,6.72,6.4,6.56
IZEA,2019-02-20,6.44,6.5468,6.32,6.32
IZEA,2019-02-21,6.4,6.48,6.32,6.4
IZEA,2019-02-22,6.44,6.6,6.32,6.5196
IZEA,2019-02-25,6.52,7.0,6.4,6.5912
IZEA,2019-02-26,6.72,6.88,6.56,6.56
IZEA,2019-02-27,6.52,6.72,5.92,6.0896
IZEA,2019-02-28,6.2,6.2796,6.12,6.12
IZEA,2019-03-01,6.12,6.2,5.826,6.08
IZEA,2019-03-04,6.08,6.2,5.92,5.96
IZEA,2019-03-05,6.0,6.12,5.24,5.68
IZEA,2019-03-06,5.76,5.76,5.48,5.52
IZEA,2019-03-07,5.44,5.7,5.28,5.36
IZEA,2019-03-08,5.48,5.6,5.32,5.6
IZEA,2019-03-11,5.62,6.04,5.4,5.56
IZEA,2019-03-12,5.6,5.72,5.44,5.52
IZEA,2019-03-13,5.6,5.6,5.44,5.54
IZEA,2019-03-14,5.64,5.72,5.48,5.58
IZEA,2019-03-15,5.6,5.6,5.44,5.56
IZEA,2019-03-18,5.6,5.6,5.2,5.56
IZEA,2019-03-19,5.52,5.72,5.52,5.56
IZEA,2019-03-20,5.56,5.8,5.56,5.6
IZEA,2019-03-21,5.6,5.68,5.52,5.56
IZEA,2019-03-22,5.58,5.6,5.52,5.5508
IZEA,2019-03-25,5.52,5.56,5.28,5.52
IZEA,2019-03-26,5.56,5.6124,5.4,5.56
IZEA,2019-03-27,6.0,6.0,5.28,5.6
IZEA,2019-03-28,5.6,5.776,5.2,5.36
IZEA,2019-03-29,5.0,5.28,4.2,4.6
IZEA,2019-04-01,5.0,5.0,4.482,4.76
IZEA,2019-04-02,4.8,4.862,4.5832,4.8
IZEA,2019-04-03,4.4,4.88,4.2792,4.56
IZEA,2019-04-04,4.6,4.7196,4.4,4.52
IZEA,2019-04-05,4.4384,4.4796,4.24,4.32
IZEA,2019-04-08,4.32,4.48,4.1596,4.28
IZEA,2019-04-09,4.28,4.32,4.04,4.08
IZEA,2019-04-10,4.48,5.08,4.32,4.4
IZEA,2019-04-11,4.32,4.5692,4.08,4.44
IZEA,2019-04-12,4.52,4.52,4.12,4.2
IZEA,2019-04-15,4.16,4.3596,4.16,4.2
IZEA,2019-04-16,4.32,4.32,4.12,4.12
IZEA,2019-04-17,4.12,4.222,4.0,4.16
IZEA,2019-04-18,4.16,4.32,4.04,4.14
IZEA,2019-04-22,4.16,4.32,4.0404,4.2
IZEA,2019-04-23,4.2,4.8,4.04,4.24
IZEA,2019-04-24,4.2,4.24,4.08,4.16
IZEA,2019-04-25,4.12,4.236,4.12,4.12
IZEA,2019-04-26,4.12,4.2,4.12,4.2
IZEA,2019-04-29,4.12,4.194,4.06,4.12
IZEA,2019-04-30,4.24,4.28,4.08,4.08
IZEA,2019-05-01,4.12,4.12,3.644,3.76
IZEA,2019-05-02,3.6844,3.8004,3.5764,3.6004
IZEA,2019-05-03,3.548,3.6,3.28,3.52
IZEA,2019-05-06,3.48,3.68,3.42,3.6004
IZEA,2019-05-07,3.5436,3.676,3.44,3.52
IZEA,2019-05-08,2.8396,2.84,2.52,2.6
IZEA,2019-05-09,2.6604,2.72,2.2,2.36
IZEA,2019-05-10,2.48,2.5876,2.4,2.578
IZEA,2019-05-13,2.64,2.68,2.48,2.64
IZEA,2019-05-14,2.48,2.92,2.48,2.5944
IZEA,2019-05-15,2.6,2.72,2.4028,2.4992
IZEA,2019-05-16,2.52,2.53228,2.4,2.452
IZEA,2019-05-17,2.504,2.56,2.3328,2.3328
IZEA,2019-05-20,2.4,2.48,2.2024,2.48
IZEA,2019-05-21,2.48,2.48,2.32,2.3756
IZEA,2019-05-22,2.4072,2.4072,2.2404,2.3996
IZEA,2019-05-23,2.4,2.4,2.28,2.3076
IZEA,2019-05-24,2.38,2.4596,2.2804,2.4592
IZEA,2019-05-28,2.42,2.48,2.32,2.3696
IZEA,2019-05-29,2.4064,2.48,2.3604,2.3952
IZEA,2019-05-30,2.3752,2.4,2.2804,2.3292
IZEA,2019-05-31,2.2804,2.3948,2.24,2.2412
IZEA,2019-06-03,2.28,2.3932,2.1652,2.1756
IZEA,2019-06-04,2.1756,2.24148,2.1756,2.208
IZEA,2019-06-05,2.24,2.2932,2.16,2.26
IZEA,2019-06-06,2.32,2.32,2.2004,2.2428
IZEA,2019-06-07,2.24,2.556,2.24,2.46
IZEA,2019-06-10,2.5084,2.632,2.2824,2.3488
IZEA,2019-06-11,2.44,2.68,2.24,2.5166
IZEA,2019-06-12,2.5996,2.5996,2.2008,2.24
IZEA,2019-06-13,2.2596,2.3096,2.04,2.0584
IZEA,2019-06-14,2.0408,2.0408,1.92,1.9276
IZEA,2019-06-17,2.0,2.12416,1.9276,1.964
IZEA,2019-06-18,1.96,2.16,1.96,2.0828
IZEA,2019-06-19,2.08,2.1808,2.0084,2.0728
IZEA,2019-06-20,2.1396,2.192,1.96,1.98
IZEA,2019-06-21,2.08,2.36,1.96,2.1172
IZEA,2019-06-24,2.08,2.28,2.08,2.1276
IZEA,2019-06-25,2.188,2.283,2.122,2.2
IZEA,2019-06-26,2.2424,2.508,2.2,2.28
IZEA,2019-06-27,2.04,2.16,2.0,2.0804
IZEA,2019-06-28,2.16,2.16,1.96,2.05
IZEA,2019-07-01,2.1132,2.1132,2.05,2.05
IZEA,2019-07-02,2.364,2.5196,2.08,2.1568
IZEA,2019-07-03,2.2,2.21912,2.08,2.098
IZEA,2019-07-05,2.1,2.16,2.0,2.102
IZEA,2019-07-08,2.102,2.16,2.0,2.08
IZEA,2019-07-09,2.08,2.16,2.004,2.0416
IZEA,2019-07-10,2.08,2.1596,2.0,2.0532
IZEA,2019-07-11,2.04,2.156,2.04,2.08
IZEA,2019-07-12,2.0804,2.16,2.06,2.08
IZEA,2019-07-15,2.08,2.0848,2.0364,2.0396
IZEA,2019-07-16,2.02,2.158,2.0104,2.0768
IZEA,2019-07-17,2.08,2.108,2.0156,2.0216
IZEA,2019-07-18,2.04,2.0552,1.8412,1.8512
IZEA,2019-07-19,1.88,1.88,1.6596,1.7496
IZEA,2019-07-22,1.78,1.8,1.7,1.736
IZEA,2019-07-23,1.6996,1.796,1.528,1.6996
IZEA,2019-07-24,1.7088,1.7424,1.528,1.6736
IZEA,2019-07-25,1.6948,1.6948,1.6128,1.6128
IZEA,2019-07-26,1.64,1.68,1.5644,1.5908
IZEA,2019-07-29,1.622,1.622,1.5012,1.5108
IZEA,2019-07-30,1.68,1.8,1.6,1.7167
IZEA,2019-07-31,1.68,1.7164,1.6084,1.6176
IZEA,2019-08-01,2.04,2.6372,1.808,1.8488
IZEA,2019-08-02,1.804,2.16,1.8,1.9756
IZEA,2019-08-05,1.8148,1.956,1.8,1.84
IZEA,2019-08-06,1.8,1.956,1.8,1.9
IZEA,2019-08-07,1.9168,1.9268,1.64,1.8404
IZEA,2019-08-08,1.78,1.9044,1.7604,1.904
IZEA,2019-08-09,1.876,1.9992,1.8464,1.954
IZEA,2019-08-12,2.014,2.196,1.96,2.08
IZEA,2019-08-13,2.1544,2.2796,2.08,2.2468
IZEA,2019-08-14,1.88,1.92,1.6,1.68
IZEA,2019-08-15,1.604,1.752,1.5,1.538
IZEA,2019-08-16,1.88,2.16,1.6048,1.67
IZEA,2019-08-19,1.6452,1.72,1.62,1.6352
IZEA,2019-08-20,1.66,1.66,1.54,1.592
IZEA,2019-08-21,1.6,1.6,1.512,1.5532
IZEA,2019-08-22,1.5424,1.5916,1.5,1.5224
IZEA,2019-08-23,1.5364,1.5364,1.3324,1.36
IZEA,2019-08-26,1.38,1.4356,1.2652,1.356
IZEA,2019-08-27,1.3428,1.356,1.2,1.2236
IZEA,2019-08-28,1.2116,1.3116,1.1212,1.2708
IZEA,2019-08-29,1.24,1.32,1.2116,1.282
IZEA,2019-08-30,1.3176,1.3176,1.16,1.2552
IZEA,2019-09-03,1.248,1.28,1.2,1.24265
IZEA,2019-09-04,1.2376,1.4,1.204,1.3562
IZEA,2019-09-05,1.36,1.3996,1.2772,1.32
IZEA,2019-09-06,1.32,1.3596,1.2404,1.2944
IZEA,2019-09-09,1.262,1.376,1.2404,1.2564
IZEA,2019-09-10,1.2912,1.328,1.2604,1.28
IZEA,2019-09-11,1.288,1.3196,1.2628,1.2996
IZEA,2019-09-12,1.2848,1.3992,1.2848,1.322
IZEA,2019-09-13,1.32,1.392,1.3004,1.344
IZEA,2019-09-16,1.3916,1.4,1.32228,1.3684
IZEA,2019-09-17,1.3684,1.3684,1.3024,1.3284
IZEA,2019-09-18,1.3684,1.44,1.2852,1.3048
IZEA,2019-09-19,1.3092,1.338,1.1644,1.2048
IZEA,2019-09-20,1.2256,1.236,1.11,1.176
IZEA,2019-09-23,1.132,1.1756,1.102,1.1196
IZEA,2019-09-24,1.124,1.124,1.024,1.0472
IZEA,2019-09-25,1.16,1.16,1.052,1.082
IZEA,2019-09-26,1.112,1.134,1.04,1.0744
IZEA,2019-09-27,1.052,1.08,1.0,1.03
IZEA,2019-09-30,1.0452,1.052,0.96,1.0316
IZEA,2019-10-01,1.0004,1.1596,1.0,1.0952
IZEA,2019-10-02,1.04,1.12,1.004,1.042
IZEA,2019-10-03,1.0004,1.1044,1.0004,1.0768
IZEA,2019-10-04,1.004,1.2396,1.004,1.2
IZEA,2019-10-07,1.2,1.3,1.12,1.21
IZEA,2019-10-08,1.2296,1.24,1.12,1.2
IZEA,2019-10-09,1.24,1.24,1.15982,1.2324
IZEA,2019-10-10,1.2332,1.2332,1.146,1.1828
IZEA,2019-10-11,1.12,1.1692,1.0,1.036
IZEA,2019-10-14,1.0876,1.1196,1.032,1.084
IZEA,2019-10-15,1.096,1.15706,1.06,1.12
IZEA,2019-10-16,1.2,1.2,1.08,1.1108
IZEA,2019-10-17,1.0804,1.12,1.0804,1.084
IZEA,2019-10-18,1.124,1.1296,1.084,1.1
IZEA,2019-10-21,1.1548,1.1548,1.04,1.08
IZEA,2019-10-22,1.1032,1.1032,1.04177,1.0816
IZEA,2019-10-23,1.1368,1.16,1.08,1.1444
IZEA,2019-10-24,1.2,1.2,1.12,1.154
IZEA,2019-10-25,1.16,1.16,1.1,1.1
IZEA,2019-10-28,1.18,1.2,1.08,1.16
IZEA,2019-10-29,1.2,1.2,1.1148,1.1204
IZEA,2019-10-30,1.08,1.1752,1.08,1.12
IZEA,2019-10-31,1.12,1.148,1.0844,1.12
IZEA,2019-11-01,1.1416,1.24,1.12,1.1804
IZEA,2019-11-04,1.28,1.28,1.12,1.2
IZEA,2019-11-05,1.2,1.24,1.128,1.2316
IZEA,2019-11-06,1.2284,1.26,1.1608,1.2116
IZEA,2019-11-07,1.2004,1.272,1.2,1.208
IZEA,2019-11-08,1.208,1.26,1.1736,1.2008
IZEA,2019-11-11,1.2008,1.244,1.128,1.2
IZEA,2019-11-12,1.16,1.1996,1.08,1.1204
IZEA,2019-11-13,1.1344,1.1596,1.08,1.138
IZEA,2019-11-14,1.2,1.2,1.04,1.04646
IZEA,2019-11-15,1.04,1.2,1.04,1.04
IZEA,2019-11-18,1.06,1.1356,1.0,1.04
IZEA,2019-11-19,1.04,1.06,1.0004,1.0408
IZEA,2019-11-20,1.04,1.04,0.96,0.972
IZEA,2019-11-21,0.96,1.04,0.96,1.0044
IZEA,2019-11-22,1.0076,1.0156,0.96,1.0104
IZEA,2019-11-25,0.9876,1.0,0.96,0.9824
IZEA,2019-11-26,1.0,1.0,0.92,0.9868
IZEA,2019-11-27,0.9868,0.9868,0.8896,0.959612
IZEA,2019-11-29,0.944,1.0596,0.9296,1.02
IZEA,2019-12-02,0.96,1.032,0.96,0.98
IZEA,2019-12-03,1.0,1.0,0.92,0.972
IZEA,2019-12-04,0.9912,1.0216,0.9248,0.968
IZEA,2019-12-05,0.968,1.02,0.9552,0.9724
IZEA,2019-12-06,1.0,1.1192,0.9764,1.0
IZEA,2019-12-09,1.008,1.01823,0.8896,0.9804
IZEA,2019-12-10,0.9896,0.9896,0.84,0.944
IZEA,2019-12-11,0.92,0.9596,0.8444,0.92
IZEA,2019-12-12,0.9192,0.9196,0.8604,0.8856
IZEA,2019-12-13,0.9584,0.9584,0.844,0.86
IZEA,2019-12-16,0.92,0.92,0.82,0.912
IZEA,2019-12-17,0.8944,0.8944,0.8524,0.8884
IZEA,2019-12-18,0.912,0.96,0.86,0.96
IZEA,2019-12-19,0.9576,0.9576,0.8804,0.9232
IZEA,2019-12-20,0.9396,0.96,0.8808,0.96
IZEA,2019-12-23,0.9584,0.9584,0.9,0.92
IZEA,2019-12-24,0.88,0.92,0.88,0.908
IZEA,2019-12-26,0.91,1.0,0.8808,0.96
IZEA,2019-12-27,0.998,1.032,0.9408,0.9604
IZEA,2019-12-30,1.02,1.02,0.88,0.88
IZEA,2019-12-31,0.9396,0.996,0.912,0.9464
IZEA,2020-01-02,0.9936,1.17996,0.9936,1.136
IZEA,2020-01-03,1.196,1.2,1.01,1.1172
IZEA,2020-01-06,1.16,1.356,1.1144,1.3152
IZEA,2020-01-07,1.38,1.38,1.142,1.1888
IZEA,2020-01-08,1.1204,1.196,1.12,1.1428
IZEA,2020-01-09,1.14,1.24,1.14,1.216
IZEA,2020-01-10,1.16,1.24,1.1,1.16
IZEA,2020-01-13,1.2,1.2,1.116,1.1776
IZEA,2020-01-14,1.16,1.16,1.14,1.1404
IZEA,2020-01-15,1.12,1.1592,1.102,1.1024
IZEA,2020-01-16,1.1024,1.3328,1.1,1.24
IZEA,2020-01-17,1.276,1.276,1.06,1.12
IZEA,2020-01-21,1.16,1.1996,1.1248,1.164
IZEA,2020-01-22,1.218,1.3596,1.12,1.2356
IZEA,2020-01-23,1.2296,1.44,1.2044,1.4264
IZEA,2020-01-24,1.47,1.47,1.284,1.3384
IZEA,2020-01-27,1.3096,1.3352,1.1272,1.2112
IZEA,2020-01-28,1.16,1.28,1.16,1.24
IZEA,2020-01-29,1.2628,1.3152,1.2148,1.2984
IZEA,2020-01-30,1.2984,1.36,1.2604,1.31
IZEA,2020-01-31,1.2004,1.31716,1.2,1.28
IZEA,2020-02-03,1.28,1.32,1.218,1.2292
IZEA,2020-02-04,1.2236,1.264,1.14,1.19
IZEA,2020-02-05,1.2,1.22,1.1764,1.2
IZEA,2020-02-06,1.22,1.22,1.1248,1.18
IZEA,2020-02-07,1.22,1.22,1.14,1.1596
IZEA,2020-02-10,1.1404,1.35893,1.1396,1.24
IZEA,2020-02-11,1.24,1.24,1.2,1.2004
IZEA,2020-02-12,1.2,1.236,1.1608,1.1924
IZEA,2020-02-13,1.16,1.25,1.16,1.17
IZEA,2020-02-14,1.2284,1.234,1.1796,1.1808
IZEA,2020-02-18,1.16,1.1996,1.16,1.1672
IZEA,2020-02-19,1.2296,1.2296,1.16,1.1796
IZEA,2020-02-20,1.16,1.1956,1.1556,1.18
IZEA,2020-02-21,1.18,1.1896,1.1244,1.1592
IZEA,2020-02-24,1.12,1.1596,1.0,1.1532
IZEA,2020-02-25,1.1576,1.1576,1.022,1.08
IZEA,2020-02-26,1.12,1.12,1.0328,1.06
IZEA,2020-02-27,1.032,1.0668,0.96,0.983864
IZEA,2020-02-28,0.9236,1.032,0.88,1.0191
IZEA,2020-03-02,1.036,1.036,0.9816,0.998
IZEA,2020-03-03,1.036,1.036,0.9644,1.0
IZEA,2020-03-04,1.02,1.0248,0.97932,1.006
IZEA,2020-03-05,1.02,1.202,0.9204,1.036
IZEA,2020-03-06,1.02,1.02,0.936,0.94
IZEA,2020-03-09,0.96,0.96,0.7604,0.815004
IZEA,2020-03-10,0.92,0.92,0.6844,0.7996
IZEA,2020-03-11,0.8032,0.828,0.72,0.7796
IZEA,2020-03-12,0.6,0.7,0.5996,0.6732
IZEA,2020-03-13,0.64,0.78,0.62,0.66
IZEA,2020-03-16,0.4004,0.628,0.28,0.536
IZEA,2020-03-17,0.556,0.6,0.52,0.56
IZEA,2020-03-18,0.604,0.604,0.52,0.5348
IZEA,2020-03-19,0.4852,0.72,0.48,0.6404
IZEA,2020-03-20,0.7184,0.7184,0.6,0.64
IZEA,2020-03-23,0.608,0.7,0.58,0.6036
IZEA,2020-03-24,0.6652,0.68,0.6336,0.672
IZEA,2020-03-25,0.72,0.8542,0.7144,0.7972
IZEA,2020-03-26,0.84,0.86,0.684,0.758
IZEA,2020-03-27,0.752,0.752,0.584,0.708
IZEA,2020-03-30,0.7404,0.7936,0.6524,0.752
IZEA,2020-03-31,1.18,1.52,0.7596,0.8
IZEA,2020-04-01,0.798,0.864,0.64,0.6856
IZEA,2020-04-02,0.72,0.72,0.6444,0.6484
IZEA,2020-04-03,0.648,0.6752,0.5644,0.6188
IZEA,2020-04-06,0.6616,0.6696,0.52,0.6224
IZEA,2020-04-07,0.6,0.6576,0.58,0.6284
IZEA,2020-04-08,0.64,0.6568,0.6164,0.641796
IZEA,2020-04-09,0.64,0.7024,0.62,0.64
IZEA,2020-04-13,0.6424,0.66,0.624,0.644376
IZEA,2020-04-14,0.656,0.8632,0.6436,0.82
IZEA,2020-04-15,0.724,0.7996,0.6844,0.7576
IZEA,2020-04-16,0.716,0.756,0.684,0.708
IZEA,2020-04-17,0.96,1.098,0.76,0.8352
IZEA,2020-04-20,0.796,0.9452,0.7604,0.796
IZEA,2020-04-21,0.7644,0.8192,0.7,0.7364
IZEA,2020-04-22,0.74,0.856,0.732,0.8196
IZEA,2020-04-23,0.872,0.88,0.7644,0.8
IZEA,2020-04-24,0.84,0.87,0.8,0.8156
IZEA,2020-04-27,0.8396,0.92,0.804,0.8716
IZEA,2020-04-28,0.888,0.896,0.8,0.849996
IZEA,2020-04-29,0.8436,0.916,0.84,0.884
IZEA,2020-04-30,0.9052,1.0796,0.881996,1.0
IZEA,2020-05-01,0.9996,1.0,0.84,0.8764
IZEA,2020-05-04,1.24,1.929,1.16,1.5172
IZEA,2020-05-05,1.35,1.4,1.2,1.356
IZEA,2020-05-06,1.6992,3.3176,1.6,2.08
IZEA,2020-05-07,2.1964,2.7196,2.08,2.24
IZEA,2020-05-08,2.0,2.3148,1.8592,2.194
IZEA,2020-05-11,2.08,2.2332,1.936,2.2
IZEA,2020-05-12,2.16,2.198,2.0,2.0676
IZEA,2020-05-13,2.148,2.58,2.04,2.528
IZEA,2020-05-14,2.96,3.796,2.6,2.8176
IZEA,2020-05-15,2.2,2.66,2.052,2.5076
IZEA,2020-05-18,2.76,2.96,2.36,2.3972
IZEA,2020-05-19,2.508,2.52,2.24,2.28
IZEA,2020-05-20,2.2,2.356,2.06,2.2396
IZEA,2020-05-21,2.12,2.1556,2.0,2.08
IZEA,2020-05-22,2.04,2.2,1.88,2.1948
IZEA,2020-05-26,2.862,3.2596,2.5732,2.6364
IZEA,2020-05-27,2.52,2.5552,2.24,2.466
IZEA,2020-05-28,2.3068,2.79,2.2804,2.52
IZEA,2020-05-29,2.536,2.54,2.36,2.4392
IZEA,2020-06-01,2.36,2.44,2.28,2.4336
IZEA,2020-06-02,2.4716,2.4716,2.28,2.3504
IZEA,2020-06-03,2.34,2.3996,2.12,2.36
IZEA,2020-06-04,2.4,2.6,2.3536,2.48
IZEA,2020-06-05,2.44,2.568,2.36,2.3996
IZEA,2020-06-08,2.44,5.12,2.36,5.04
IZEA,2020-06-09,9.28,10.36,7.0,8.32
IZEA,2020-06-10,7.6,9.0,6.72,8.68
IZEA,2020-06-11,9.76,12.52,8.68,11.28
IZEA,2020-06-12,11.2,12.0,6.16,6.88
IZEA,2020-06-15,6.2,7.68,6.08,7.48
IZEA,2020-06-16,7.2,7.36,6.6,6.76
IZEA,2020-06-17,6.24,6.48,5.6,6.32
IZEA,2020-06-18,6.44,6.56,6.0,6.2
IZEA,2020-06-19,5.6964,5.96,5.0,5.48
IZEA,2020-06-22,5.08,5.36,4.72,4.96
IZEA,2020-06-23,4.56,4.96,4.48,4.56
IZEA,2020-06-24,4.52,4.84,4.12,4.54
IZEA,2020-06-25,5.44,5.56,4.72,4.88
IZEA,2020-06-26,5.16,5.16,4.32,4.4
IZEA,2020-06-29,4.52,5.16,4.08,4.8
IZEA,2020-06-30,4.88,4.96,4.44,4.56
IZEA,2020-07-01,4.52,4.64,4.36,4.52
IZEA,2020-07-02,4.44,4.68,4.32,4.48
IZEA,2020-07-06,4.44,4.72,4.32,4.44
IZEA,2020-07-07,4.44,4.44,4.2,4.28
IZEA,2020-07-08,4.32,4.3204,4.12,4.24
IZEA,2020-07-09,4.32,4.36,4.12,4.28
IZEA,2020-07-10,4.32,4.64,4.12,4.48
IZEA,2020-07-13,4.56,4.96,4.16,4.28
IZEA,2020-07-14,4.32,4.32,3.6,4.08
IZEA,2020-07-15,4.08,4.16,4.0,4.12
IZEA,2020-07-16,4.16,4.8,4.04,4.48
IZEA,2020-07-17,4.48,4.5196,4.2,4.4
IZEA,2020-07-20,4.36,4.72,4.24,4.28
IZEA,2020-07-21,4.28,4.44,4.12,4.4
IZEA,2020-07-22,4.32,4.56,4.24,4.4
IZEA,2020-07-23,4.32,4.4,4.12,4.32
IZEA,2020-07-24,4.2,4.28,4.06,4.16
IZEA,2020-07-27,4.28,4.56,4.12,4.36
IZEA,2020-07-28,4.4,4.72,4.2,4.44
IZEA,2020-07-29,4.6728,4.9,4.4,4.64
IZEA,2020-07-30,4.44,4.64,4.32,4.6
IZEA,2020-07-31,4.6,6.24,4.44,5.7
IZEA,2020-08-03,5.88,6.56,5.48,6.16
IZEA,2020-08-04,6.0,6.08,5.48,5.68
IZEA,2020-08-05,5.56,7.88,5.4,7.44
IZEA,2020-08-06,7.32,7.44,6.6,6.88
IZEA,2020-08-07,6.6,6.72,6.08,6.4
IZEA,2020-08-10,6.64,6.68,6.28,6.36
IZEA,2020-08-11,6.24,6.274,5.36,5.4
IZEA,2020-08-12,5.78,5.84,5.44,5.6
IZEA,2020-08-13,5.68,6.0,5.56,5.96
IZEA,2020-08-14,5.48,5.8396,5.28,5.36
IZEA,2020-08-17,5.64,6.2,5.52,6.04
IZEA,2020-08-18,5.96,6.0,5.36,5.4
IZEA,2020-08-19,5.4,5.56,5.2,5.28
IZEA,2020-08-20,5.16,5.24,4.8,5.04
IZEA,2020-08-21,4.92,4.986,4.52,4.64
IZEA,2020-08-24,4.56,4.68,4.1,4.4
IZEA,2020-08-25,4.28,4.8,4.2076,4.8
IZEA,2020-08-26,4.68,4.92,4.48,4.48
IZEA,2020-08-27,4.52,5.56,4.36,5.04
IZEA,2020-08-28,4.96,5.28,4.6,4.6
IZEA,2020-08-31,4.56,4.8,4.48,4.52
IZEA,2020-09-01,4.52,4.58,4.4,4.44
IZEA,2020-09-02,4.44,4.46,4.08,4.36
IZEA,2020-09-03,4.28,4.32,4.0,4.12
IZEA,2020-09-04,4.04,4.2,3.6408,4.04
IZEA,2020-09-08,3.84,4.04,3.76,3.9204
IZEA,2020-09-09,3.916,4.04,3.78,3.8896
IZEA,2020-09-10,3.9988,4.28,3.92,4.0
IZEA,2020-09-11,4.0,4.04,3.6972,3.7916
IZEA,2020-09-14,3.7528,3.872,3.72,3.7912
IZEA,2020-09-15,3.7868,3.8388,3.6836,3.8
IZEA,2020-09-16,3.8,3.9464,3.72,3.8088
IZEA,2020-09-17,3.7736,3.88,3.6804,3.8396
IZEA,2020-09-18,3.84,4.12,3.8,3.964
IZEA,2020-09-21,4.36,5.0,4.1,4.2
IZEA,2020-09-22,4.2,4.6,3.8624,4.08
IZEA,2020-09-23,4.08,4.16,3.7744,3.88
IZEA,2020-09-24,3.8,3.84,3.6,3.75
IZEA,2020-09-25,3.7332,3.9192,3.68,3.9024
IZEA,2020-09-28,3.9456,4.106,3.88,3.92
IZEA,2020-09-29,3.92,4.08,3.88,4.08
IZEA,2020-09-30,4.12,4.1676,3.8,3.9816
IZEA,2020-10-01,3.92,3.952,3.8004,3.8428
IZEA,2020-10-02,3.64,3.822,3.6044,3.72
IZEA,2020-10-05,3.64,3.836,3.64,3.7708
IZEA,2020-10-06,3.7732,3.8176,3.52,3.6412
IZEA,2020-10-07,3.64,3.76,3.6,3.7092
IZEA,2020-10-08,3.68,3.8,3.662,3.722
IZEA,2020-10-09,3.68,3.8,3.68,3.7516
IZEA,2020-10-12,3.72,3.8392,3.692,3.72
IZEA,2020-10-13,3.8,3.8392,3.7,3.76
IZEA,2020-10-14,3.7956,3.96,3.728,3.9212
IZEA,2020-10-15,3.8028,3.9,3.704,3.802
IZEA,2020-10-16,3.8,3.8,3.708,3.708
IZEA,2020-10-19,3.7088,3.7756,3.6404,3.68
IZEA,2020-10-20,3.68,3.7092,3.62,3.6204
IZEA,2020-10-21,3.64,3.8236,3.48,3.4844
IZEA,2020-10-22,3.52,3.5596,3.2404,3.2804
IZEA,2020-10-23,3.28,3.28,3.0404,3.2048
IZEA,2020-10-26,3.324,3.512,3.0584,3.1448
IZEA,2020-10-27,3.016,3.1472,2.96,3.0588
IZEA,2020-10-28,2.88,2.9308,2.76,2.8092
IZEA,2020-10-29,2.76,2.9396,2.76,2.812
IZEA,2020-10-30,2.8836,2.9,2.6504,2.8788
IZEA,2020-11-02,2.8984,2.8984,2.67222,2.7764
IZEA,2020-11-03,2.78,2.9792,2.7732,2.914
IZEA,2020-11-04,2.914,2.976,2.8416,2.8748
IZEA,2020-11-05,2.9368,2.9516,2.88,2.9176
IZEA,2020-11-06,2.92,2.92,2.84,2.8992
IZEA,2020-11-09,2.92,3.92,2.8544,3.252
IZEA,2020-11-10,3.2,3.3516,3.0,3.112
IZEA,2020-11-11,3.234,3.234,3.122,3.16
IZEA,2020-11-12,3.2312,3.32,3.16,3.2456
IZEA,2020-11-13,3.0,3.052,2.84,2.946
IZEA,2020-11-16,2.96,2.996,2.8,2.8188
IZEA,2020-11-17,2.84,3.04,2.8104,2.9196
IZEA,2020-11-18,3.02,3.0792,2.934,3.0324
IZEA,2020-11-19,3.16,3.16,2.9468,3.0316
IZEA,2020-11-20,3.1396,3.1396,2.9644,3.0536
IZEA,2020-11-23,3.1428,3.3596,3.0,3.32
IZEA,2020-11-24,3.3,3.3196,3.0888,3.206
IZEA,2020-11-25,3.2052,3.7196,3.0844,3.6
IZEA,2020-11-27,3.8,4.4,3.784,3.9652
IZEA,2020-11-30,3.8224,3.832,3.4,3.6536
IZEA,2020-12-01,3.6,3.6,3.4088,3.4704
IZEA,2020-12-02,3.4712,3.65,3.44,3.52
IZEA,2020-12-03,3.56,3.72,3.48,3.6316
IZEA,2020-12-04,3.584,3.6316,3.4764,3.5004
IZEA,2020-12-07,3.52,4.2,3.4132,3.7936
IZEA,2020-12-08,3.72,4.0,3.5332,3.7036
IZEA,2020-12-09,3.7268,3.7392,3.3436,3.4044
IZEA,2020-12-10,3.3888,3.56,3.32,3.456
IZEA,2020-12-11,3.48,3.6396,3.36,3.4088
IZEA,2020-12-14,3.462,4.76,3.412,3.92
IZEA,2020-12-15,3.8,3.82,3.52,3.7444
IZEA,2020-12-16,3.92,4.28,3.808,4.12
IZEA,2020-12-17,4.16,4.6,4.04,4.32
IZEA,2020-12-18,4.2,4.4152,3.9744,3.9744
IZEA,2020-12-21,4.4,5.84,4.28,5.62
IZEA,2020-12-22,6.08,6.2,5.2,5.6
IZEA,2020-12-23,5.7532,6.52,5.28,6.16
IZEA,2020-12-24,6.96,8.2,6.72,7.52
IZEA,2020-12-28,7.8,8.16,6.88,7.32
IZEA,2020-12-29,7.28,7.32,6.2,7.08
IZEA,2020-12-30,7.4516,8.0,7.08,7.68
IZEA,2020-12-31,7.92,7.92,6.52,7.28
IZEA,2021-01-04,7.68,7.7504,6.92,7.24
IZEA,2021-01-05,7.16,7.68,6.8,7.32
IZEA,2021-01-06,7.4,7.52,6.8,6.88
IZEA,2021-01-07,7.12,7.44,7.04,7.28
IZEA,2021-01-08,7.4,9.36,7.28,9.0
IZEA,2021-01-11,8.244,10.76,8.244,9.92
IZEA,2021-01-12,10.4,10.76,8.88,9.48
IZEA,2021-01-13,9.68,10.92,9.2,10.36
IZEA,2021-01-14,11.0,13.12,10.84,12.76
IZEA,2021-01-15,12.6,13.5144,11.446,12.82
IZEA,2021-01-19,13.8808,19.0,13.2,17.52
IZEA,2021-01-20,19.04,19.3724,14.28,16.76
IZEA,2021-01-21,16.2044,18.16,14.92,16.76
IZEA,2021-01-22,16.8,19.12,16.4,18.84
IZEA,2021-01-25,20.72,29.8,20.72,28.04
IZEA,2021-01-26,26.96,29.2,24.8,26.0
IZEA,2021-01-27,23.2,23.8,18.24,20.72
IZEA,2021-01-28,22.16,24.84,19.8,20.34
IZEA,2021-01-29,20.34,20.56,18.28,19.16
IZEA,2021-02-01,19.88,19.92,16.88,18.88
IZEA,2021-02-02,19.88,21.32,19.28,20.92
IZEA,2021-02-03,21.68,21.84,19.4,20.0
IZEA,2021-02-04,20.4,21.16,19.48,19.72
IZEA,2021-02-05,20.04,20.3204,18.68,19.44
IZEA,2021-02-08,20.2,22.84,20.04,21.68
IZEA,2021-02-09,21.44,21.52,20.24,21.12
IZEA,2021-02-10,21.2436,21.52,18.44,20.0
IZEA,2021-02-11,19.84,20.0,18.72,18.88
IZEA,2021-02-12,18.88,20.68,17.6,19.12
IZEA,2021-02-16,20.44,21.6,19.6,20.08
IZEA,2021-02-17,19.92,19.92,18.0,18.96
IZEA,2021-02-18,18.0,19.72,17.3016,17.72
IZEA,2021-02-19,18.08,18.32,16.84,17.36
IZEA,2021-02-22,17.28,18.52,17.04,17.28
IZEA,2021-02-23,14.9672,16.72,12.72,16.4
IZEA,2021-02-24,16.76,18.6796,16.4,17.88
IZEA,2021-02-25,17.28,17.84,15.8508,16.28
IZEA,2021-02-26,16.24,16.76,14.92,16.04
IZEA,2021-03-01,16.68,17.42,16.08,17.04
IZEA,2021-03-02,17.32,17.88,16.48,16.68
IZEA,2021-03-03,16.8,17.36,15.24,15.88
IZEA,2021-03-04,15.36,15.76,13.0,13.84
IZEA,2021-03-05,14.04,14.68,10.88,13.28
IZEA,2021-03-08,13.24,15.04,12.68,13.4
IZEA,2021-03-09,14.0,16.24,13.84,15.76
IZEA,2021-03-10,16.4,17.12,14.84,15.36
IZEA,2021-03-11,16.04,16.88,15.52,16.52
IZEA,2021-03-12,16.0,18.08,15.64,17.76
IZEA,2021-03-15,17.8,18.36,17.332,18.0
IZEA,2021-03-16,18.24,18.24,16.04,16.6
IZEA,2021-03-17,15.8,18.88,15.2,18.2
IZEA,2021-03-18,17.22,17.88,16.36,16.72
IZEA,2021-03-19,16.84,18.36,16.3604,18.08
IZEA,2021-03-22,18.24,18.8,17.04,18.12
IZEA,2021-03-23,17.92,18.0,16.8,17.32
IZEA,2021-03-24,17.84,17.92,15.36,15.72
IZEA,2021-03-25,14.74,17.64,14.48,17.0
IZEA,2021-03-26,17.2,18.08,15.66,16.2
IZEA,2021-03-29,16.36,17.6,15.2,15.6
IZEA,2021-03-30,15.6,15.84,14.44,15.84
IZEA,2021-03-31,15.08,16.68,14.84,15.08
IZEA,2021-04-01,15.28,15.756,14.24,15.4
IZEA,2021-04-05,16.04,18.44,15.84,17.8
IZEA,2021-04-06,18.36,18.44,17.12,18.28
IZEA,2021-04-07,18.0,21.12,17.804,18.28
IZEA,2021-04-08,18.0,20.7,17.0,20.16
IZEA,2021-04-09,19.8,20.5996,19.0,20.44
IZEA,2021-04-12,20.2,21.7596,17.68,21.32
IZEA,2021-04-13,22.32,22.32,18.24,18.76
IZEA,2021-04-14,18.64,19.3404,16.44,16.72
IZEA,2021-04-15,17.4,17.64,15.4,15.68
IZEA,2021-04-16,15.44,15.56,14.08,14.96
IZEA,2021-04-19,14.68,15.28,14.14,14.2
IZEA,2021-04-20,14.04,14.64,12.92,13.36
IZEA,2021-04-21,13.36,14.48,13.08,14.36
IZEA,2021-04-22,14.12,15.4,13.92,14.56
IZEA,2021-04-23,14.44,15.32,14.44,15.16
IZEA,2021-04-26,15.28,15.88,14.68,15.6
IZEA,2021-04-27,15.48,16.0,14.94,15.44
IZEA,2021-04-28,15.6,16.52,15.16,15.88
IZEA,2021-04-29,16.04,16.1048,14.48,15.16
IZEA,2021-04-30,14.88,15.32,14.56,14.68
IZEA,2021-05-03,14.76,14.8,14.04,14.24
IZEA,2021-05-04,14.04,14.96,13.68,14.8
IZEA,2021-05-05,14.84,15.0,13.96,14.16
IZEA,2021-05-06,14.04,14.352,13.02,13.16
IZEA,2021-05-07,13.44,14.48,13.44,14.2
IZEA,2021-05-10,14.04,14.12,12.08,12.12
IZEA,2021-05-11,11.0576,13.0,10.8,12.84
IZEA,2021-05-12,12.4,12.72,11.88,11.88
IZEA,2021-05-13,12.12,12.32,11.0,11.28
IZEA,2021-05-14,8.92,10.28,8.48,9.12
IZEA,2021-05-17,9.32,11.8,9.0004,11.32
IZEA,2021-05-18,11.48,12.68,10.64,11.84
IZEA,2021-05-19,11.48,12.18,11.2,11.48
IZEA,2021-05-20,11.92,12.32,11.08,11.6
IZEA,2021-05-21,11.4,11.84,11.2,11.36
IZEA,2021-05-24,11.56,11.64,10.66,10.96
IZEA,2021-05-25,10.84,11.12,10.4,10.52
IZEA,2021-05-26,10.4,11.84,10.4,11.32
IZEA,2021-05-27,11.64,11.76,10.76,11.36
IZEA,2021-05-28,11.24,11.92,11.04,11.12
IZEA,2021-06-01,11.44,11.52,10.64,11.12
IZEA,2021-06-02,10.96,12.3,10.96,12.2
IZEA,2021-06-03,12.0,12.08,11.12,11.16
IZEA,2021-06-04,11.48,11.88,11.2,11.6
IZEA,2021-06-07,11.8012,12.28,11.52,11.96
IZEA,2021-06-08,12.12,12.24,11.32,11.72
IZEA,2021-06-09,11.92,12.0,11.4,11.44
IZEA,2021-06-10,11.48,11.76,11.12,11.36
IZEA,2021-06-11,11.4,11.634,11.0,11.08
IZEA,2021-06-14,11.16,11.6804,11.16,11.28
IZEA,2021-06-15,11.28,11.3196,10.28,10.4
IZEA,2021-06-16,10.4,10.6,10.1,10.6
IZEA,2021-06-17,10.4,10.8,10.24,10.48
IZEA,2021-06-18,10.52,10.5992,10.08,10.24
IZEA,2021-06-21,10.08,10.6,9.88,10.6
IZEA,2021-06-22,10.6,10.64,10.12,10.6
IZEA,2021-06-23,10.68,10.96,10.56,10.8
IZEA,2021-06-24,10.652,10.96,10.4,10.44
IZEA,2021-06-25,10.4,10.48,10.16,10.4
IZEA,2021-06-28,10.4,10.72,10.4,10.48
IZEA,2021-06-29,10.4,10.5844,9.92,10.04
IZEA,2021-06-30,10.2,10.36,9.68,10.2
IZEA,2021-07-01,10.28,10.28,9.8,9.88
IZEA,2021-07-02,9.88,9.96,9.2404,9.4
IZEA,2021-07-06,9.3204,10.4,9.12,9.76
IZEA,2021-07-07,9.84,10.12,9.12,9.52
IZEA,2021-07-08,9.08,9.514,8.88,9.0
IZEA,2021-07-09,9.28,10.2,9.0,10.04
IZEA,2021-07-12,9.68,9.96,9.08,9.4
IZEA,2021-07-13,9.4,9.4,8.92,8.96
IZEA,2021-07-14,8.92,9.116,8.56,8.8
IZEA,2021-07-15,8.92,9.28,8.6,8.92
IZEA,2021-07-16,8.8,9.88,8.56,8.6
IZEA,2021-07-19,8.2,8.8,8.08,8.76
IZEA,2021-07-20,8.8,8.84,8.32,8.68
IZEA,2021-07-21,8.64,9.64,8.48,9.0
IZEA,2021-07-22,8.92,9.08,8.6,8.72
IZEA,2021-07-23,8.76,9.36,8.32,8.76
IZEA,2021-07-26,8.88,9.2,8.44,8.6
IZEA,2021-07-27,8.64,8.68,8.16,8.4
IZEA,2021-07-28,8.36,9.2,8.36,9.08
IZEA,2021-07-29,9.2,9.24,8.84,8.84
IZEA,2021-07-30,8.88,9.2,8.8,9.0
IZEA,2021-08-02,9.0,9.24,8.88,9.08
IZEA,2021-08-03,9.32,9.32,8.64,8.76
IZEA,2021-08-04,8.84,8.88,8.64,8.68
IZEA,2021-08-05,8.64,8.96,8.6,8.76
IZEA,2021-08-06,8.76,9.08,8.72,9.04
IZEA,2021-08-09,8.92,9.32,8.882,9.2
IZEA,2021-08-10,9.24,9.52,9.0,9.04
IZEA,2021-08-11,9.04,9.08,8.72,9.04
IZEA,2021-08-12,8.92,9.08,8.56,8.76
IZEA,2021-08-13,8.6,8.7976,8.2,8.24
IZEA,2021-08-16,8.4,8.4,7.76,7.84
IZEA,2021-08-17,7.8,8.08,7.44,7.56
IZEA,2021-08-18,7.64,8.52,7.4,8.08
IZEA,2021-08-19,8.24,8.4,7.84,7.96
IZEA,2021-08-20,7.72,8.36,7.64,8.08
IZEA,2021-08-23,8.12,8.78,8.12,8.52
IZEA,2021-08-24,8.48,8.92,8.44,8.88
IZEA,2021-08-25,8.8,9.2,8.76,8.84
IZEA,2021-08-26,8.96,9.08,8.64,8.64
IZEA,2021-08-27,8.6,9.352,8.56,9.12
IZEA,2021-08-30,9.28,9.3572,8.9,9.24
IZEA,2021-08-31,9.24,10.02,9.16,9.84
IZEA,2021-09-01,9.8,9.96,9.44,9.6
IZEA,2021-09-02,9.8,10.08,9.6416,9.72
IZEA,2021-09-03,9.72,9.84,9.28,9.44
IZEA,2021-09-07,9.32,9.64,9.04,9.08
IZEA,2021-09-08,9.04,9.06,8.44,8.72
IZEA,2021-09-09,8.8,9.28,8.66,9.2
IZEA,2021-09-10,9.2,9.42,9.04,9.08
IZEA,2021-09-13,9.0,9.0,8.56,8.76
IZEA,2021-09-14,8.6,9.2,8.28,8.32
IZEA,2021-09-15,8.2,8.44,8.08,8.32
IZEA,2021-09-16,8.32,8.4,8.12,8.28
IZEA,2021-09-17,8.36,8.56,8.24,8.48
IZEA,2021-09-20,8.2,8.24,7.6,7.78
IZEA,2021-09-21,7.8,8.16,7.76,7.96
IZEA,2021-09-22,8.08,8.42,7.88,8.28
IZEA,2021-09-23,8.36,8.52,8.24,8.4
IZEA,2021-09-24,8.32,8.3208,7.92,8.0
IZEA,2021-09-27,7.92,8.36,7.88,8.28
IZEA,2021-09-28,8.28,8.28,7.88,7.96
IZEA,2021-09-29,8.0,9.12,7.8,8.04
IZEA,2021-09-30,8.04,8.04,7.56,7.68
IZEA,2021-10-01,7.76,7.9,7.48,7.8
IZEA,2021-10-04,7.68,7.96,7.5264,7.6
IZEA,2021-10-05,7.6,8.04,7.52,7.64
IZEA,2021-10-06,7.6,7.7176,7.44,7.52
IZEA,2021-10-07,7.64,7.88,7.6,7.76
IZEA,2021-10-08,7.76,7.88,7.64,7.68
IZEA,2021-10-11,7.64,7.8,7.48,7.52
IZEA,2021-10-12,7.48,7.96,7.48,7.72
IZEA,2021-10-13,7.84,7.84,7.6,7.72
IZEA,2021-10-14,7.76,7.88,7.66,7.84
IZEA,2021-10-15,7.96,8.0,7.56,7.6
IZEA,2021-10-18,7.6,7.6776,7.48,7.56
IZEA,2021-10-19,7.52,7.66,7.36,7.56
IZEA,2021-10-20,7.56,7.8,7.5,7.64
IZEA,2021-10-21,7.64,7.92,7.56,7.68
IZEA,2021-10-22,7.92,12.8,7.84,8.96
IZEA,2021-10-25,9.88,9.88,8.56,9.16
IZEA,2021-10-26,8.4,8.7364,8.24,8.24
IZEA,2021-10-27,8.24,8.36,7.88,7.98
IZEA,2021-10-28,7.88,8.44,7.8,8.24
IZEA,2021-10-29,8.0,8.32,8.0,8.16
IZEA,2021-11-01,8.16,8.66,8.16,8.48
IZEA,2021-11-02,8.6,8.62,7.92,8.24
IZEA,2021-11-03,8.08,8.48,7.98,8.32
IZEA,2021-11-04,8.2,8.32,7.96,8.08
IZEA,2021-11-05,8.12,8.1548,7.92,7.96
IZEA,2021-11-08,8.0,8.6,7.96,8.52
IZEA,2021-11-09,8.48,8.512,8.0,8.2
IZEA,2021-11-10,8.04,8.32,7.92,8.12
IZEA,2021-11-11,8.4,9.7504,8.32,8.44
IZEA,2021-11-12,8.68,9.54,8.6,9.32
IZEA,2021-11-15,9.68,10.2,9.0,9.28
IZEA,2021-11-16,9.28,9.92,9.0,9.64
IZEA,2021-11-17,9.68,9.78,9.2,9.32
IZEA,2021-11-18,9.4,9.8,8.44,8.52
IZEA,2021-11-19,8.4,8.7176,8.2,8.24
IZEA,2021-11-22,8.16,8.16,7.4,7.44
IZEA,2021-11-23,7.44,7.64,6.96,7.36
IZEA,2021-11-24,7.36,7.36,6.92,7.16
IZEA,2021-11-26,6.88,7.12,6.76,7.12
IZEA,2021-11-29,7.12,7.12,6.2,6.64
IZEA,2021-11-30,6.48,6.72,6.28,6.52
IZEA,2021-12-01,6.56,6.92,6.1,6.12
IZEA,2021-12-02,6.12,6.3196,5.92,6.08
IZEA,2021-12-03,6.16,6.16,5.594,5.72
IZEA,2021-12-06,5.68,6.02,5.4,5.88
IZEA,2021-12-07,6.04,6.32,5.88,6.16
IZEA,2021-12-08,6.12,6.56,6.12,6.52
IZEA,2021-12-09,6.4,6.64,6.08,6.16
IZEA,2021-12-10,6.16,6.46,6.0568,6.24
IZEA,2021-12-13,6.1192,6.18,5.68,5.8
IZEA,2021-12-14,5.8,5.92,5.52,5.6
IZEA,2021-12-15,5.52,6.04,5.48,5.96
IZEA,2021-12-16,5.96,6.048,5.58,5.68
IZEA,2021-12-17,5.72,5.92,5.52,5.76
IZEA,2021-12-20,5.52,5.68,5.46,5.52
IZEA,2021-12-21,5.6,5.84,5.6,5.76
IZEA,2021-12-22,5.6,5.98,5.56,5.72
IZEA,2021-12-23,5.68,5.8,5.6,5.68
IZEA,2021-12-27,5.64,5.68,5.28,5.32
IZEA,2021-12-28,5.24,5.36,5.08,5.12
IZEA,2021-12-29,5.16,5.24,4.92,5.0
IZEA,2021-12-30,5.0,5.2,4.96,4.96
IZEA,2021-12-31,4.96,5.4,4.96,5.36
IZEA,2022-01-03,5.44,5.72,5.24,5.44
IZEA,2022-01-04,5.36,5.44,5.16,5.2
IZEA,2022-01-05,5.2,6.0,4.8,4.88
IZEA,2022-01-06,4.8,5.12,4.68,4.88
IZEA,2022-01-07,4.84,5.118,4.84,4.84
IZEA,2022-01-10,4.68,5.4,4.52,5.16
IZEA,2022-01-11,5.16,5.6,5.0,5.12
IZEA,2022-01-12,5.08,5.36,5.08,5.24
IZEA,2022-01-13,5.24,5.3596,5.08,5.12
IZEA,2022-01-14,5.0,5.18,4.96,5.08
IZEA,2022-01-18,4.92,4.96,4.68,4.68
IZEA,2022-01-19,4.84,4.98,4.56,4.64
IZEA,2022-01-20,4.72,4.92,4.56,4.6
IZEA,2022-01-21,4.52,4.62,4.2,4.32
IZEA,2022-01-24,3.72,4.2396,3.64,4.16
IZEA,2022-01-25,4.1996,4.4,4.08,4.32
IZEA,2022-01-26,4.4,4.52,4.12,4.16
IZEA,2022-01-27,4.32,4.48,3.9604,4.04
IZEA,2022-01-28,4.0,4.2,3.92,4.2
IZEA,2022-01-31,4.2,5.04,4.2,4.72
IZEA,2022-02-01,4.72,4.88,4.56,4.8
IZEA,2022-02-02,4.8,4.8,4.5088,4.56
IZEA,2022-02-03,4.36,4.64,4.36,4.52
IZEA,2022-02-04,4.4,5.16,4.4,4.8
IZEA,2022-02-07,4.88,4.96,4.68,4.84
IZEA,2022-02-08,4.8,5.12,4.64,5.08
IZEA,2022-02-09,5.2,5.32,4.96,5.12
IZEA,2022-02-10,5.08,5.36,4.96,5.08
IZEA,2022-02-11,5.08,5.16,4.56,4.68
IZEA,2022-02-14,4.64,4.84,4.64,4.68
IZEA,2022-02-15,4.72,5.24,4.72,5.16
IZEA,2022-02-16,5.16,5.2,4.92,5.0
IZEA,2022-02-17,5.0,5.16,4.56,4.6
IZEA,2022-02-18,4.68,4.76,4.36,4.48
IZEA,2022-02-22,4.48,4.48,4.2,4.28
IZEA,2022-02-23,4.32,4.48,4.24,4.28
IZEA,2022-02-24,3.972,4.64,3.882,4.6
IZEA,2022-02-25,4.6,4.72,4.2,4.32
IZEA,2022-02-28,4.2,4.52,4.16,4.32
IZEA,2022-03-01,4.36,4.4,4.16,4.2
IZEA,2022-03-02,4.34,4.36,4.08,4.2
IZEA,2022-03-03,4.32,4.336,4.04,4.08
IZEA,2022-03-04,4.04,4.12,3.69,3.9468
IZEA,2022-03-07,3.92,3.9552,3.6448,3.708
IZEA,2022-03-08,3.5888,3.9596,3.4,3.7368
IZEA,2022-03-09,3.8916,4.12,3.856,4.04
IZEA,2022-03-10,4.08,4.16,3.99,4.04
IZEA,2022-03-11,4.08,4.16,3.8004,3.8368
IZEA,2022-03-14,3.88,3.9848,3.562,3.68
IZEA,2022-03-15,3.6,3.84,3.594,3.7276
IZEA,2022-03-16,3.798,4.36,3.7296,4.32
IZEA,2022-03-17,4.16,4.72,4.16,4.72
IZEA,2022-03-18,4.72,5.08,4.24,4.24
IZEA,2022-03-21,4.48,5.4,4.44,5.24
IZEA,2022-03-22,5.28,5.64,5.08,5.52
IZEA,2022-03-23,5.52,5.76,5.1,5.36
IZEA,2022-03-24,5.28,5.58,4.84,5.2
IZEA,2022-03-25,5.44,5.44,5.0,5.2
IZEA,2022-03-28,5.24,5.72,5.12,5.48
IZEA,2022-03-29,5.72,5.72,5.24,5.4
IZEA,2022-03-30,5.48,5.92,5.44,5.76
IZEA,2022-03-31,7.2,7.28,6.24,6.64
IZEA,2022-04-01,6.32,6.76,6.32,6.6
IZEA,2022-04-04,6.4,6.7,5.84,5.92
IZEA,2022-04-05,5.96,6.44,5.76,6.2
IZEA,2022-04-06,6.16,6.16,5.57,5.72
IZEA,2022-04-07,5.6,5.7584,5.44,5.64
IZEA,2022-04-08,5.56,5.96,5.54,5.76
IZEA,2022-04-11,5.728,6.08,5.6004,5.72
IZEA,2022-04-12,5.84,5.88,5.4,5.6
IZEA,2022-04-13,5.56,5.64,5.34,5.44
IZEA,2022-04-14,5.4,5.46,5.24,5.44
IZEA,2022-04-18,5.44,5.448,5.0,5.0
IZEA,2022-04-19,5.0,5.24,5.0,5.12
IZEA,2022-04-20,5.2,5.2,4.88,5.08
IZEA,2022-04-21,5.16,5.16,4.76,4.8
IZEA,2022-04-22,4.72,4.908,4.68,4.68
IZEA,2022-04-25,4.68,4.88,4.564,4.8
IZEA,2022-04-26,4.68,4.8,4.48,4.48
IZEA,2022-04-27,4.4,4.76,4.4,4.56
IZEA,2022-04-28,4.6,4.84,4.52,4.84
IZEA,2022-04-29,4.72,4.88,4.48,4.56
IZEA,2022-05-02,4.56,4.8,4.52,4.72
IZEA,2022-05-03,4.72,4.8756,4.6,4.72
IZEA,2022-05-04,4.72,4.88,4.48,4.8
IZEA,2022-05-05,4.8,4.8,4.44,4.48
IZEA,2022-05-06,4.48,4.48,4.2,4.24
IZEA,2022-05-09,4.08,4.24,3.8656,3.924
IZEA,2022-05-10,4.0,4.1716,3.8,3.8996
IZEA,2022-05-11,3.8,4.08,3.72,3.764
IZEA,2022-05-12,3.6512,3.9832,3.64,3.8448
IZEA,2022-05-13,3.92,4.28,3.92,4.12
IZEA,2022-05-16,4.28,4.4,4.0,4.08
IZEA,2022-05-17,4.04,4.08,3.68,3.76
IZEA,2022-05-18,3.68,3.88,3.64,3.69
IZEA,2022-05-19,3.76,4.32,3.72,4.28
IZEA,2022-05-20,4.2,4.32,3.7724,3.88
IZEA,2022-05-23,3.92,4.0,3.7242,3.738
IZEA,2022-05-24,3.8,3.96,3.5224,3.5928
IZEA,2022-05-25,3.64,3.8,3.5948,3.7372
IZEA,2022-05-26,3.68,3.92,3.64,3.656
IZEA,2022-05-27,3.6496,3.9,3.6256,3.77
IZEA,2022-05-31,3.88,3.88,3.684,3.684
IZEA,2022-06-01,3.8,3.88,3.604,3.6592
IZEA,2022-06-02,3.6576,3.84,3.648,3.7376
IZEA,2022-06-03,3.7332,3.8316,3.6,3.6588
IZEA,2022-06-06,3.6588,3.68,3.5708,3.6028
IZEA,2022-06-07,3.58,3.6596,3.56,3.5844
IZEA,2022-06-08,3.56,3.8,3.56,3.8
IZEA,2022-06-09,3.68,3.8768,3.64,3.76
IZEA,2022-06-10,3.6668,4.0,3.6,3.734
IZEA,2022-06-13,3.68,3.7,3.44,3.4604
IZEA,2022-06-14,3.4,3.6716,3.32,3.32
IZEA,2022-06-15,3.32,3.72,3.32,3.7176
IZEA,2022-06-16,3.5888,3.7052,3.4784,3.5456
IZEA,2022-06-17,3.52,3.672,3.48704,3.64
IZEA,2022-06-21,3.64,3.68,3.6,3.6368
IZEA,2022-06-22,3.6372,3.712,3.6,3.6744
IZEA,2022-06-23,3.64,3.9432,3.602,3.78
IZEA,2022-06-24,3.7724,3.912,3.7084,3.764
IZEA,2022-06-27,3.84,3.92,3.6044,3.6256
IZEA,2022-06-28,3.6,3.7244,3.6,3.606
IZEA,2022-06-29,3.6,3.72,3.5624,3.5988
IZEA,2022-06-30,3.584,3.7,3.54,3.592
IZEA,2022-07-01,3.52,3.676,3.44,3.5268
IZEA,2022-07-05,3.5268,3.72,3.44,3.616
IZEA,2022-07-06,3.616,3.76,3.6004,3.6208
IZEA,2022-07-07,3.7988,3.88,3.632,3.684
IZEA,2022-07-08,3.7232,3.8,3.6602,3.7352
IZEA,2022-07-11,3.8,4.16,3.68,3.8404
IZEA,2022-07-12,3.8,4.0,3.72,3.8036
IZEA,2022-07-13,3.804,3.8124,3.64,3.7264
IZEA,2022-07-14,3.7108,3.8748,3.66,3.8308
IZEA,2022-07-15,3.98,3.98,3.7,3.76
IZEA,2022-07-18,3.72,3.832,3.6404,3.6996
IZEA,2022-07-19,3.6272,3.84,3.6,3.8008
IZEA,2022-07-20,3.8,3.9184,3.6872,3.8416
IZEA,2022-07-21,3.8416,4.16,3.8416,4.16
IZEA,2022-07-22,4.12,4.2,3.76,3.8496
IZEA,2022-07-25,3.8,3.84,3.712,3.724
IZEA,2022-07-26,3.6608,3.68,3.52,3.6012
IZEA,2022-07-27,3.78,3.78,3.604,3.6936
IZEA,2022-07-28,3.6784,3.76,3.6008,3.6204
IZEA,2022-07-29,3.64,3.76,3.52,3.6
IZEA,2022-08-01,3.52,3.7,3.4964,3.5864
IZEA,2022-08-02,3.584,3.6824,3.48,3.5312
IZEA,2022-08-03,3.52,3.6796,3.52,3.5972
IZEA,2022-08-04,3.6004,3.648,3.48,3.5176
IZEA,2022-08-05,3.5196,3.5888,3.48,3.5524
IZEA,2022-08-08,3.6012,3.6716,3.56,3.6604
IZEA,2022-08-09,3.6456,3.72,3.52,3.5212
IZEA,2022-08-10,3.592,3.592,3.4996,3.5308
IZEA,2022-08-11,3.56,3.64,3.48,3.54
IZEA,2022-08-12,3.52,3.72,3.3248,3.708
IZEA,2022-08-15,3.72,3.762,3.4964,3.6392
IZEA,2022-08-16,4.32,4.72,3.88,4.04
IZEA,2022-08-17,3.88,4.04,3.8,3.9428
IZEA,2022-08-18,3.8712,3.92,3.76,3.826
IZEA,2022-08-19,3.808,3.8172,3.652,3.7152
IZEA,2022-08-22,3.6,3.6404,3.4808,3.5204
IZEA,2022-08-23,3.6,3.72,3.404,3.6508
IZEA,2022-08-24,3.56,3.7196,3.52,3.6908
IZEA,2022-08-25,3.64,3.716,3.64,3.68
IZEA,2022-08-26,3.68,3.7192,3.56,3.5868
IZEA,2022-08-29,3.48,3.628,3.4648,3.488
IZEA,2022-08-30,3.52,3.628,3.4,3.4254
IZEA,2022-08-31,3.412,3.5196,3.404,3.4172
IZEA,2022-09-01,3.4796,3.4796,3.06,3.2144
IZEA,2022-09-02,3.32,3.4296,3.21,3.3916
IZEA,2022-09-06,3.52,3.52,3.24,3.36
IZEA,2022-09-07,3.4644,3.4644,3.2044,3.37
IZEA,2022-09-08,3.408,3.4488,3.244,3.2892
IZEA,2022-09-09,3.3008,3.4392,3.28,3.3852
IZEA,2022-09-12,3.52,3.64,3.37,3.4804
IZEA,2022-09-13,3.52,3.52088,3.324,3.372
IZEA,2022-09-14,3.3404,3.4,3.204,3.2396
IZEA,2022-09-15,3.242,3.4816,3.242,3.3512
IZEA,2022-09-16,3.32,3.36,3.08,3.28
IZEA,2022-09-19,3.2344,3.296,3.16,3.28
IZEA,2022-09-20,3.2824,3.36,3.12,3.14
IZEA,2022-09-21,3.16,3.32,3.0832,3.16
IZEA,2022-09-22,3.16,3.16,2.8908,3.0004
IZEA,2022-09-23,2.9732,2.9732,2.8308,2.8796
IZEA,2022-09-26,2.84,2.9,2.84,2.84
IZEA,2022-09-27,2.84,2.8972,2.7552,2.7552
IZEA,2022-09-28,2.7552,2.91,2.724,2.8728
IZEA,2022-09-29,2.84,3.12,2.7256,2.92
IZEA,2022-09-30,2.88,2.92,2.784,2.8484
IZEA,2022-10-03,2.84,3.0,2.816,2.9128
IZEA,2022-10-04,2.88,3.0,2.8312,2.9408
IZEA,2022-10-05,2.88,3.0,2.844,2.92
IZEA,2022-10-06,2.84,3.0,2.84,2.8688
IZEA,2022-10-07,2.8688,2.8688,2.7864,2.7952
IZEA,2022-10-10,2.7952,2.84,2.736,2.7456
IZEA,2022-10-11,2.76,2.7936,2.724,2.7448
IZEA,2022-10-12,2.72,2.78,2.72,2.7404
IZEA,2022-10-13,2.72,2.8,2.6256,2.7012
IZEA,2022-10-14,2.68,2.7504,2.62,2.6852
IZEA,2022-10-17,2.64,2.76,2.6044,2.6044
IZEA,2022-10-18,2.64,2.72,2.64,2.6964
IZEA,2022-10-19,2.6964,2.7064,2.64,2.6404
IZEA,2022-10-20,2.64,2.7276,2.64,2.6468
IZEA,2022-10-21,2.64,2.6916,2.6008,2.6204
IZEA,2022-10-24,2.604,2.72,2.57748,2.6528
IZEA,2022-10-25,2.652,2.704,2.6404,2.66
IZEA,2022-10-26,2.66,2.72,2.66,2.7
IZEA,2022-10-27,2.64,2.796,2.64,2.768
IZEA,2022-10-28,2.7368,2.7956,2.6,2.6884
IZEA,2022-10-31,2.652,2.7956,2.64,2.7476
IZEA,2022-11-01,2.76,2.9036,2.76,2.8612
IZEA,2022-11-02,2.88,2.88,2.64,2.724
IZEA,2022-11-03,2.72,2.7868,2.5988,2.62
IZEA,2022-11-04,2.64,2.7196,2.6,2.6224
IZEA,2022-11-07,2.644,2.6864,2.602,2.6556
IZEA,2022-11-08,2.6,2.73,2.6,2.6632
IZEA,2022-11-09,2.676,2.7396,2.6,2.696
IZEA,2022-11-10,2.76,2.7608,2.6404,2.7264
IZEA,2022-11-11,2.684,2.8004,2.64,2.6764
IZEA,2022-11-14,2.6936,2.76,2.66,2.6604
IZEA,2022-11-15,2.68,2.7596,2.6608,2.6608
IZEA,2022-11-16,2.6516,2.6656,2.58662,2.6008
IZEA,2022-11-17,2.584,2.6312,2.4488,2.4792
IZEA,2022-11-18,2.4792,2.576,2.46,2.484
IZEA,2022-11-21,2.464,2.48,2.408,2.408
IZEA,2022-11-22,2.412,2.488,2.3004,2.3208
IZEA,2022-11-23,2.36,2.44,2.33204,2.4
IZEA,2022-11-25,2.4,2.5192,2.36,2.5052
IZEA,2022-11-28,2.3208,2.58,2.3208,2.5512
IZEA,2022-11-29,2.56,2.6384,2.548,2.6
IZEA,2022-11-30,2.6148,2.692,2.6,2.644
IZEA,2022-12-01,2.6,2.76,2.6,2.6808
IZEA,2022-12-02,2.72,2.7596,2.68,2.6852
IZEA,2022-12-05,2.68,2.68,2.6,2.6
IZEA,2022-12-06,2.6,2.68,2.52,2.6
IZEA,2022-12-07,2.6,2.648,2.56,2.648
IZEA,2022-12-08,2.6,2.6664,2.6,2.626
IZEA,2022-12-09,2.626,2.626,2.5948,2.6
IZEA,2022-12-12,2.6,2.6028,2.6,2.6
IZEA,2022-12-13,2.6,2.64,2.6,2.6
IZEA,2022-12-14,2.6,2.6396,2.6,2.6
IZEA,2022-12-15,2.6,2.624,2.6,2.6
IZEA,2022-12-16,2.6,2.64,2.6,2.6004
IZEA,2022-12-19,2.6,2.6184,2.5676,2.58
IZEA,2022-12-20,2.58,2.6192,2.58,2.6
IZEA,2022-12-21,2.6,2.6196,2.6,2.6
IZEA,2022-12-22,2.6,2.608,2.58,2.5836
IZEA,2022-12-23,2.58,2.59,2.56,2.5804
IZEA,2022-12-27,2.6,2.6,2.2592,2.3336
IZEA,2022-12-28,2.2636,2.332,2.252,2.2572
IZEA,2022-12-29,2.24,2.2564,1.956,2.18
IZEA,2022-12-30,2.0324,2.172,2.0,2.172
IZEA,2023-01-03,2.16,2.3104,2.16,2.2536
IZEA,2023-01-04,2.28,2.382,2.24,2.36
IZEA,2023-01-05,2.32,2.3824,2.3,2.32
IZEA,2023-01-06,2.28,2.38,2.24,2.2408
IZEA,2023-01-09,2.2,2.28,2.2,2.2444
IZEA,2023-01-10,2.2,2.3564,2.2,2.2416
IZEA,2023-01-11,2.31,2.36,2.204,2.3204
IZEA,2023-01-12,2.28,2.4,2.28,2.354
IZEA,2023-01-13,2.28,2.64,2.248,2.5952
IZEA,2023-01-17,2.6152,2.6152,2.44,2.5
IZEA,2023-01-18,2.48,2.5916,2.36,2.3644
IZEA,2023-01-19,2.4,2.52,2.364,2.5092
IZEA,2023-01-20,2.6,2.6,2.48,2.574
IZEA,2023-01-23,2.5984,2.64,2.5204,2.6
IZEA,2023-01-24,2.6,2.64,2.52,2.6
IZEA,2023-01-25,2.524,2.6004,2.524,2.584
IZEA,2023-01-26,2.52,2.604,2.52,2.5996
IZEA,2023-01-27,2.56,2.62,2.56,2.6068
IZEA,2023-01-30,2.5576,2.76,2.5576,2.6436
IZEA,2023-01-31,2.68,2.918,2.58,2.8544
IZEA,2023-02-01,2.88,2.9608,2.8004,2.88
IZEA,2023-02-02,2.92,3.036,2.8872,2.94
IZEA,2023-02-03,2.92,3.1916,2.84,3.04
IZEA,2023-02-06,2.98,3.12,2.98,3.0716
IZEA,2023-02-07,3.08,3.12,2.9208,3.016
IZEA,2023-02-08,2.92,3.04,2.88,2.9096
IZEA,2023-02-09,2.92,3.114,2.828,2.9704
IZEA,2023-02-10,2.92,2.9596,2.7792,2.828
IZEA,2023-02-13,2.8,2.84,2.76,2.8252
IZEA,2023-02-14,2.7748,2.9684,2.7748,2.8004
IZEA,2023-02-15,2.76,2.99,2.76,2.8244
IZEA,2023-02-16,2.76,2.84,2.76,2.7724
IZEA,2023-02-17,2.76,2.9176,2.72,2.7204
IZEA,2023-02-21,2.64,2.76,2.64,2.64
IZEA,2023-02-22,2.64,2.6796,2.6108,2.6124
IZEA,2023-02-23,2.68,2.68,2.6,2.6004
IZEA,2023-02-24,2.6004,2.84,2.52,2.52
IZEA,2023-02-27,2.52,2.72,2.52,2.6
IZEA,2023-02-28,2.5404,2.7084,2.5404,2.6
IZEA,2023-03-01,2.52,2.68,2.52,2.5784
IZEA,2023-03-02,2.6,2.68,2.52,2.52
IZEA,2023-03-03,2.56,2.5916,2.512,2.522
IZEA,2023-03-06,2.52,2.5992,2.4804,2.5604
IZEA,2023-03-07,2.5604,2.62,2.484,2.484
IZEA,2023-03-08,2.48,2.532,2.4444,2.48
IZEA,2023-03-09,2.48,2.5508,2.42,2.42
IZEA,2023-03-10,2.414,2.5,2.4,2.4004
IZEA,2023-03-13,2.36,2.36,2.264,2.32
IZEA,2023-03-14,2.312,2.48,2.28,2.3592
IZEA,2023-03-15,2.4,2.4104,2.24,2.32
IZEA,2023-03-16,2.36,2.4,2.244,2.3832
IZEA,2023-03-17,2.3036,2.4792,2.24,2.468
IZEA,2023-03-20,2.4,2.4052,2.28,2.2804
IZEA,2023-03-21,2.2,2.4056,2.2,2.32
IZEA,2023-03-22,2.36,2.4744,2.32,2.3832
IZEA,2023-03-23,2.384,2.52,2.384,2.4548
IZEA,2023-03-24,2.6,2.6,2.48,2.5796
IZEA,2023-03-27,2.5604,2.6396,2.4804,2.5876
IZEA,2023-03-28,2.6,2.76,2.6,2.6816
IZEA,2023-03-29,2.8,2.802,2.6816,2.7308
IZEA,2023-03-30,2.764,2.84,2.72,2.7584
IZEA,2023-03-31,2.6,2.68,2.56,2.6036
IZEA,2023-04-03,2.4,2.56,2.4,2.44
IZEA,2023-04-04,2.44,2.5996,2.344,2.4572
IZEA,2023-04-05,2.4,2.478,2.33,2.442
IZEA,2023-04-06,2.4,2.4804,2.376,2.3812
IZEA,2023-04-10,2.3812,2.5592,2.3812,2.3824
IZEA,2023-04-11,2.3824,2.4956,2.24,2.44
IZEA,2023-04-12,2.44,2.4944,2.34,2.34
IZEA,2023-04-13,2.34,2.4796,2.34,2.4472
IZEA,2023-04-14,2.3984,2.4668,2.37307,2.4424
IZEA,2023-04-17,2.44,2.4796,2.372,2.42
IZEA,2023-04-18,2.4,2.45,2.38,2.44
IZEA,2023-04-19,2.44,2.44,2.3328,2.3604
IZEA,2023-04-20,2.4,2.44,2.28,2.3404
IZEA,2023-04-21,2.4392,2.44,2.28,2.328
IZEA,2023-04-24,2.2812,2.44,2.28,2.3826
IZEA,2023-04-25,2.2804,2.4516,2.28,2.376
IZEA,2023-04-26,2.32,2.42,2.26,2.3212
IZEA,2023-04-27,2.3904,2.4498,2.3044,2.4004
IZEA,2023-04-28,2.36,2.4632,2.3204,2.33
IZEA,2023-05-01,2.3228,2.46,2.3228,2.3252
IZEA,2023-05-02,2.3252,2.52,2.2808,2.4
IZEA,2023-05-03,2.352,2.52,2.326,2.344
IZEA,2023-05-04,2.32,2.458,2.2692,2.3488
IZEA,2023-05-05,2.32,2.444,2.2808,2.406
IZEA,2023-05-08,2.4004,2.5084,2.3204,2.46
IZEA,2023-05-09,2.3272,2.5432,2.3272,2.52
IZEA,2023-05-10,2.444,2.52,2.4044,2.4384
IZEA,2023-05-11,2.4032,2.6004,2.4,2.43
IZEA,2023-05-12,2.4024,2.52,2.4024,2.4144
IZEA,2023-05-15,2.4144,2.5196,2.4104,2.4408
IZEA,2023-05-16,2.42,2.54,2.36,2.5348
IZEA,2023-05-17,2.6,2.7,2.4512,2.686
IZEA,2023-05-18,2.598,3.1,2.56,3.08
IZEA,2023-05-19,3.12,3.12,2.56,2.724
IZEA,2023-05-22,2.68,3.1836,2.6704,2.8396
IZEA,2023-05-23,2.7996,2.8396,2.6804,2.766
IZEA,2023-05-24,2.7564,3.1116,2.6808,2.7888
IZEA,2023-05-25,2.8792,2.8792,2.6884,2.8524
IZEA,2023-05-26,2.84,3.036,2.76,2.89625
IZEA,2023-05-30,2.8964,3.06,2.8004,3.0396
IZEA,2023-05-31,3.112,3.112,2.9204,3.0192
IZEA,2023-06-01,2.9188,3.04,2.9188,3.0004
IZEA,2023-06-02,3.0016,3.08,3.0004,3.04
IZEA,2023-06-05,3.0,3.1192,3.0,3.0404
IZEA,2023-06-06,3.04,3.1192,2.84,3.008
IZEA,2023-06-07,2.9172,3.2344,2.8884,3.2148
IZEA,2023-06-08,3.2392,3.28,3.08,3.12
IZEA,2023-06-09,3.08,3.12,3.0,3.0012
IZEA,2023-06-12,3.0668,3.1992,2.98,3.12
IZEA,2023-06-13,3.1,3.12,3.04,3.042
IZEA,2023-06-14,3.04,3.16,3.04,3.08
IZEA,2023-06-15,3.0,3.0,2.62,2.74
IZEA,2023-06-16,2.69,3.0,2.5,3.0
IZEA,2023-06-20,2.91,2.9777,2.66,2.67
IZEA,2023-06-21,2.67,2.67,2.51,2.51
IZEA,2023-06-22,2.5,2.5994,2.45,2.54
IZEA,2023-06-23,2.48,2.52,2.41,2.41
IZEA,2023-06-26,2.42,2.48,2.36,2.36
IZEA,2023-06-27,2.38,2.46,2.3,2.45
IZEA,2023-06-28,2.41,2.5399,2.41,2.46
IZEA,2023-06-29,2.46,2.55,2.41,2.47
IZEA,2023-06-30,2.4201,2.47,2.39,2.42
IZEA,2023-07-03,2.39,2.51,2.3801,2.47
IZEA,2023-07-05,2.48,2.62,2.45,2.56
IZEA,2023-07-06,2.56,2.6229,2.4801,2.6229
IZEA,2023-07-07,2.62,2.6648,2.52,2.57
IZEA,2023-07-10,2.48,2.66,2.48,2.5
IZEA,2023-07-11,2.47,2.75,2.47,2.71
IZEA,2023-07-12,2.72,2.8646,2.72,2.75
IZEA,2023-07-13,2.79,2.87,2.71,2.76
IZEA,2023-07-14,2.76,2.76,2.71,2.72
IZEA,2023-07-17,2.68,2.7899,2.68,2.69
IZEA,2023-07-18,2.67,2.75,2.6301,2.72
IZEA,2023-07-19,2.72,2.75,2.66,2.66
IZEA,2023-07-20,2.67,2.67,2.44,2.4983
IZEA,2023-07-21,2.5,2.5105,2.4,2.4
IZEA,2023-07-24,2.39,2.43,2.352,2.37
IZEA,2023-07-25,2.37,2.4547,2.36,2.37
IZEA,2023-07-26,2.36,2.46,2.36,2.44
IZEA,2023-07-27,2.43,2.48,2.3601,2.46
IZEA,2023-07-28,2.45,2.53,2.43,2.45
IZEA,2023-07-31,2.44,2.45,2.32,2.39
IZEA,2023-08-01,2.31,2.44,2.31,2.36
IZEA,2023-08-02,2.38,2.4,2.32,2.35
IZEA,2023-08-03,2.34,2.34,2.21,2.21
IZEA,2023-08-04,2.26,2.31,2.19,2.31
IZEA,2023-08-07,2.31,2.32,2.15,2.19
IZEA,2023-08-08,2.22,2.3,2.2,2.25
IZEA,2023-08-09,2.25,2.34,2.22,2.34
IZEA,2023-08-10,2.31,2.36,2.2,2.2
IZEA,2023-08-11,2.23,2.2696,2.13,2.2
IZEA,2023-08-14,2.19,2.1996,2.05,2.12
IZEA,2023-08-15,2.25,2.25,2.02,2.06
IZEA,2023-08-16,2.06,2.1,1.93,2.04
IZEA,2023-08-17,2.04,2.1699,1.97,2.11
IZEA,2023-08-18,2.1,2.11,1.98,2.07
IZEA,2023-08-21,2.07,2.12,2.0,2.05
IZEA,2023-08-22,2.07,2.13,1.9975,2.07
IZEA,2023-08-23,2.04,2.28,2.03,2.27
IZEA,2023-08-24,2.27,2.37,2.26,2.37
IZEA,2023-08-25,2.34,2.4825,2.33,2.34
IZEA,2023-08-28,2.33,2.34,2.22,2.22
IZEA,2023-08-29,2.21,2.34,2.18,2.32
IZEA,2023-08-30,2.29,2.41,2.26,2.38
IZEA,2023-08-31,2.37,2.4058,2.24,2.265
IZEA,2023-09-01,2.3503,2.3503,2.2,2.2
IZEA,2023-09-05,2.23,2.29,2.13,2.2
IZEA,2023-09-06,2.17,2.2835,2.1,2.1412
IZEA,2023-09-07,2.11,2.15,2.065,2.13
IZEA,2023-09-08,2.11,2.1458,2.0667,2.12
IZEA,2023-09-11,2.1,2.17,2.06,2.08
IZEA,2023-09-12,2.08,2.15,2.06,2.06
IZEA,2023-09-13,2.11,2.11,2.03,2.05
IZEA,2023-09-14,2.04,2.1,1.86,2.04
IZEA,2023-09-15,2.04,2.13,2.03,2.08
IZEA,2023-09-18,2.1,2.16,2.08,2.13
IZEA,2023-09-19,2.11,2.13,2.1,2.11
IZEA,2023-09-20,2.1153,2.15,2.1,2.11
IZEA,2023-09-21,2.1,2.15,2.03,2.15
IZEA,2023-09-22,2.15,2.15,2.1086,2.1295
IZEA,2023-09-25,2.1,2.17,2.1,2.13
IZEA,2023-09-26,2.14,2.3644,2.1274,2.14
IZEA,2023-09-27,2.13,2.18,2.13,2.16
IZEA,2023-09-28,2.18,2.2,2.16,2.16
IZEA,2023-09-29,2.1475,2.18,2.11,2.18
IZEA,2023-10-02,2.2,2.2,2.1104,2.14
IZEA,2023-10-03,2.2,2.269,2.1519,2.17
IZEA,2023-10-04,2.12,2.24,2.12,2.21
IZEA,2023-10-05,2.21,2.34,2.21,2.25
IZEA,2023-10-06,2.2727,2.2727,2.2201,2.25
IZEA,2023-10-09,2.2,2.275,2.2,2.235
IZEA,2023-10-10,2.23,2.3929,2.22,2.34
IZEA,2023-10-11,2.36,2.5,2.34,2.34
IZEA,2023-10-12,2.37,2.4203,2.33,2.4
IZEA,2023-10-13,2.38,2.38,2.1701,2.21
IZEA,2023-10-16,2.21,2.305,2.16,2.22
IZEA,2023-10-17,2.2,2.34,2.17,2.23
IZEA,2023-10-18,2.29,2.3,2.24,2.28
IZEA,2023-10-19,2.27,2.3192,2.2317,2.25
IZEA,2023-10-20,2.26,2.26,2.17,2.21
IZEA,2023-10-23,2.22,2.254,2.06,2.2
IZEA,2023-10-24,2.15,2.2,2.12,2.15
IZEA,2023-10-25,2.08,2.219,2.07,2.15
IZEA,2023-10-26,2.08,2.2097,2.08,2.15
IZEA,2023-10-27,2.0701,2.1628,2.0701,2.08
IZEA,2023-10-30,2.11,2.2,2.086,2.175
IZEA,2023-10-31,2.09,2.195,2.09,2.16
IZEA,2023-11-01,2.14,2.25,2.05,2.25
IZEA,2023-11-02,2.23,2.3,2.2236,2.28
IZEA,2023-11-03,2.27,2.3501,2.2135,2.3
IZEA,2023-11-06,2.29,2.4,2.29,2.34
IZEA,2023-11-07,2.3,2.34,2.2901,2.33
IZEA,2023-11-08,2.31,2.372,2.2903,2.31
IZEA,2023-11-09,2.29,2.3317,2.29,2.29
IZEA,2023-11-10,2.29,2.2946,2.22,2.27
IZEA,2023-11-13,2.26,2.3999,2.26,2.39
IZEA,2023-11-14,2.39,2.47,2.25,2.26
IZEA,2023-11-15,2.25,2.3345,2.24,2.25
IZEA,2023-11-16,2.25,2.325,2.25,2.31
IZEA,2023-11-17,2.29,2.36,2.2301,2.31
IZEA,2023-11-20,2.27,2.45,2.2614,2.41
IZEA,2023-11-21,2.41,2.45,2.4,2.4
IZEA,2023-11-22,2.427,2.455,2.4,2.4
IZEA,2023-11-24,2.4,2.47,2.38,2.43
IZEA,2023-11-27,2.41,2.47,2.4,2.44
IZEA,2023-11-28,2.44,2.47,2.41,2.44
IZEA,2023-11-29,2.43,2.46,2.4,2.4
IZEA,2023-11-30,2.37,2.4454,2.37,2.4
IZEA,2023-12-01,2.4,2.4422,2.4,2.405
IZEA,2023-12-04,2.41,2.43,2.3601,2.39
IZEA,2023-12-05,2.4,2.45,2.4,2.44
IZEA,2023-12-06,2.45,2.5,2.4337,2.48
IZEA,2023-12-07,2.48,2.5,2.43,2.49
IZEA,2023-12-08,2.47,2.48,2.38,2.3997
IZEA,2023-12-11,2.33,2.37,2.2348,2.24
IZEA,2023-12-12,2.23,2.23,2.14,2.14
IZEA,2023-12-13,2.13,2.2699,2.06,2.22
IZEA,2023-12-14,2.19,2.3,2.19,2.25
IZEA,2023-12-15,2.23,2.34,2.08,2.11
IZEA,2023-12-18,2.12,2.21,2.12,2.12
IZEA,2023-12-19,2.08,2.17,2.08,2.13
IZEA,2023-12-20,2.13,2.1839,2.12,2.12
IZEA,2023-12-21,2.16,2.1755,2.08,2.17
IZEA,2023-12-22,2.14,2.21,2.11,2.14
IZEA,2023-12-26,2.1339,2.18,2.1231,2.14
IZEA,2023-12-27,2.14,2.17,2.09,2.13
IZEA,2023-12-28,2.09,2.12,2.06,2.06
IZEA,2023-12-29,2.06,2.07,1.9899,2.01
IZEA,2024-01-02,2.0,2.07,1.99,2.02
IZEA,2024-01-03,2.02,2.06,1.99,2.04
IZEA,2024-01-04,2.03,2.06,1.9955,2.03
IZEA,2024-01-05,2.0,2.0405,1.98,1.99
IZEA,2024-01-08,1.99,2.03,1.98,2.02
IZEA,2024-01-09,2.01,2.01,1.95,1.95
IZEA,2024-01-10,1.95,1.99,1.9,1.97
IZEA,2024-01-11,2.0,2.04,1.91,1.97
IZEA,2024-01-12,1.94,2.07,1.94,2.05
IZEA,2024-01-16,2.04,2.04,1.96,2.01
IZEA,2024-01-17,1.98,2.0599,1.9667,2.04
IZEA,2024-01-18,2.0,2.05,1.99,2.05
IZEA,2024-01-19,2.0,2.07,1.9906,2.045
IZEA,2024-01-22,2.04,2.138,1.97,2.05
IZEA,2024-01-23,2.01,2.08,2.0009,2.05
IZEA,2024-01-24,2.0,2.0801,2.0,2.06
IZEA,2024-01-25,2.04,2.08,1.97,2.05
IZEA,2024-01-26,2.02,2.07,1.99,2.04
IZEA,2024-01-29,2.04,2.06,2.0,2.04
IZEA,2024-01-30,2.02,2.1,2.01,2.05
IZEA,2024-01-31,2.02,2.075,2.01,2.01
IZEA,2024-02-01,2.04,2.0765,1.98,2.07
IZEA,2024-02-02,2.06,2.1,2.0,2.05
IZEA,2024-02-05,2.0,2.06,1.9699,2.06
IZEA,2024-02-06,2.03,2.075,2.01,2.06
IZEA,2024-02-07,2.02,2.08,1.95,1.96
IZEA,2024-02-08,1.96,1.99,1.94,1.94
IZEA,2024-02-09,1.94,1.98,1.94,1.98
IZEA,2024-02-12,1.95,2.01,1.95,1.98
IZEA,2024-02-13,1.93,1.96,1.9007,1.91
IZEA,2024-02-14,1.9,2.0,1.9,2.0
IZEA,2024-02-15,1.98,2.04,1.92,2.02
IZEA,2024-02-16,1.96,2.03,1.96,1.99
IZEA,2024-02-20,1.94,2.05,1.94,2.04
IZEA,2024-02-21,2.03,2.03,1.91,1.91
IZEA,2024-02-22,1.9,1.99,1.88,1.99
IZEA,2024-02-23,1.93,2.03,1.93,2.03
IZEA,2024-02-26,2.0,2.06,1.98,2.05
IZEA,2024-02-27,2.0,2.07,1.99,2.01
IZEA,2024-02-28,2.01,2.05,1.99,2.04
IZEA,2024-02-29,2.0,2.1,1.96,2.0
IZEA,2024-03-01,2.0,2.05,1.96,2.01
IZEA,2024-03-04,2.02,2.02,1.9401,1.9401
IZEA,2024-03-05,1.95,1.97,1.83,1.97
IZEA,2024-03-06,1.93,1.99,1.83,1.97
IZEA,2024-03-07,1.91,2.01,1.88,1.95
IZEA,2024-03-08,1.93,1.98,1.88,1.96
IZEA,2024-03-11,1.95,2.05,1.8601,1.93
IZEA,2024-03-12,1.9,2.04,1.86,2.0
IZEA,2024-03-13,1.97,2.06,1.97,2.05
IZEA,2024-03-14,2.02,2.06,1.974,2.055
IZEA,2024-03-15,2.05,2.06,2.0091,2.03
IZEA,2024-03-18,2.01,2.1,2.0,2.05
IZEA,2024-03-19,2.03,2.12,1.98,2.07
IZEA,2024-03-20,2.07,2.11,2.02,2.05
IZEA,2024-03-21,2.07,2.14,1.9601,2.1
IZEA,2024-03-22,2.06,2.17,2.06,2.15
IZEA,2024-03-25,2.16,2.45,2.14,2.25
IZEA,2024-03-26,2.24,2.41,2.21,2.25
IZEA,2024-03-27,2.24,2.37,2.24,2.34
IZEA,2024-03-28,2.36,2.4899,2.3,2.31
IZEA,2024-04-01,2.3,2.33,2.18,2.18
IZEA,2024-04-02,2.25,2.47,2.25,2.39
IZEA,2024-04-03,2.39,2.49,2.36,2.4
IZEA,2024-04-04,2.37,2.49,2.36,2.39
IZEA,2024-04-05,2.4,2.49,2.36,2.4
IZEA,2024-04-08,2.38,2.4899,2.3,2.37
IZEA,2024-04-09,2.37,2.41,2.33,2.33
IZEA,2024-04-10,2.3,2.36,2.28,2.3
IZEA,2024-04-11,2.28,2.41,2.2601,2.395
IZEA,2024-04-12,2.4,2.42,2.3368,2.41
IZEA,2024-04-15,2.38,2.56,2.349,2.56
IZEA,2024-04-16,2.53,2.555,2.46,2.5
IZEA,2024-04-17,2.52,2.53,2.46,2.53
IZEA,2024-04-18,2.56,2.68,2.42,2.59
IZEA,2024-04-19,2.61,2.65,2.555,2.56
IZEA,2024-04-22,2.57,2.57,2.42,2.5
IZEA,2024-04-23,2.51,2.51,2.4001,2.46
IZEA,2024-04-24,2.45,2.6,2.4,2.565
IZEA,2024-04-25,2.5,2.64,2.44,2.61
IZEA,2024-04-26,2.62,2.93,2.54,2.9
IZEA,2024-04-29,2.91,2.97,2.84,2.89
IZEA,2024-04-30,2.85,3.0,2.7,2.78
IZEA,2024-05-01,2.75,2.97,2.6,2.87
IZEA,2024-05-02,2.86,3.09,2.82,3.03
IZEA,2024-05-03,3.05,3.0999,2.88,3.01
IZEA,2024-05-06,3.03,3.17,2.91,3.13
IZEA,2024-05-07,3.08,3.08,2.9852,3.0
IZEA,2024-05-08,2.97,3.1,2.94,3.03
IZEA,2024-05-09,3.087,3.12,2.9001,3.1
IZEA,2024-05-10,3.09,3.22,3.0553,3.18
IZEA,2024-05-13,3.12,3.25,3.04,3.19
IZEA,2024-05-14,3.25,3.6,3.19,3.42
IZEA,2024-05-15,3.4,3.557,3.2,3.24
IZEA,2024-05-16,2.9,3.52,2.35,3.1
IZEA,2024-05-17,3.07,3.1594,2.78,2.78
IZEA,2024-05-20,2.79,2.89,2.71,2.73
IZEA,2024-05-21,2.71,2.71,2.5901,2.62
IZEA,2024-05-22,2.6,2.6408,2.56,2.62
IZEA,2024-05-23,2.64,2.76,2.59,2.75
IZEA,2024-05-24,2.72,2.8273,2.7,2.78
IZEA,2024-05-28,2.71,2.82,2.71,2.81
IZEA,2024-05-29,2.82,2.82,2.64,2.64
IZEA,2024-05-30,2.6,2.68,2.19,2.34
IZEA,2024-05-31,2.35,2.48,2.35,2.4
IZEA,2024-06-03,2.4,2.5233,2.4,2.52
IZEA,2024-06-04,2.49,2.5904,2.43,2.468
IZEA,2024-06-05,2.48,2.6,2.48,2.52
IZEA,2024-06-06,2.53,2.56,2.43,2.44
IZEA,2024-06-07,2.37,2.5,2.3,2.3
IZEA,2024-06-10,2.29,2.3358,2.22,2.29
IZEA,2024-06-11,2.28,2.37,2.2292,2.37
IZEA,2024-06-12,2.38,2.38,2.3,2.3
IZEA,2024-06-13,2.31,2.32,2.23,2.23
IZEA,2024-06-14,2.25,2.3,2.2,2.2
IZEA,2024-06-17,2.21,2.3499,2.08,2.12
IZEA,2024-06-18,2.11,2.47,1.95,2.01
IZEA,2024-06-20,2.01,2.1,1.97,2.055
IZEA,2024-06-21,2.06,2.0699,2.02,2.03
IZEA,2024-06-24,2.03,2.1,2.03,2.08
IZEA,2024-06-25,2.0884,2.18,2.0424,2.09
IZEA,2024-06-26,2.11,2.19,2.0501,2.19
IZEA,2024-06-27,2.17,2.21,2.11,2.17
IZEA,2024-06-28,2.43,2.43,2.1,2.3
IZEA,2024-07-01,2.36,2.375,2.19,2.28
IZEA,2024-07-02,2.28,2.35,2.2501,2.3
IZEA,2024-07-03,2.2,2.2497,2.15,2.2
IZEA,2024-07-05,2.2,2.3983,2.2,2.24
IZEA,2024-07-08,2.21,2.4,2.1101,2.24
IZEA,2024-07-09,2.24,2.29,2.2264,2.29
IZEA,2024-07-10,2.26,2.3199,2.2,2.24
IZEA,2024-07-11,2.24,2.26,2.215,2.26
IZEA,2024-07-12,2.26,2.3599,2.26,2.325
IZEA,2024-07-15,2.31,2.3966,2.31,2.37
IZEA,2024-07-16,2.36,2.655,2.3518,2.6
IZEA,2024-07-17,2.57,2.57,2.4741,2.55
IZEA,2024-07-18,2.49,2.49,2.38,2.39
IZEA,2024-07-19,2.43,2.5558,2.38,2.51
IZEA,2024-07-22,2.52,2.538,2.3952,2.46
IZEA,2024-07-23,2.48,2.54,2.48,2.48
IZEA,2024-07-24,2.48,2.519,2.4551,2.5
IZEA,2024-07-25,2.45,2.45,2.4045,2.45
IZEA,2024-07-26,2.44,2.45,2.41,2.41
IZEA,2024-07-29,2.42,2.42,2.22,2.3
IZEA,2024-07-30,2.31,2.31,2.21,2.24
IZEA,2024-07-31,2.24,2.3559,2.21,2.3
IZEA,2024-08-01,2.27,2.27,2.17,2.19
IZEA,2024-08-02,2.1,2.1,2.057,2.1
IZEA,2024-08-05,2.0,2.08,2.0,2.01
IZEA,2024-08-06,2.01,2.12,2.0,2.12
IZEA,2024-08-07,2.17,2.17,2.03,2.09
IZEA,2024-08-08,2.09,2.145,1.97,2.12
IZEA,2024-08-09,2.12,2.18,2.04,2.18
IZEA,2024-08-12,2.15,2.2,2.07,2.11
IZEA,2024-08-13,2.1298,2.25,2.1298,2.24
IZEA,2024-08-14,2.21,2.25,2.03,2.07
IZEA,2024-08-15,2.17,2.26,2.07,2.26
IZEA,2024-08-16,2.34,2.42,2.32,2.38
IZEA,2024-08-19,2.4347,2.4347,2.23,2.23
IZEA,2024-08-20,2.23,2.2595,2.2,2.2
IZEA,2024-08-21,2.21,2.25,2.21,2.25
IZEA,2024-08-22,2.23,2.26,2.2,2.26
IZEA,2024-08-23,2.21,2.26,2.16,2.2
IZEA,2024-08-26,2.19,2.345,2.19,2.285
IZEA,2024-08-27,2.27,2.3,2.2165,2.23
IZEA,2024-08-28,2.23,2.24,2.2007,2.236
IZEA,2024-08-29,2.26,2.26,2.23,2.23
IZEA,2024-08-30,2.21,2.24,2.2,2.21
IZEA,2024-09-03,2.17,2.17,2.07,2.12
IZEA,2024-09-04,2.2,2.2,2.09,2.12
IZEA,2024-09-05,2.09,2.146,2.0777,2.146
IZEA,2024-09-06,2.12,2.15,2.1,2.1068
IZEA,2024-09-09,2.1275,2.15,2.1192,2.14
IZEA,2024-09-10,2.1,2.45,2.09,2.45
IZEA,2024-09-11,2.39,2.73,2.37,2.58
IZEA,2024-09-12,2.6313,2.75,2.6313,2.75
IZEA,2024-09-13,2.75,2.75,2.5101,2.63
IZEA,2024-09-16,2.6,2.6093,2.46,2.6
IZEA,2024-09-17,2.57,2.64,2.5165,2.59
IZEA,2024-09-18,2.54,2.6499,2.51,2.52
IZEA,2024-09-19,2.555,2.61,2.5236,2.54
IZEA,2024-09-20,2.48,2.58,2.41,2.56
IZEA,2024-09-23,2.48,2.48,2.4351,2.48
IZEA,2024-09-24,2.51,2.6,2.5,2.53
IZEA,2024-09-25,2.5,2.56,2.4406,2.52
IZEA,2024-09-26,2.51,2.5988,2.47,2.57
IZEA,2024-09-27,2.59,2.71,2.58,2.67
IZEA,2024-09-30,2.68,2.785,2.68,2.7
IZEA,2024-10-01,2.68,2.71,2.51,2.54
IZEA,2024-10-02,2.56,2.59,2.49,2.52
IZEA,2024-10-03,2.57,2.6397,2.51,2.5546
IZEA,2024-10-04,2.6234,2.664,2.522,2.56
IZEA,2024-10-07,2.62,2.62,2.41,2.48
IZEA,2024-10-08,2.5,2.5,2.41,2.48
IZEA,2024-10-09,2.44,2.89,2.44,2.56
IZEA,2024-10-10,2.54,2.6,2.5,2.53
IZEA,2024-10-11,2.51,2.685,2.51,2.52
IZEA,2024-10-14,2.52,2.7066,2.5167,2.64
IZEA,2024-10-15,2.5304,2.6023,2.52,2.52
IZEA,2024-10-16,2.59,2.64,2.5369,2.62
IZEA,2024-10-17,2.6219,2.67,2.58,2.63
IZEA,2024-10-18,2.63,2.65,2.53,2.64
IZEA,2024-10-21,2.67,2.71,2.61,2.7
IZEA,2024-10-22,2.76,2.83,2.6724,2.78
IZEA,2024-10-23,2.8,2.84,2.75,2.84
IZEA,2024-10-24,2.81,2.89,2.75,2.78
IZEA,2024-10-25,2.76,2.85,2.76,2.83
IZEA,2024-10-28,2.84,2.95,2.84,2.9
IZEA,2024-10-29,2.87,2.9,2.8117,2.86
IZEA,2024-10-30,2.83,2.95,2.83,2.8901
IZEA,2024-10-31,2.86,2.88,2.83,2.84
IZEA,2024-11-01,2.7,2.83,2.6776,2.7
IZEA,2024-11-04,2.7,2.89,2.7,2.81
IZEA,2024-11-05,2.8,2.916,2.8,2.91
IZEA,2024-11-06,2.97,2.97,2.84,2.85
IZEA,2024-11-07,2.85,2.9066,2.83,2.87
IZEA,2024-11-08,2.84,2.95,2.84,2.85
IZEA,2024-11-11,2.85,2.92,2.85,2.89
IZEA,2024-11-12,2.88,2.88,2.8,2.82
IZEA,2024-11-13,2.8,2.95,2.74,2.85
IZEA,2024-11-14,2.8798,2.93,2.85,2.86
IZEA,2024-11-15,2.75,2.98,2.51,2.9
IZEA,2024-11-18,2.86,2.8746,2.76,2.785
IZEA,2024-11-19,2.79,2.95,2.76,2.87
IZEA,2024-11-20,2.8201,2.92,2.8,2.88
IZEA,2024-11-21,2.86,2.94,2.682,2.89
IZEA,2024-11-22,2.87,2.94,2.84,2.84
IZEA,2024-11-25,2.78,2.8941,2.78,2.78
IZEA,2024-11-26,2.7626,2.8,2.66,2.75
IZEA,2024-11-27,2.71,2.7457,2.66,2.7
IZEA,2024-11-29,2.76,2.901,2.67,2.86
IZEA,2024-12-02,2.795,2.8994,2.71,2.82
IZEA,2024-12-03,2.78,2.87,2.73,2.74
IZEA,2024-12-04,2.74,2.79,2.66,2.7
IZEA,2024-12-05,2.68,2.6865,2.56,2.56
IZEA,2024-12-06,2.53,2.688,2.53,2.59
IZEA,2024-12-09,2.59,2.67,2.51,2.54
IZEA,2025-01-27,2.58,2.7,2.5,2.65
IZEA,2025-01-28,2.67,2.71,2.64,2.69
IZEA,2025-01-29,2.676,2.7,2.5,2.5
IZEA,2025-01-30,2.58,2.67,2.58,2.66
IZEA,2025-01-31,2.64,2.64,2.5,2.5
IZEA,2025-02-03,2.48,2.5932,2.48,2.55
IZEA,2025-02-04,2.59,2.65,2.59,2.65
IZEA,2025-02-05,2.6,2.73,2.536,2.73
IZEA,2025-02-06,2.68,2.73,2.61,2.69
IZEA,2025-02-07,2.71,2.748,2.6078,2.65
IZEA,2025-02-10,2.65,2.72,2.62,2.71
IZEA,2025-02-11,2.68,2.68,2.5585,2.64
IZEA,2025-02-12,2.64,2.7,2.54,2.54
IZEA,2025-02-13,2.54,2.695,2.54,2.68
IZEA,2025-02-14,2.5,2.73,2.5,2.7
IZEA,2025-02-18,2.71,2.71,2.56,2.56
IZEA,2025-02-19,2.47,2.75,2.47,2.65
IZEA,2025-02-20,2.61,2.7,2.58,2.59
IZEA,2025-02-21,2.59,2.6536,2.56,2.576
IZEA,2025-02-24,2.56,2.62,2.52,2.61
IZEA,2025-02-25,2.63,2.7,2.575,2.58
IZEA,2025-02-26,2.51,2.63,2.5,2.5
IZEA,2025-02-27,2.45,2.49,2.44,2.45
IZEA,2025-02-28,2.42,2.42,2.41,2.41
IZEA,2025-03-03,2.38,2.5708,2.26,2.27
IZEA,2025-03-04,2.325,2.325,2.225,2.325
IZEA,2025-03-05,2.33,2.35,2.325,2.325
IZEA,2025-03-06,2.23,2.23,2.18,2.23
IZEA,2025-03-07,2.2,2.32,2.18,2.28
IZEA,2025-03-10,2.235,2.4,2.19,2.24
IZEA,2025-03-11,2.252,2.32,2.21,2.32
IZEA,2025-03-12,2.2501,2.2775,2.2387,2.27
IZEA,2025-03-13,2.27,2.37,2.22,2.245
IZEA,2025-03-14,2.25,2.29,2.23,2.23
IZEA,2025-03-17,2.16,2.21,2.13,2.21
IZEA,2025-03-18,2.21,2.3,2.17,2.2
IZEA,2025-03-19,2.18,2.31,2.1201,2.21
IZEA,2025-03-20,2.2,2.3,2.2,2.24
IZEA,2025-03-21,2.201,2.22,2.13,2.16
IZEA,2025-03-24,2.16,2.215,2.14,2.2
IZEA,2025-03-25,2.2,2.2,2.12,2.15
IZEA,2025-03-26,2.17,2.17,2.06,2.06
IZEA,2025-03-27,2.09,2.12,2.04,2.075
IZEA,2025-03-28,2.04,2.14,1.91,2.11
IZEA,2025-03-31,2.11,2.141,1.95,2.1
IZEA,2025-04-01,2.08,2.17,2.04,2.1
IZEA,2025-04-02,2.08,2.11,2.08,2.1
IZEA,2025-04-03,2.01,2.04,2.01,2.01
IZEA,2025-04-04,1.96,1.96,1.865,1.88
IZEA,2025-04-07,1.79,1.85,1.7,1.77
IZEA,2025-04-08,1.79,1.859,1.71,1.76
IZEA,2025-04-09,1.7202,1.81,1.71,1.785
IZEA,2025-04-10,1.76,1.8,1.7,1.72
IZEA,2025-04-11,1.72,1.7415,1.72,1.72
IZEA,2025-04-14,1.72,1.74,1.71,1.72
IZEA,2025-04-15,1.71,1.7484,1.7009,1.74
IZEA,2025-04-16,1.725,1.8,1.725,1.74
IZEA,2025-04-17,1.74,1.76,1.7,1.75
IZEA,2025-04-21,1.7,1.75,1.7,1.71
IZEA,2025-04-22,1.71,1.7777,1.7,1.77
IZEA,2025-04-23,1.79,1.79,1.7207,1.77
IZEA,2025-04-24,1.7451,1.81,1.72,1.81
IZEA,2025-04-25,1.765,1.965,1.765,1.95
IZEA,2025-04-28,1.98,2.0396,1.9001,1.95
IZEA,2025-04-29,2.016,2.06,1.92,2.035
IZEA,2025-04-30,2.04,2.09,2.04,2.07
IZEA,2025-05-01,2.0519,2.1,2.0519,2.09
IZEA,2025-05-02,2.1,2.12,2.09,2.101
IZEA,2025-05-05,2.12,2.12,1.89,1.89
IZEA,2025-05-06,1.87,1.8805,1.85,1.86
IZEA,2025-05-07,1.7934,2.058,1.7934,1.95
IZEA,2025-05-08,2.05,2.08,1.9,2.01
IZEA,2025-05-09,2.18,2.46,2.18,2.31
IZEA,2025-05-12,2.34,2.39,2.2,2.25
IZEA,2025-05-13,2.25,2.3095,2.25,2.29
IZEA,2025-05-14,2.7,3.15,2.65,2.72
IZEA,2025-05-15,2.7401,3.025,2.7401,2.97
IZEA,2025-05-16,2.85,2.9,2.73,2.75
IZEA,2025-05-19,2.74,2.9,2.7304,2.87
IZEA,2025-05-20,2.85,2.8999,2.74,2.79
IZEA,2025-05-21,2.8,2.9595,2.7608,2.81
IZEA,2025-05-22,2.82,2.95,2.7874,2.95
IZEA,2025-05-23,2.828,2.9,2.828,2.84
IZEA,2025-05-27,2.85,2.98,2.84,2.93
IZEA,2025-05-28,2.91,2.99,2.8968,2.93
IZEA,2025-05-29,2.9,2.95,2.8501,2.93
IZEA,2025-05-30,2.93,2.93,2.8101,2.8634
IZEA,2025-06-02,2.9,2.9609,2.89,2.94
IZEA,2025-06-03,2.93,2.94,2.8313,2.88
IZEA,2025-06-04,2.88,2.94,2.83,2.9
IZEA,2025-06-05,2.93,2.94,2.88,2.88
IZEA,2025-06-06,2.93,2.99,2.87,2.895
IZEA,2025-06-09,2.9,2.94,2.862,2.87
IZEA,2025-06-10,2.88,2.9154,2.85,2.9
IZEA,2025-06-11,2.89,2.9309,2.87,2.87
IZEA,2025-06-12,2.83,2.97,2.83,2.85
IZEA,2025-06-13,2.83,2.83,2.76,2.79
IZEA,2025-06-16,2.77,2.8384,2.77,2.77
IZEA,2025-06-17,2.76,2.775,2.51,2.62
IZEA,2025-06-18,2.6,2.76,2.54,2.64
IZEA,2025-06-20,2.66,2.8486,2.66,2.725
IZEA,2025-06-23,2.71,2.73,2.57,2.65
IZEA,2025-06-24,2.65,2.74,2.5368,2.63
IZEA,2025-06-25,2.66,2.76,2.59,2.63
IZEA,2025-06-26,2.64,2.69,2.5304,2.58
IZEA,2025-06-27,2.6,2.6,2.5,2.5
IZEA,2025-06-30,2.51,2.5948,2.5,2.52
IZEA,2025-07-01,2.52,2.59,2.51,2.53
IZEA,2025-07-02,2.53,2.58,2.53,2.575
IZEA,2025-07-03,2.59,2.66,2.5349,2.61
IZEA,2025-07-07,2.58,2.71,2.58,2.64
IZEA,2025-07-08,2.64,2.64,2.56,2.58
IZEA,2025-07-09,2.55,2.83,2.55,2.78
IZEA,2025-07-10,2.78,3.15,2.78,3.02
IZEA,2025-07-11,2.94,3.0,2.94,2.98
IZEA,2025-07-14,2.99,3.25,2.99,3.2
IZEA,2025-07-15,3.18,3.2982,3.05,3.29
IZEA,2025-07-16,3.25,3.49,3.2,3.31
IZEA,2025-07-17,3.31,3.52,3.3001,3.415
IZEA,2025-07-18,3.42,3.51,3.331,3.331
IZEA,2025-07-21,3.44,3.8484,3.38,3.75
IZEA,2025-07-22,3.81,4.1,3.76,3.9
IZEA,2025-07-23,3.95,4.09,3.81,4.09
IZEA,2025-07-24,4.04,4.13,3.9201,4.1
IZEA,2025-07-25,4.1,4.2,3.91,3.94
IZEA,2025-07-28,4.039,4.04,3.76,3.95
IZEA,2025-07-29,3.97,4.07,3.74,3.78
IZEA,2025-07-30,3.71,3.8063,3.5217,3.55
IZEA,2025-07-31,3.56,3.8699,3.56,3.72
IZEA,2025-08-01,3.7,3.785,3.545,3.71
IZEA,2025-08-04,3.62,4.02,3.62,3.97
IZEA,2025-08-05,3.98,4.02,3.6725,3.69
IZEA,2025-08-06,3.66,3.66,3.5,3.6
IZEA,2025-08-07,3.55,3.875,3.55,3.85
IZEA,2025-08-08,3.81,3.91,3.72,3.76
IZEA,2025-08-11,3.74,3.865,3.58,3.73
IZEA,2025-08-12,3.73,3.915,3.6562,3.86
IZEA,2025-08-13,3.88,3.88,3.5,3.62
IZEA,2025-08-14,3.66,3.95,3.525,3.95
IZEA,2025-08-15,3.94,4.25,3.73,4.2
IZEA,2025-08-18,4.18,4.3499,4.1757,4.275
IZEA,2025-08-19,4.39,4.39,4.1399,4.22
IZEA,2025-08-20,4.13,4.23,4.04111,4.2
IZEA,2025-08-21,4.21,4.38,4.12,4.29
IZEA,2025-08-22,4.32,4.34,4.11,4.22
IZEA,2025-08-25,4.23,4.23,4.1062,4.17
IZEA,2025-08-26,4.14,4.17,4.1,4.135
IZEA,2025-08-27,4.1,4.23,4.0101,4.18
IZEA,2025-08-28,4.19,4.24,3.97,4.14
IZEA,2025-08-29,4.1,4.1,3.71,3.78
IZEA,2025-09-02,3.78,3.9699,3.64,3.94
IZEA,2025-09-03,3.95,4.02,3.5,3.61
IZEA,2025-09-04,3.61,3.7391,3.5,3.62
IZEA,2025-09-05,3.68,3.83,3.4608,3.57
IZEA,2025-09-08,3.6,3.93,3.6,3.715
IZEA,2025-09-09,3.7,3.7413,3.56,3.58
IZEA,2025-09-10,3.56,3.8134,3.56,3.71
IZEA,2025-09-11,3.71,3.895,3.51,3.55
IZEA,2025-09-12,3.54,3.81,3.5387,3.67
IZEA,2025-09-15,3.65,3.7991,3.6,3.6
IZEA,2025-09-16,3.59,3.7655,3.5,3.57
IZEA,2025-09-17,3.6,3.6684,3.4,3.55
IZEA,2025-09-18,3.59,3.66,3.5,3.575
IZEA,2025-09-19,3.6,4.14,3.6,4.08
IZEA,2025-09-22,4.02,4.24,3.86,3.86
IZEA,2025-09-23,3.59,3.96,3.5,3.8
IZEA,2025-09-24,3.8,3.92,3.73,3.79
IZEA,2025-09-25,3.76,3.9499,3.7119,3.75
IZEA,2025-09-26,3.74,3.9381,3.74,3.78
IZEA,2025-09-29,3.82,4.0,3.76,3.93
IZEA,2025-09-30,3.91,3.93,3.71,3.71
IZEA,2025-10-01,3.64,3.72,3.56,3.62
IZEA,2025-10-02,3.64,3.91,3.6202,3.91
IZEA,2025-10-03,3.88,4.0,3.82,3.85
IZEA,2025-10-06,3.89,4.1,3.752,4.06
IZEA,2025-10-07,4.02,4.09,3.75,3.94
IZEA,2025-10-08,3.95,4.04,3.82,3.97
IZEA,2025-10-09,3.93,3.97,3.87,3.9
IZEA,2025-10-10,3.9,5.25,3.86,4.9
IZEA,2025-10-13,4.9,5.1999,4.6805,5.04
IZEA,2025-10-14,5.08,5.22,4.95,5.1
IZEA,2025-10-15,5.16,5.79,5.145,5.73
IZEA,2025-10-16,5.81,5.859,5.2,5.32
IZEA,2025-10-17,5.25,5.699,5.25,5.6
IZEA,2025-10-20,5.77,5.78,5.35,5.45
IZEA,2025-10-21,5.45,5.45,5.22,5.27
IZEA,2025-10-22,5.26,5.35,5.1,5.1
IZEA,2025-10-23,5.2,5.37,5.15,5.24
IZEA,2025-10-24,5.24,5.6,5.24,5.43
IZEA,2025-10-27,5.48,5.5893,5.21,5.27
IZEA,2025-10-28,5.28,5.55,5.15,5.17
IZEA,2025-10-29,5.16,5.37,5.16,5.23
IZEA,2025-10-30,5.18,5.3,5.05,5.07
IZEA,2025-10-31,5.13,5.27,5.03,5.15
IZEA,2025-11-03,5.15,5.2895,5.0901,5.175
IZEA,2025-11-04,5.0,5.1303,4.75,4.79
IZEA,2025-11-05,4.79,5.09,4.72,4.95
IZEA,2025-11-06,4.91,5.055,4.83,4.89
IZEA,2025-11-07,4.88,5.23,4.8,5.14
IZEA,2025-11-10,5.19,5.29,5.0,5.24
IZEA,2025-11-11,5.12,5.35,5.06,5.3
IZEA,2025-11-12,5.23,5.245,4.7001,5.015
IZEA,2025-11-13,4.64,5.1,4.31,4.89
IZEA,2025-11-14,4.77,5.29,4.77,5.25
IZEA,2025-11-17,5.12,5.21,4.85,5.06
IZEA,2025-11-18,4.98,5.498,4.98,5.25
IZEA,2025-11-19,5.24,5.47,5.02,5.05
IZEA,2025-11-20,5.12,5.3396,4.78,4.83
IZEA,2025-11-21,4.85,5.15,4.82,5.12
IZEA,2025-11-24,5.145,5.16,4.83,4.93
IZEA,2025-11-25,4.93,5.1,4.9,5.04
IZEA,2025-11-26,5.0501,5.09,4.96,4.96
IZEA,2025-11-28,4.97,5.1,4.97,5.03
IZEA,2025-12-01,5.01,5.13,4.95,4.95
IZEA,2025-12-02,4.95,5.0,4.84,4.84
IZEA,2025-12-03,4.84,5.02,4.84,5.01
IZEA,2025-12-04,4.97,5.145,4.94,5.02
IZEA,2025-12-05,5.0012,5.0602,4.83,4.91
IZEA,2025-12-08,4.91,5.05,4.8556,5.02
IZEA,2025-12-09,4.98,5.07,4.95,5.02
IZEA,2025-12-10,5.0,5.01,4.86,4.945
IZEA,2025-12-11,4.93,5.08,4.87,5.01
IZEA,2025-12-12,5.04,5.04,4.865,4.88
IZEA,2025-12-15,4.86,4.8699,4.7205,4.79
IZEA,2025-12-16,4.86,4.93,4.73,4.785
IZEA,2025-12-17,4.7292,4.8,4.65,4.65
IZEA,2025-12-18,4.7,4.8,4.65,4.715
IZEA,2025-12-19,4.68,4.75,4.62,4.62
IZEA,2025-12-22,4.64,4.74,4.56,4.56
IZEA,2025-12-23,4.53,4.5956,4.44,4.44
IZEA,2025-12-24,4.44,4.5,4.41,4.45
IZEA,2025-12-26,4.45,4.56,4.44,4.49
IZEA,2025-12-29,4.45,4.55,4.3501,4.44
IZEA,2025-12-30,4.44,4.4999,4.35,4.36
IZEA,2025-12-31,4.4,4.41,4.3,4.38
IZEA,2026-01-02,4.41,4.7399,4.41,4.57
IZEA,2026-01-05,4.61,4.6849,4.55,4.6
IZEA,2026-01-06,4.61,4.61,4.37,4.4
IZEA,2026-01-07,4.44,4.4922,4.3501,4.38
IZEA,2026-01-08,4.38,4.38,4.3,4.37
IZEA,2026-01-09,4.4,4.46,4.34,4.39
IZEA,2026-01-12,4.42,4.47,4.21,4.21
IZEA,2026-01-13,4.2,4.355,4.05,4.19
IZEA,2026-01-14,4.17,4.26,4.1,4.21
IZEA,2026-01-15,4.21,4.25,4.07,4.18
IZEA,2026-01-16,4.23,4.26,4.11,4.19
IZEA,2026-01-20,4.12,4.1499,3.97,4.07
IZEA,2026-01-21,4.04,4.056,3.86,3.91
IZEA,2026-01-22,3.92,4.0599,3.91,3.975
IZEA,2026-01-23,3.94,3.99,3.9,3.94
IZEA,2026-01-26,3.95,4.01,3.88,3.89
IZEA,2026-01-27,3.9,3.95,3.85,3.85
IZEA,2026-01-28,3.885,3.9289,3.7,3.77
IZEA,2026-01-29,3.72,3.72,3.5,3.62
IZEA,2026-01-30,3.61,3.625,3.51,3.53
IZEA,2026-02-02,3.5,3.6849,3.5,3.58
