ticker,date,open,high,low,close
LCNB,1999-10-26,19.25,19.25,19.25,19.25
LCNB,1999-10-27,19.5,19.5,19.5,19.5
LCNB,1999-10-28,19.5,19.5,18.91,19.5
LCNB,1999-10-29,19.5,19.5,19.5,19.5
LCNB,1999-11-01,19.5,19.5,19.5,19.5
LCNB,1999-11-02,19.5,19.5,19.5,19.5
LCNB,1999-11-03,18.31,18.5,18.31,18.31
LCNB,1999-11-04,19.31,19.31,18.5,19.31
LCNB,1999-11-05,19.31,19.31,19.31,19.31
LCNB,1999-11-08,19.31,19.31,19.31,19.31
LCNB,1999-11-09,18.31,18.31,18.31,18.31
LCNB,1999-11-10,19.25,19.25,19.25,19.25
LCNB,1999-11-11,19.25,19.25,19.25,19.25
LCNB,1999-11-12,19.25,19.25,19.25,19.25
LCNB,1999-11-15,18.88,18.88,18.88,18.88
LCNB,1999-11-16,18.25,18.88,18.25,18.25
LCNB,1999-11-17,18.25,18.5,18.25,18.25
LCNB,1999-11-18,18.25,18.25,18.25,18.25
LCNB,1999-11-19,18.25,18.25,18.25,18.25
LCNB,1999-11-22,17.75,18.25,17.75,18.25
LCNB,1999-11-23,17.62,18.25,17.62,18.25
LCNB,1999-11-24,18.25,18.25,18.25,18.25
LCNB,1999-11-26,18.25,18.25,18.25,18.25
LCNB,1999-11-29,18.75,18.75,18.75,18.75
LCNB,1999-11-30,17.5,17.5,17.5,17.5
LCNB,1999-12-01,18.25,18.88,18.25,18.88
LCNB,1999-12-02,18.88,18.88,18.88,18.88
LCNB,1999-12-03,18.0,19.5,18.0,18.0
LCNB,1999-12-06,18.0,18.0,18.0,18.0
LCNB,1999-12-07,18.0,18.0,18.0,18.0
LCNB,1999-12-08,18.0,18.0,18.0,18.0
LCNB,1999-12-09,18.12,18.62,18.12,18.12
LCNB,1999-12-10,18.25,18.25,17.88,17.88
LCNB,1999-12-13,17.75,19.25,17.75,17.75
LCNB,1999-12-14,17.75,17.75,17.75,17.75
LCNB,1999-12-15,18.5,18.5,18.5,18.5
LCNB,1999-12-16,18.5,18.5,18.5,18.5
LCNB,1999-12-17,18.5,18.5,18.5,18.5
LCNB,1999-12-20,17.5,19.38,17.5,19.38
LCNB,1999-12-21,19.38,19.38,19.38,19.38
LCNB,1999-12-22,19.38,19.38,19.38,19.38
LCNB,1999-12-23,17.5,18.12,17.5,18.12
LCNB,1999-12-27,18.12,18.12,18.12,18.12
LCNB,1999-12-28,18.12,18.12,18.12,18.12
LCNB,1999-12-29,19.38,19.38,18.38,18.38
LCNB,1999-12-30,18.38,18.38,18.38,18.38
LCNB,1999-12-31,18.38,18.38,18.38,18.38
LCNB,2000-01-03,17.5,17.5,16.75,17.5
LCNB,2000-01-04,17.5,17.5,17.5,17.5
LCNB,2000-01-05,17.5,17.5,17.5,17.5
LCNB,2000-01-06,17.5,17.5,17.5,17.5
LCNB,2000-01-07,17.5,17.5,17.5,17.5
LCNB,2000-01-10,17.5,17.5,17.5,17.5
LCNB,2000-01-11,17.5,17.5,17.5,17.5
LCNB,2000-01-12,17.5,17.5,17.5,17.5
LCNB,2000-01-13,17.5,17.5,17.5,17.5
LCNB,2000-01-14,17.5,17.5,17.5,17.5
LCNB,2000-01-18,17.5,17.5,17.5,17.5
LCNB,2000-01-19,17.5,17.5,17.5,17.5
LCNB,2000-01-20,17.5,17.5,17.5,17.5
LCNB,2000-01-21,17.5,17.5,17.5,17.5
LCNB,2000-01-24,17.5,17.5,17.5,17.5
LCNB,2000-01-25,17.5,17.5,17.5,17.5
LCNB,2000-01-26,17.5,17.5,17.5,17.5
LCNB,2000-01-27,16.75,16.75,16.75,16.75
LCNB,2000-01-28,16.75,16.75,16.75,16.75
LCNB,2000-01-31,16.75,16.75,16.75,16.75
LCNB,2000-02-01,16.75,16.75,16.75,16.75
LCNB,2000-02-02,15.12,15.5,15.0,15.12
LCNB,2000-02-03,16.0,16.0,15.0,15.0
LCNB,2000-02-04,15.0,15.0,15.0,15.0
LCNB,2000-02-07,15.0,15.0,15.0,15.0
LCNB,2000-02-08,15.0,15.75,15.0,15.75
LCNB,2000-02-09,14.38,15.0,14.38,14.38
LCNB,2000-02-10,15.25,15.25,15.25,15.25
LCNB,2000-02-11,15.25,15.25,15.25,15.25
LCNB,2000-02-14,15.25,15.25,15.25,15.25
LCNB,2000-02-15,15.25,15.25,15.25,15.25
LCNB,2000-02-16,15.25,15.25,15.25,15.25
LCNB,2000-02-17,15.25,15.25,15.25,15.25
LCNB,2000-02-18,15.25,15.25,15.25,15.25
LCNB,2000-02-22,15.25,15.25,15.25,15.25
LCNB,2000-02-23,14.0,14.5,14.0,14.5
LCNB,2000-02-24,14.5,14.5,14.5,14.5
LCNB,2000-02-25,14.5,14.5,14.5,14.5
LCNB,2000-02-28,14.5,14.5,14.5,14.5
LCNB,2000-02-29,15.12,15.12,15.12,15.12
LCNB,2000-03-01,15.0,15.0,13.75,13.75
LCNB,2000-03-02,13.5,13.75,13.5,13.5
LCNB,2000-03-03,13.5,14.25,13.5,14.25
LCNB,2000-03-06,14.25,14.25,14.25,14.25
LCNB,2000-03-07,14.25,14.25,14.25,14.25
LCNB,2000-03-08,12.5,12.5,12.5,12.5
LCNB,2000-03-09,12.5,12.5,12.5,12.5
LCNB,2000-03-10,12.5,12.5,12.5,12.5
LCNB,2000-03-13,12.5,12.5,12.5,12.5
LCNB,2000-03-14,12.5,12.5,12.5,12.5
LCNB,2000-03-15,12.5,12.5,12.5,12.5
LCNB,2000-03-16,12.5,12.5,12.5,12.5
LCNB,2000-03-17,10.0,12.5,10.0,10.0
LCNB,2000-03-20,10.0,10.0,10.0,10.0
LCNB,2000-03-21,10.0,10.0,10.0,10.0
LCNB,2000-03-22,10.0,10.0,10.0,10.0
LCNB,2000-03-23,10.0,10.0,10.0,10.0
LCNB,2000-03-24,10.25,10.25,10.25,10.25
LCNB,2000-03-27,10.25,10.25,10.25,10.25
LCNB,2000-03-28,10.25,10.25,10.25,10.25
LCNB,2000-03-29,10.25,10.25,10.25,10.25
LCNB,2000-03-30,10.25,10.25,10.25,10.25
LCNB,2000-03-31,10.75,10.75,10.75,10.75
LCNB,2000-04-03,10.75,10.75,10.75,10.75
LCNB,2000-04-04,10.88,10.88,10.34,10.88
LCNB,2000-04-05,10.88,10.88,10.88,10.88
LCNB,2000-04-06,10.88,10.88,10.88,10.88
LCNB,2000-04-07,10.88,10.88,10.88,10.88
LCNB,2000-04-10,10.88,10.88,10.88,10.88
LCNB,2000-04-11,10.62,10.62,10.62,10.62
LCNB,2000-04-12,10.62,10.62,10.62,10.62
LCNB,2000-04-13,10.62,10.62,10.62,10.62
LCNB,2000-04-14,10.62,10.62,10.62,10.62
LCNB,2000-04-17,10.62,10.62,10.62,10.62
LCNB,2000-04-18,10.62,10.62,10.62,10.62
LCNB,2000-04-19,10.62,10.62,10.62,10.62
LCNB,2000-04-20,10.75,10.88,10.75,10.75
LCNB,2000-04-24,10.94,10.94,10.75,10.94
LCNB,2000-04-25,11.25,11.25,11.25,11.25
LCNB,2000-04-26,10.75,10.75,10.75,10.75
LCNB,2000-04-27,11.25,11.25,11.25,11.25
LCNB,2000-04-28,11.25,11.25,11.25,11.25
LCNB,2000-05-01,11.25,11.25,11.25,11.25
LCNB,2000-05-02,10.75,11.25,10.75,11.25
LCNB,2000-05-03,11.25,11.25,11.25,11.25
LCNB,2000-05-04,11.25,11.31,11.25,11.25
LCNB,2000-05-05,10.75,11.25,10.5,10.5
LCNB,2000-05-08,10.72,10.72,10.72,10.72
LCNB,2000-05-09,10.56,10.62,10.5,10.56
LCNB,2000-05-10,10.56,10.56,10.56,10.56
LCNB,2000-05-11,10.06,10.62,10.03,10.06
LCNB,2000-05-12,10.06,10.06,10.06,10.06
LCNB,2000-05-15,11.0,11.0,11.0,11.0
LCNB,2000-05-16,11.0,11.0,11.0,11.0
LCNB,2000-05-17,11.0,11.0,11.0,11.0
LCNB,2000-05-18,11.0,11.0,11.0,11.0
LCNB,2000-05-19,11.0,11.0,11.0,11.0
LCNB,2000-05-22,11.0,11.0,11.0,11.0
LCNB,2000-05-23,11.0,11.0,11.0,11.0
LCNB,2000-05-24,11.0,11.0,11.0,11.0
LCNB,2000-05-25,11.0,11.0,11.0,11.0
LCNB,2000-05-26,11.0,11.0,11.0,11.0
LCNB,2000-05-30,10.25,10.25,10.0,10.0
LCNB,2000-05-31,10.0,10.0,10.0,10.0
LCNB,2000-06-01,10.0,10.0,10.0,10.0
LCNB,2000-06-02,10.5,10.5,10.0,10.5
LCNB,2000-06-05,10.5,10.5,10.5,10.5
LCNB,2000-06-06,10.5,10.5,10.5,10.5
LCNB,2000-06-07,10.0,10.0,10.0,10.0
LCNB,2000-06-08,10.5,10.5,10.5,10.5
LCNB,2000-06-09,10.5,10.5,10.5,10.5
LCNB,2000-06-12,10.03,10.03,10.03,10.03
LCNB,2000-06-13,10.03,10.03,10.03,10.03
LCNB,2000-06-14,10.03,10.03,10.03,10.03
LCNB,2000-06-15,10.0,10.0,10.0,10.0
LCNB,2000-06-16,10.0,10.0,10.0,10.0
LCNB,2000-06-19,10.0,10.0,10.0,10.0
LCNB,2000-06-20,10.03,10.03,10.03,10.03
LCNB,2000-06-21,10.03,10.03,10.03,10.03
LCNB,2000-06-22,10.03,10.03,10.03,10.03
LCNB,2000-06-23,10.0,10.0,10.0,10.0
LCNB,2000-06-26,10.0,10.0,10.0,10.0
LCNB,2000-06-27,10.0,10.0,10.0,10.0
LCNB,2000-06-28,10.0,10.0,10.0,10.0
LCNB,2000-06-29,10.0,10.0,10.0,10.0
LCNB,2000-06-30,10.0,10.0,10.0,10.0
LCNB,2000-07-03,10.0,10.0,10.0,10.0
LCNB,2000-07-05,10.0,10.0,10.0,10.0
LCNB,2000-07-06,10.38,10.5,10.38,10.5
LCNB,2000-07-07,10.5,10.5,10.5,10.5
LCNB,2000-07-10,10.5,10.5,10.5,10.5
LCNB,2000-07-11,10.5,10.5,10.5,10.5
LCNB,2000-07-12,10.5,10.5,10.5,10.5
LCNB,2000-07-13,10.5,10.5,10.5,10.5
LCNB,2000-07-14,10.5,10.5,10.5,10.5
LCNB,2000-07-17,10.5,10.5,10.5,10.5
LCNB,2000-07-18,10.25,10.5,10.25,10.5
LCNB,2000-07-19,10.5,10.5,10.5,10.5
LCNB,2000-07-20,10.0,10.0,10.0,10.0
LCNB,2000-07-21,10.0,10.0,10.0,10.0
LCNB,2000-07-24,10.0,10.0,10.0,10.0
LCNB,2000-07-25,10.0,10.0,10.0,10.0
LCNB,2000-07-26,10.0,10.0,10.0,10.0
LCNB,2000-07-27,10.0,10.0,10.0,10.0
LCNB,2000-07-28,10.25,10.25,10.0,10.0
LCNB,2000-07-31,10.12,10.5,10.0,10.0
LCNB,2000-08-01,10.0,10.0,10.0,10.0
LCNB,2000-08-02,10.0,10.5,10.0,10.5
LCNB,2000-08-03,10.5,10.5,10.5,10.5
LCNB,2000-08-04,10.5,10.5,10.5,10.5
LCNB,2000-08-07,10.0,10.5,10.0,10.25
LCNB,2000-08-08,10.0,10.0,10.0,10.0
LCNB,2000-08-09,10.0,10.0,10.0,10.0
LCNB,2000-08-10,10.25,10.25,10.25,10.25
LCNB,2000-08-11,10.25,10.25,10.25,10.25
LCNB,2000-08-14,10.25,10.25,10.25,10.25
LCNB,2000-08-15,10.25,10.25,10.25,10.25
LCNB,2000-08-16,10.25,10.25,10.25,10.25
LCNB,2000-08-17,10.25,10.25,10.25,10.25
LCNB,2000-08-18,10.25,10.25,10.25,10.25
LCNB,2000-08-21,10.25,10.25,10.25,10.25
LCNB,2000-08-22,10.06,10.19,9.56,10.0
LCNB,2000-08-23,10.0,10.0,10.0,10.0
LCNB,2000-08-24,10.0,10.0,10.0,10.0
LCNB,2000-08-25,10.0,10.0,10.0,10.0
LCNB,2000-08-28,10.0,10.0,10.0,10.0
LCNB,2000-08-29,9.38,9.88,9.38,9.88
LCNB,2000-08-30,9.88,9.88,9.25,9.25
LCNB,2000-08-31,9.5,9.5,9.5,9.5
LCNB,2000-09-01,9.5,9.5,9.5,9.5
LCNB,2000-09-05,9.5,9.5,9.5,9.5
LCNB,2000-09-06,9.5,9.5,9.5,9.5
LCNB,2000-09-07,9.5,9.5,9.5,9.5
LCNB,2000-09-08,9.5,9.5,9.5,9.5
LCNB,2000-09-11,9.5,9.5,9.5,9.5
LCNB,2000-09-12,9.5,9.5,9.5,9.5
LCNB,2000-09-13,9.5,9.5,9.5,9.5
LCNB,2000-09-14,9.5,9.5,9.5,9.5
LCNB,2000-09-15,9.5,9.5,9.5,9.5
LCNB,2000-09-18,9.25,9.25,9.25,9.25
LCNB,2000-09-19,9.25,9.25,9.25,9.25
LCNB,2000-09-20,9.75,9.75,9.75,9.75
LCNB,2000-09-21,9.75,9.75,9.75,9.75
LCNB,2000-09-22,9.75,9.75,9.75,9.75
LCNB,2000-09-25,9.75,9.75,9.75,9.75
LCNB,2000-09-26,9.75,9.75,9.75,9.75
LCNB,2000-09-27,9.75,9.75,9.75,9.75
LCNB,2000-09-28,9.75,9.75,9.75,9.75
LCNB,2000-09-29,9.75,9.75,9.75,9.75
LCNB,2000-10-02,9.75,9.75,9.75,9.75
LCNB,2000-10-03,9.75,9.75,9.75,9.75
LCNB,2000-10-04,9.75,9.75,9.75,9.75
LCNB,2000-10-05,9.75,9.75,9.75,9.75
LCNB,2000-10-06,9.75,9.75,9.75,9.75
LCNB,2000-10-09,9.75,9.75,9.75,9.75
LCNB,2000-10-10,9.75,9.75,9.75,9.75
LCNB,2000-10-11,9.38,9.75,9.38,9.75
LCNB,2000-10-12,9.75,9.75,9.75,9.75
LCNB,2000-10-13,9.75,9.75,9.75,9.75
LCNB,2000-10-16,9.25,9.75,9.25,9.75
LCNB,2000-10-17,9.0,9.0,9.0,9.0
LCNB,2000-10-18,9.0,9.0,9.0,9.0
LCNB,2000-10-19,9.5,9.5,9.5,9.5
LCNB,2000-10-20,9.5,9.5,9.11,9.11
LCNB,2000-10-23,9.11,9.11,9.11,9.11
LCNB,2000-10-24,9.25,9.25,9.25,9.25
LCNB,2000-10-25,9.25,9.25,9.25,9.25
LCNB,2000-10-26,9.25,9.25,9.25,9.25
LCNB,2000-10-27,9.25,9.25,9.25,9.25
LCNB,2000-10-30,9.25,9.25,9.25,9.25
LCNB,2000-10-31,9.25,9.25,9.25,9.25
LCNB,2000-11-01,9.25,9.25,9.25,9.25
LCNB,2000-11-02,9.25,9.25,9.25,9.25
LCNB,2000-11-03,9.25,9.25,9.25,9.25
LCNB,2000-11-06,9.25,9.25,9.25,9.25
LCNB,2000-11-07,9.25,9.25,9.25,9.25
LCNB,2000-11-08,9.25,9.25,9.25,9.25
LCNB,2000-11-09,9.25,9.25,9.25,9.25
LCNB,2000-11-10,9.25,9.25,9.25,9.25
LCNB,2000-11-13,9.25,9.25,9.25,9.25
LCNB,2000-11-14,9.25,9.25,9.25,9.25
LCNB,2000-11-15,9.25,9.25,9.25,9.25
LCNB,2000-11-16,8.5,8.5,8.5,8.5
LCNB,2000-11-17,8.5,8.5,8.5,8.5
LCNB,2000-11-20,8.75,8.75,8.75,8.75
LCNB,2000-11-21,8.75,8.75,8.75,8.75
LCNB,2000-11-22,8.75,8.75,8.75,8.75
LCNB,2000-11-24,8.75,8.75,8.75,8.75
LCNB,2000-11-27,8.75,8.75,8.75,8.75
LCNB,2000-11-28,8.75,10.0,8.75,10.0
LCNB,2000-11-29,10.0,10.0,10.0,10.0
LCNB,2000-11-30,10.0,10.0,10.0,10.0
LCNB,2000-12-01,10.0,10.0,10.0,10.0
LCNB,2000-12-04,10.0,10.0,10.0,10.0
LCNB,2000-12-05,9.25,9.88,9.25,9.88
LCNB,2000-12-06,9.88,9.88,9.88,9.88
LCNB,2000-12-07,9.75,9.75,9.25,9.25
LCNB,2000-12-08,9.5,9.75,9.5,9.5
LCNB,2000-12-11,9.5,9.5,9.5,9.5
LCNB,2000-12-12,9.5,9.5,9.5,9.5
LCNB,2000-12-13,9.5,9.5,9.5,9.5
LCNB,2000-12-14,9.5,9.5,9.5,9.5
LCNB,2000-12-15,9.38,9.38,9.12,9.12
LCNB,2000-12-18,9.38,9.38,8.5,8.56
LCNB,2000-12-19,8.56,8.56,8.56,8.56
LCNB,2000-12-20,8.56,8.56,8.56,8.56
LCNB,2000-12-21,8.75,8.75,8.75,8.75
LCNB,2000-12-22,8.5,8.88,8.5,8.88
LCNB,2000-12-26,8.62,8.62,8.62,8.62
LCNB,2000-12-27,8.5,8.5,8.5,8.5
LCNB,2000-12-28,8.38,9.0,8.38,9.0
LCNB,2000-12-29,9.0,9.0,9.0,9.0
LCNB,2001-01-02,9.0,9.0,9.0,9.0
LCNB,2001-01-03,9.0,9.0,9.0,9.0
LCNB,2001-01-04,9.47,9.47,9.25,9.47
LCNB,2001-01-05,9.47,9.47,9.47,9.47
LCNB,2001-01-08,9.0,9.0,8.75,8.75
LCNB,2001-01-09,8.75,9.0,8.75,9.0
LCNB,2001-01-10,9.0,9.0,9.0,9.0
LCNB,2001-01-11,9.0,9.0,9.0,9.0
LCNB,2001-01-12,8.75,8.75,8.75,8.75
LCNB,2001-01-16,8.75,8.75,8.75,8.75
LCNB,2001-01-17,8.88,9.0,8.88,9.0
LCNB,2001-01-18,9.0,9.0,9.0,9.0
LCNB,2001-01-19,9.0,9.0,9.0,9.0
LCNB,2001-01-22,9.0,9.0,9.0,9.0
LCNB,2001-01-23,9.47,9.47,8.69,8.69
LCNB,2001-01-24,9.47,9.47,9.47,9.47
LCNB,2001-01-25,9.47,9.47,9.47,9.47
LCNB,2001-01-26,9.47,9.47,9.47,9.47
LCNB,2001-01-29,9.47,9.47,9.0,9.0
LCNB,2001-01-30,9.25,9.47,9.0,9.47
LCNB,2001-01-31,9.25,9.47,9.25,9.47
LCNB,2001-02-01,9.47,9.47,9.47,9.47
LCNB,2001-02-02,8.5,9.0,8.5,8.5
LCNB,2001-02-05,9.38,9.38,9.38,9.38
LCNB,2001-02-06,9.38,9.38,9.38,9.38
LCNB,2001-02-07,9.38,9.38,9.38,9.38
LCNB,2001-02-08,9.38,9.47,9.25,9.47
LCNB,2001-02-09,9.47,9.47,9.47,9.47
LCNB,2001-02-12,9.47,9.47,9.47,9.47
LCNB,2001-02-13,9.47,9.47,9.47,9.47
LCNB,2001-02-14,9.47,9.47,9.47,9.47
LCNB,2001-02-15,9.47,9.47,9.47,9.47
LCNB,2001-02-16,9.47,9.47,9.47,9.47
LCNB,2001-02-20,9.0,9.25,9.0,9.25
LCNB,2001-02-21,9.25,9.25,9.25,9.25
LCNB,2001-02-22,9.25,9.25,9.25,9.25
LCNB,2001-02-23,8.62,8.62,8.62,8.62
LCNB,2001-02-26,8.62,8.62,8.62,8.62
LCNB,2001-02-27,8.62,8.62,8.62,8.62
LCNB,2001-02-28,8.62,8.62,8.62,8.62
LCNB,2001-03-01,8.88,8.88,8.88,8.88
LCNB,2001-03-02,8.94,8.94,8.94,8.94
LCNB,2001-03-05,8.69,9.25,8.69,9.25
LCNB,2001-03-06,8.88,8.88,8.88,8.88
LCNB,2001-03-07,8.88,8.88,8.88,8.88
LCNB,2001-03-08,8.62,8.62,8.62,8.62
LCNB,2001-03-09,8.69,8.69,8.62,8.62
LCNB,2001-03-12,8.75,8.75,8.75,8.75
LCNB,2001-03-13,8.75,8.75,8.75,8.75
LCNB,2001-03-14,8.56,8.72,8.56,8.62
LCNB,2001-03-15,8.69,8.81,8.69,8.81
LCNB,2001-03-16,8.75,8.75,8.69,8.69
LCNB,2001-03-19,8.69,8.69,8.69,8.69
LCNB,2001-03-20,8.69,8.69,8.69,8.69
LCNB,2001-03-21,8.69,8.69,8.69,8.69
LCNB,2001-03-22,8.69,9.25,8.5,8.5
LCNB,2001-03-23,8.62,8.62,8.55,8.55
LCNB,2001-03-26,8.55,8.55,8.55,8.55
LCNB,2001-03-27,8.38,8.38,8.38,8.38
LCNB,2001-03-28,8.12,8.12,8.12,8.12
LCNB,2001-03-29,8.12,8.12,8.12,8.12
LCNB,2001-03-30,8.59,8.59,8.59,8.59
LCNB,2001-04-02,8.59,8.59,8.59,8.59
LCNB,2001-04-03,8.75,8.75,8.75,8.75
LCNB,2001-04-04,8.75,8.75,8.75,8.75
LCNB,2001-04-05,8.75,8.75,8.75,8.75
LCNB,2001-04-06,8.62,8.62,8.62,8.62
LCNB,2001-04-09,8.62,8.62,8.5,8.5
LCNB,2001-04-10,8.5,8.5,8.5,8.5
LCNB,2001-04-11,8.5,8.5,8.5,8.5
LCNB,2001-04-12,8.62,8.62,8.5,8.62
LCNB,2001-04-16,8.25,8.25,8.25,8.25
LCNB,2001-04-17,8.25,8.62,8.25,8.56
LCNB,2001-04-18,8.56,8.56,8.56,8.56
LCNB,2001-04-19,8.56,8.56,8.56,8.56
LCNB,2001-04-20,8.56,8.56,8.56,8.56
LCNB,2001-04-23,8.56,8.56,8.56,8.56
LCNB,2001-04-24,8.56,8.56,8.56,8.56
LCNB,2001-04-25,9.0,9.0,9.0,9.0
LCNB,2001-04-26,9.0,9.0,9.0,9.0
LCNB,2001-04-27,9.0,9.0,9.0,9.0
LCNB,2001-04-30,8.56,8.56,8.56,8.56
LCNB,2001-05-01,8.56,8.56,8.56,8.56
LCNB,2001-05-02,8.56,8.88,8.5,8.69
LCNB,2001-05-03,8.88,9.38,8.88,9.38
LCNB,2001-05-04,9.38,9.38,9.38,9.38
LCNB,2001-05-07,9.5,10.0,9.5,10.0
LCNB,2001-05-08,9.75,9.75,9.75,9.75
LCNB,2001-05-09,10.0,10.0,10.0,10.0
LCNB,2001-05-10,9.88,9.88,9.88,9.88
LCNB,2001-05-11,9.88,9.88,9.88,9.88
LCNB,2001-05-14,9.88,9.88,9.88,9.88
LCNB,2001-05-15,10.25,10.5,9.31,9.31
LCNB,2001-05-16,10.0,10.0,10.0,10.0
LCNB,2001-05-17,10.0,10.0,10.0,10.0
LCNB,2001-05-18,10.12,10.12,10.12,10.12
LCNB,2001-05-21,10.12,10.12,10.12,10.12
LCNB,2001-05-22,10.12,10.12,9.75,10.0
LCNB,2001-05-23,10.0,10.0,10.0,10.0
LCNB,2001-05-24,10.0,10.0,10.0,10.0
LCNB,2001-05-25,10.0,10.0,10.0,10.0
LCNB,2001-05-29,10.0,10.0,10.0,10.0
LCNB,2001-05-30,10.0,10.0,10.0,10.0
LCNB,2001-05-31,10.0,10.0,10.0,10.0
LCNB,2001-06-01,10.0,10.0,10.0,10.0
LCNB,2001-06-04,9.75,9.75,9.75,9.75
LCNB,2001-06-05,9.89,9.89,9.89,9.89
LCNB,2001-06-06,9.89,9.89,9.89,9.89
LCNB,2001-06-07,9.89,9.89,9.89,9.89
LCNB,2001-06-08,9.89,9.89,9.89,9.89
LCNB,2001-06-11,9.75,9.75,9.75,9.75
LCNB,2001-06-12,9.38,9.38,9.38,9.38
LCNB,2001-06-13,9.81,10.25,9.81,10.12
LCNB,2001-06-14,10.12,10.12,10.12,10.12
LCNB,2001-06-15,10.25,10.38,10.12,10.12
LCNB,2001-06-18,9.38,9.38,9.38,9.38
LCNB,2001-06-19,9.62,9.62,9.62,9.62
LCNB,2001-06-20,9.5,10.0,9.5,10.0
LCNB,2001-06-21,10.0,10.0,10.0,10.0
LCNB,2001-06-22,10.0,10.0,10.0,10.0
LCNB,2001-06-25,9.69,10.0,9.69,10.0
LCNB,2001-06-26,10.0,10.0,10.0,10.0
LCNB,2001-06-27,10.0,10.0,10.0,10.0
LCNB,2001-06-28,10.0,10.0,10.0,10.0
LCNB,2001-06-29,10.0,10.0,10.0,10.0
LCNB,2001-07-02,10.0,10.0,10.0,10.0
LCNB,2001-07-03,10.0,10.0,10.0,10.0
LCNB,2001-07-05,10.0,10.0,10.0,10.0
LCNB,2001-07-06,10.0,10.0,10.0,10.0
LCNB,2001-07-09,10.0,10.0,10.0,10.0
LCNB,2001-07-10,10.0,10.0,10.0,10.0
LCNB,2001-07-11,10.0,10.0,10.0,10.0
LCNB,2001-07-12,10.0,10.0,10.0,10.0
LCNB,2001-07-13,10.0,10.0,10.0,10.0
LCNB,2001-07-16,10.0,10.0,10.0,10.0
LCNB,2001-07-17,9.88,10.0,9.88,10.0
LCNB,2001-07-18,10.0,10.0,10.0,10.0
LCNB,2001-07-19,9.75,9.75,9.5,9.5
LCNB,2001-07-20,9.75,9.75,9.75,9.75
LCNB,2001-07-23,9.75,9.75,9.75,9.75
LCNB,2001-07-24,9.5,9.75,9.5,9.75
LCNB,2001-07-25,9.75,9.75,9.75,9.75
LCNB,2001-07-26,9.75,9.75,9.75,9.75
LCNB,2001-07-27,9.57,10.12,9.57,10.12
LCNB,2001-07-30,9.62,9.62,9.62,9.62
LCNB,2001-07-31,9.62,9.62,9.62,9.62
LCNB,2001-08-01,9.62,9.62,9.62,9.62
LCNB,2001-08-02,9.88,9.88,9.88,9.88
LCNB,2001-08-03,9.88,9.88,9.88,9.88
LCNB,2001-08-06,9.75,9.75,9.75,9.75
LCNB,2001-08-07,9.81,9.88,9.81,9.81
LCNB,2001-08-08,9.88,9.88,9.88,9.88
LCNB,2001-08-09,9.88,9.88,9.88,9.88
LCNB,2001-08-10,9.88,9.88,9.88,9.88
LCNB,2001-08-13,9.88,9.88,9.88,9.88
LCNB,2001-08-14,9.88,10.12,9.88,10.12
LCNB,2001-08-15,10.12,10.12,10.12,10.12
LCNB,2001-08-16,10.25,10.25,10.25,10.25
LCNB,2001-08-17,10.25,10.25,10.25,10.25
LCNB,2001-08-20,10.25,10.25,10.25,10.25
LCNB,2001-08-21,10.25,10.25,10.25,10.25
LCNB,2001-08-22,10.25,10.25,10.25,10.25
LCNB,2001-08-23,10.25,10.25,10.25,10.25
LCNB,2001-08-24,10.25,10.25,10.25,10.25
LCNB,2001-08-27,10.25,10.25,10.25,10.25
LCNB,2001-08-28,10.25,10.25,10.25,10.25
LCNB,2001-08-29,10.0,10.0,10.0,10.0
LCNB,2001-08-30,10.25,10.25,10.25,10.25
LCNB,2001-08-31,10.25,10.25,10.25,10.25
LCNB,2001-09-04,10.25,10.25,10.25,10.25
LCNB,2001-09-05,10.25,10.25,10.25,10.25
LCNB,2001-09-06,10.25,10.25,10.25,10.25
LCNB,2001-09-07,10.25,10.25,10.25,10.25
LCNB,2001-09-10,10.25,10.25,10.25,10.25
LCNB,2001-09-17,10.25,10.25,10.25,10.25
LCNB,2001-09-18,10.25,10.25,10.25,10.25
LCNB,2001-09-19,10.25,10.25,10.25,10.25
LCNB,2001-09-20,10.25,10.25,10.25,10.25
LCNB,2001-09-21,9.88,9.88,9.88,9.88
LCNB,2001-09-24,10.0,10.0,10.0,10.0
LCNB,2001-09-25,9.88,9.88,9.88,9.88
LCNB,2001-09-26,9.88,9.88,9.88,9.88
LCNB,2001-09-27,9.88,9.94,9.88,9.94
LCNB,2001-09-28,9.94,9.94,9.94,9.94
LCNB,2001-10-01,9.94,9.94,9.94,9.94
LCNB,2001-10-02,9.88,9.88,9.88,9.88
LCNB,2001-10-03,10.0,10.0,10.0,10.0
LCNB,2001-10-04,10.0,10.0,10.0,10.0
LCNB,2001-10-05,10.0,10.0,10.0,10.0
LCNB,2001-10-08,10.0,10.0,10.0,10.0
LCNB,2001-10-09,9.89,10.0,9.89,10.0
LCNB,2001-10-10,10.0,10.0,10.0,10.0
LCNB,2001-10-11,10.0,10.0,10.0,10.0
LCNB,2001-10-12,10.0,10.0,10.0,10.0
LCNB,2001-10-15,10.25,10.25,10.12,10.25
LCNB,2001-10-16,10.19,10.19,10.19,10.19
LCNB,2001-10-17,10.19,10.19,10.19,10.19
LCNB,2001-10-18,10.19,10.19,10.19,10.19
LCNB,2001-10-19,10.25,10.5,10.25,10.5
LCNB,2001-10-22,10.5,10.5,10.25,10.25
LCNB,2001-10-23,10.25,10.25,10.25,10.25
LCNB,2001-10-24,10.25,10.25,10.25,10.25
LCNB,2001-10-25,10.25,10.25,10.25,10.25
LCNB,2001-10-26,10.5,10.5,10.25,10.5
LCNB,2001-10-29,10.5,10.5,10.5,10.5
LCNB,2001-10-30,10.5,10.5,10.5,10.5
LCNB,2001-10-31,10.5,10.5,10.5,10.5
LCNB,2001-11-01,10.5,10.5,10.5,10.5
LCNB,2001-11-02,10.25,10.38,10.25,10.38
LCNB,2001-11-05,10.16,10.22,10.16,10.22
LCNB,2001-11-06,10.5,10.5,10.5,10.5
LCNB,2001-11-07,10.5,10.5,10.5,10.5
LCNB,2001-11-08,10.5,10.5,10.5,10.5
LCNB,2001-11-09,10.5,10.5,10.5,10.5
LCNB,2001-11-12,10.5,10.5,10.5,10.5
LCNB,2001-11-13,10.0,10.0,10.0,10.0
LCNB,2001-11-14,10.5,10.5,10.5,10.5
LCNB,2001-11-15,10.5,10.5,10.5,10.5
LCNB,2001-11-16,10.5,10.5,10.5,10.5
LCNB,2001-11-19,10.5,10.5,10.5,10.5
LCNB,2001-11-20,10.5,10.5,10.5,10.5
LCNB,2001-11-21,10.5,10.5,10.5,10.5
LCNB,2001-11-23,10.5,10.5,10.5,10.5
LCNB,2001-11-26,10.5,10.5,10.5,10.5
LCNB,2001-11-27,10.5,10.5,10.5,10.5
LCNB,2001-11-28,10.5,10.5,10.5,10.5
LCNB,2001-11-29,10.5,10.5,10.5,10.5
LCNB,2001-11-30,9.94,10.19,9.94,10.19
LCNB,2001-12-03,10.19,10.19,10.19,10.19
LCNB,2001-12-04,10.0,10.0,10.0,10.0
LCNB,2001-12-05,10.0,10.0,10.0,10.0
LCNB,2001-12-06,10.0,10.0,10.0,10.0
LCNB,2001-12-07,10.0,10.0,10.0,10.0
LCNB,2001-12-10,10.0,10.0,10.0,10.0
LCNB,2001-12-11,10.0,10.0,10.0,10.0
LCNB,2001-12-12,10.0,10.0,10.0,10.0
LCNB,2001-12-13,10.0,10.0,10.0,10.0
LCNB,2001-12-14,10.56,10.56,10.44,10.44
LCNB,2001-12-17,10.44,10.44,10.44,10.44
LCNB,2001-12-18,10.5,10.62,10.44,10.62
LCNB,2001-12-19,10.62,10.62,10.62,10.62
LCNB,2001-12-20,10.27,10.27,10.27,10.27
LCNB,2001-12-21,10.27,10.27,10.27,10.27
LCNB,2001-12-24,10.27,10.27,10.27,10.27
LCNB,2001-12-26,10.27,10.27,10.27,10.27
LCNB,2001-12-27,10.27,10.27,10.27,10.27
LCNB,2001-12-28,10.27,10.27,10.27,10.27
LCNB,2001-12-31,10.27,10.27,10.27,10.27
LCNB,2002-01-02,10.27,10.27,10.27,10.27
LCNB,2002-01-03,10.27,10.27,10.27,10.27
LCNB,2002-01-04,10.38,10.38,10.38,10.38
LCNB,2002-01-07,10.62,10.62,10.5,10.5
LCNB,2002-01-08,10.5,10.5,10.5,10.5
LCNB,2002-01-09,10.5,10.5,10.5,10.5
LCNB,2002-01-10,10.62,10.62,10.62,10.62
LCNB,2002-01-11,10.75,10.75,10.75,10.75
LCNB,2002-01-14,10.75,10.75,10.75,10.75
LCNB,2002-01-15,10.5,10.5,10.5,10.5
LCNB,2002-01-16,10.5,10.5,10.5,10.5
LCNB,2002-01-17,10.5,10.5,10.5,10.5
LCNB,2002-01-18,10.5,10.5,9.75,9.75
LCNB,2002-01-22,9.75,9.75,9.75,9.75
LCNB,2002-01-23,9.75,9.75,9.75,9.75
LCNB,2002-01-24,10.31,10.31,10.31,10.31
LCNB,2002-01-25,10.31,10.31,10.31,10.31
LCNB,2002-01-28,10.31,10.31,10.31,10.31
LCNB,2002-01-29,10.31,10.31,10.31,10.31
LCNB,2002-01-30,10.31,10.31,10.31,10.31
LCNB,2002-01-31,10.38,10.38,10.0,10.0
LCNB,2002-02-01,10.0,10.0,10.0,10.0
LCNB,2002-02-04,10.0,10.0,10.0,10.0
LCNB,2002-02-05,10.0,10.0,10.0,10.0
LCNB,2002-02-06,10.0,10.0,10.0,10.0
LCNB,2002-02-07,10.43,10.5,10.43,10.5
LCNB,2002-02-08,10.5,10.5,10.5,10.5
LCNB,2002-02-11,10.38,10.38,10.38,10.38
LCNB,2002-02-12,10.69,10.69,10.69,10.69
LCNB,2002-02-13,10.69,10.69,10.69,10.69
LCNB,2002-02-14,10.5,10.5,10.39,10.39
LCNB,2002-02-15,10.39,10.39,10.39,10.39
LCNB,2002-02-19,10.56,10.56,10.39,10.39
LCNB,2002-02-20,10.39,10.39,10.39,10.39
LCNB,2002-02-21,10.39,10.39,10.39,10.39
LCNB,2002-02-22,10.39,10.39,10.39,10.39
LCNB,2002-02-25,10.64,10.64,10.64,10.64
LCNB,2002-02-26,10.64,10.64,10.64,10.64
LCNB,2002-02-27,10.64,10.64,10.64,10.64
LCNB,2002-02-28,10.64,10.64,10.64,10.64
LCNB,2002-03-01,10.39,10.39,10.39,10.39
LCNB,2002-03-04,10.64,10.64,10.64,10.64
LCNB,2002-03-05,10.64,10.64,10.64,10.64
LCNB,2002-03-06,10.44,10.44,10.44,10.44
LCNB,2002-03-07,10.75,10.75,10.75,10.75
LCNB,2002-03-08,10.5,10.75,10.5,10.75
LCNB,2002-03-11,10.75,10.75,10.75,10.75
LCNB,2002-03-12,10.75,10.75,10.75,10.75
LCNB,2002-03-13,10.5,10.75,10.5,10.75
LCNB,2002-03-14,10.75,10.75,10.75,10.75
LCNB,2002-03-15,10.75,10.75,10.75,10.75
LCNB,2002-03-18,10.75,10.75,10.75,10.75
LCNB,2002-03-19,10.75,10.75,10.75,10.75
LCNB,2002-03-20,10.75,10.75,10.75,10.75
LCNB,2002-03-21,11.0,11.0,10.75,10.75
LCNB,2002-03-22,11.0,11.0,11.0,11.0
LCNB,2002-03-25,11.0,11.0,11.0,11.0
LCNB,2002-03-26,10.99,10.99,10.99,10.99
LCNB,2002-03-27,10.99,10.99,10.99,10.99
LCNB,2002-03-28,10.99,10.99,10.99,10.99
LCNB,2002-04-01,10.99,10.99,10.99,10.99
LCNB,2002-04-02,10.99,10.99,10.99,10.99
LCNB,2002-04-03,10.99,10.99,10.99,10.99
LCNB,2002-04-04,10.99,10.99,10.99,10.99
LCNB,2002-04-05,10.99,10.99,10.99,10.99
LCNB,2002-04-08,10.62,10.62,10.62,10.62
LCNB,2002-04-09,10.62,10.62,10.62,10.62
LCNB,2002-04-10,10.75,10.75,10.75,10.75
LCNB,2002-04-11,10.62,10.75,10.62,10.75
LCNB,2002-04-12,10.62,10.62,10.62,10.62
LCNB,2002-04-15,10.62,10.62,10.62,10.62
LCNB,2002-04-16,10.62,10.62,10.62,10.62
LCNB,2002-04-17,10.62,10.62,10.62,10.62
LCNB,2002-04-18,10.62,10.62,10.62,10.62
LCNB,2002-04-19,10.75,10.75,10.62,10.62
LCNB,2002-04-22,10.62,10.62,10.62,10.62
LCNB,2002-04-23,10.66,10.66,10.66,10.66
LCNB,2002-04-24,10.66,10.66,10.66,10.66
LCNB,2002-04-25,10.66,10.66,10.66,10.66
LCNB,2002-04-26,10.66,10.66,10.66,10.66
LCNB,2002-04-29,10.66,10.66,10.66,10.66
LCNB,2002-04-30,10.7,10.7,10.7,10.7
LCNB,2002-05-01,10.7,10.7,10.7,10.7
LCNB,2002-05-02,10.7,10.7,10.7,10.7
LCNB,2002-05-03,10.75,10.75,10.75,10.75
LCNB,2002-05-06,10.75,10.75,10.75,10.75
LCNB,2002-05-07,10.75,10.75,10.75,10.75
LCNB,2002-05-08,10.75,10.75,10.75,10.75
LCNB,2002-05-09,10.8,10.8,10.8,10.8
LCNB,2002-05-10,10.8,10.8,10.8,10.8
LCNB,2002-05-13,10.8,10.8,10.8,10.8
LCNB,2002-05-14,10.75,10.75,10.75,10.75
LCNB,2002-05-15,10.88,10.88,10.75,10.75
LCNB,2002-05-16,10.78,11.0,10.75,10.88
LCNB,2002-05-17,10.88,10.88,10.88,10.88
LCNB,2002-05-20,10.88,10.88,10.88,10.88
LCNB,2002-05-21,10.88,10.88,10.88,10.88
LCNB,2002-05-22,10.94,10.94,10.94,10.94
LCNB,2002-05-23,10.94,10.94,10.94,10.94
LCNB,2002-05-24,10.94,10.94,10.94,10.94
LCNB,2002-05-28,11.0,11.0,11.0,11.0
LCNB,2002-05-29,11.0,11.0,11.0,11.0
LCNB,2002-05-30,11.0,11.0,11.0,11.0
LCNB,2002-05-31,11.0,11.0,11.0,11.0
LCNB,2002-06-03,11.0,11.0,11.0,11.0
LCNB,2002-06-04,11.0,11.0,11.0,11.0
LCNB,2002-06-05,11.0,11.0,11.0,11.0
LCNB,2002-06-06,11.0,11.0,11.0,11.0
LCNB,2002-06-07,11.0,11.0,11.0,11.0
LCNB,2002-06-10,11.0,11.0,10.69,10.69
LCNB,2002-06-11,10.69,10.69,10.69,10.69
LCNB,2002-06-12,11.0,11.0,11.0,11.0
LCNB,2002-06-13,11.0,11.0,11.0,11.0
LCNB,2002-06-14,11.0,11.0,11.0,11.0
LCNB,2002-06-17,11.0,11.12,11.0,11.12
LCNB,2002-06-18,11.06,11.06,11.06,11.06
LCNB,2002-06-19,11.06,11.06,11.06,11.06
LCNB,2002-06-20,10.94,10.94,10.94,10.94
LCNB,2002-06-21,10.94,11.25,10.94,11.25
LCNB,2002-06-24,11.25,11.25,11.25,11.25
LCNB,2002-06-25,11.25,11.25,11.25,11.25
LCNB,2002-06-26,11.25,11.25,11.25,11.25
LCNB,2002-06-27,10.94,11.06,10.94,11.06
LCNB,2002-06-28,11.06,11.06,11.06,11.06
LCNB,2002-07-01,11.06,11.06,11.06,11.06
LCNB,2002-07-02,11.06,11.06,11.06,11.06
LCNB,2002-07-03,11.06,11.06,11.06,11.06
LCNB,2002-07-05,11.06,11.06,11.06,11.06
LCNB,2002-07-08,11.25,11.25,10.94,11.0
LCNB,2002-07-09,11.0,11.0,11.0,11.0
LCNB,2002-07-10,10.94,10.94,10.94,10.94
LCNB,2002-07-11,10.94,10.94,10.94,10.94
LCNB,2002-07-12,11.12,11.12,11.12,11.12
LCNB,2002-07-15,11.12,11.12,11.12,11.12
LCNB,2002-07-16,11.12,11.12,11.12,11.12
LCNB,2002-07-17,11.12,11.12,11.12,11.12
LCNB,2002-07-18,10.94,10.94,10.94,10.94
LCNB,2002-07-19,10.94,10.94,10.94,10.94
LCNB,2002-07-22,10.94,10.94,10.94,10.94
LCNB,2002-07-23,10.94,10.94,10.94,10.94
LCNB,2002-07-24,10.94,11.0,10.94,10.94
LCNB,2002-07-25,10.94,10.94,10.94,10.94
LCNB,2002-07-26,10.81,10.94,10.81,10.94
LCNB,2002-07-29,10.94,10.94,10.94,10.94
LCNB,2002-07-30,10.94,10.94,10.94,10.94
LCNB,2002-07-31,10.94,10.94,10.94,10.94
LCNB,2002-08-01,10.94,11.0,10.88,10.88
LCNB,2002-08-02,11.0,11.0,11.0,11.0
LCNB,2002-08-05,10.94,10.94,10.94,10.94
LCNB,2002-08-06,10.94,10.94,10.94,10.94
LCNB,2002-08-07,10.94,10.94,10.94,10.94
LCNB,2002-08-08,10.94,10.94,10.94,10.94
LCNB,2002-08-09,10.94,10.94,10.94,10.94
LCNB,2002-08-12,10.94,10.94,10.94,10.94
LCNB,2002-08-13,10.94,10.94,10.94,10.94
LCNB,2002-08-14,10.94,10.94,10.94,10.94
LCNB,2002-08-15,10.94,10.94,10.94,10.94
LCNB,2002-08-16,10.94,10.94,10.94,10.94
LCNB,2002-08-19,10.94,10.94,10.94,10.94
LCNB,2002-08-20,10.94,10.94,10.94,10.94
LCNB,2002-08-21,10.94,10.94,10.94,10.94
LCNB,2002-08-22,10.94,10.94,10.94,10.94
LCNB,2002-08-23,10.94,10.94,10.94,10.94
LCNB,2002-08-26,10.94,10.94,10.94,10.94
LCNB,2002-08-27,10.94,11.06,10.94,11.06
LCNB,2002-08-28,11.06,11.06,11.06,11.06
LCNB,2002-08-29,11.06,11.06,11.06,11.06
LCNB,2002-08-30,11.06,11.06,11.06,11.06
LCNB,2002-09-03,11.5,11.5,11.5,11.5
LCNB,2002-09-04,10.94,11.5,10.94,10.94
LCNB,2002-09-05,10.94,10.94,10.94,10.94
LCNB,2002-09-06,10.94,10.94,10.94,10.94
LCNB,2002-09-09,11.0,11.0,11.0,11.0
LCNB,2002-09-10,11.0,11.0,11.0,11.0
LCNB,2002-09-11,11.0,11.0,11.0,11.0
LCNB,2002-09-12,11.0,11.0,11.0,11.0
LCNB,2002-09-13,11.0,11.0,11.0,11.0
LCNB,2002-09-16,15.0,15.0,15.0,15.0
LCNB,2002-09-17,13.75,13.75,11.25,11.5
LCNB,2002-09-18,11.5,11.5,11.5,11.5
LCNB,2002-09-19,11.5,11.5,11.5,11.5
LCNB,2002-09-20,11.0,11.0,11.0,11.0
LCNB,2002-09-23,11.0,11.0,11.0,11.0
LCNB,2002-09-24,11.25,11.25,11.25,11.25
LCNB,2002-09-25,11.25,11.25,11.25,11.25
LCNB,2002-09-26,11.25,11.25,11.25,11.25
LCNB,2002-09-27,11.25,11.25,11.25,11.25
LCNB,2002-09-30,11.25,11.25,11.25,11.25
LCNB,2002-10-01,11.5,11.5,11.5,11.5
LCNB,2002-10-02,11.5,11.5,11.5,11.5
LCNB,2002-10-03,11.69,11.69,11.69,11.69
LCNB,2002-10-04,11.69,11.75,11.69,11.69
LCNB,2002-10-07,11.88,11.88,11.69,11.69
LCNB,2002-10-08,11.69,11.69,11.69,11.69
LCNB,2002-10-09,11.69,11.69,11.69,11.69
LCNB,2002-10-10,11.69,11.69,11.69,11.69
LCNB,2002-10-11,11.7,11.73,11.7,11.73
LCNB,2002-10-14,11.73,11.73,11.73,11.73
LCNB,2002-10-15,12.0,12.0,12.0,12.0
LCNB,2002-10-16,12.5,14.75,12.0,12.0
LCNB,2002-10-17,12.5,12.5,12.0,12.0
LCNB,2002-10-18,12.0,12.0,12.0,12.0
LCNB,2002-10-21,12.0,12.0,12.0,12.0
LCNB,2002-10-22,12.0,12.0,12.0,12.0
LCNB,2002-10-23,12.0,12.0,12.0,12.0
LCNB,2002-10-24,12.0,12.0,12.0,12.0
LCNB,2002-10-25,12.0,12.0,12.0,12.0
LCNB,2002-10-28,11.76,11.76,11.76,11.76
LCNB,2002-10-29,11.76,11.76,11.76,11.76
LCNB,2002-10-30,11.75,11.75,11.5,11.75
LCNB,2002-10-31,11.76,11.76,11.76,11.76
LCNB,2002-11-01,11.76,11.76,11.76,11.76
LCNB,2002-11-04,11.76,11.76,11.76,11.76
LCNB,2002-11-05,11.76,11.76,11.76,11.76
LCNB,2002-11-06,11.76,11.76,11.76,11.76
LCNB,2002-11-07,11.76,11.76,11.76,11.76
LCNB,2002-11-08,11.76,13.0,11.76,11.76
LCNB,2002-11-11,11.88,11.88,11.88,11.88
LCNB,2002-11-12,11.88,11.88,11.88,11.88
LCNB,2002-11-13,11.88,11.88,11.88,11.88
LCNB,2002-11-14,11.88,11.88,11.88,11.88
LCNB,2002-11-15,11.88,11.88,11.88,11.88
LCNB,2002-11-18,11.93,11.93,11.93,11.93
LCNB,2002-11-19,11.93,11.93,11.93,11.93
LCNB,2002-11-20,12.12,13.0,12.12,12.25
LCNB,2002-11-21,12.25,12.25,12.25,12.25
LCNB,2002-11-22,12.25,12.25,12.25,12.25
LCNB,2002-11-25,13.0,13.0,13.0,13.0
LCNB,2002-11-26,13.0,13.0,12.5,12.5
LCNB,2002-11-27,12.5,12.5,12.5,12.5
LCNB,2002-11-29,12.5,12.5,12.5,12.5
LCNB,2002-12-02,12.5,12.5,12.5,12.5
LCNB,2002-12-03,12.5,12.5,12.5,12.5
LCNB,2002-12-04,12.5,12.5,12.5,12.5
LCNB,2002-12-05,12.12,12.12,12.12,12.12
LCNB,2002-12-06,12.12,12.12,12.12,12.12
LCNB,2002-12-09,12.12,12.12,12.12,12.12
LCNB,2002-12-10,12.12,12.12,12.12,12.12
LCNB,2002-12-11,13.5,13.5,13.5,13.5
LCNB,2002-12-12,13.5,13.5,13.5,13.5
LCNB,2002-12-13,13.5,13.5,13.5,13.5
LCNB,2002-12-16,14.76,15.12,12.31,14.25
LCNB,2002-12-17,14.25,14.25,14.25,14.25
LCNB,2002-12-18,14.25,14.25,14.25,14.25
LCNB,2002-12-19,13.12,13.12,13.12,13.12
LCNB,2002-12-20,13.12,13.12,13.12,13.12
LCNB,2002-12-23,12.38,12.38,12.38,12.38
LCNB,2002-12-24,12.38,12.38,12.38,12.38
LCNB,2002-12-26,12.38,12.38,12.38,12.38
LCNB,2002-12-27,12.38,12.38,12.38,12.38
LCNB,2002-12-30,12.38,12.38,12.38,12.38
LCNB,2002-12-31,12.38,12.38,12.38,12.38
LCNB,2003-01-02,12.38,12.38,12.38,12.38
LCNB,2003-01-03,12.38,12.38,12.38,12.38
LCNB,2003-01-06,12.38,12.38,12.38,12.38
LCNB,2003-01-07,12.38,12.38,12.38,12.38
LCNB,2003-01-08,12.4,12.4,12.4,12.4
LCNB,2003-01-09,12.4,12.4,12.4,12.4
LCNB,2003-01-10,12.4,12.4,12.4,12.4
LCNB,2003-01-13,12.4,12.4,12.4,12.4
LCNB,2003-01-14,12.4,12.4,12.4,12.4
LCNB,2003-01-15,12.4,12.4,12.4,12.4
LCNB,2003-01-16,12.4,12.4,12.4,12.4
LCNB,2003-01-17,13.75,13.75,13.25,13.25
LCNB,2003-01-21,12.5,12.5,12.5,12.5
LCNB,2003-01-22,12.5,12.5,12.5,12.5
LCNB,2003-01-23,12.5,12.5,12.5,12.5
LCNB,2003-01-24,12.5,12.5,12.5,12.5
LCNB,2003-01-27,12.75,12.75,12.75,12.75
LCNB,2003-01-28,12.75,12.75,12.56,12.56
LCNB,2003-01-29,13.75,13.75,13.38,13.62
LCNB,2003-01-30,13.62,13.62,13.62,13.62
LCNB,2003-01-31,13.62,13.62,13.62,13.62
LCNB,2003-02-03,13.62,13.62,13.62,13.62
LCNB,2003-02-04,13.5,13.75,13.5,13.75
LCNB,2003-02-05,13.75,13.75,13.75,13.75
LCNB,2003-02-06,13.75,13.75,13.75,13.75
LCNB,2003-02-07,13.75,13.75,13.75,13.75
LCNB,2003-02-10,13.75,13.75,13.75,13.75
LCNB,2003-02-11,13.75,13.75,13.75,13.75
LCNB,2003-02-12,13.75,13.75,13.75,13.75
LCNB,2003-02-13,13.75,13.75,13.75,13.75
LCNB,2003-02-14,12.62,13.5,12.62,13.5
LCNB,2003-02-18,13.5,13.5,13.5,13.5
LCNB,2003-02-19,13.5,13.5,13.5,13.5
LCNB,2003-02-20,13.5,13.5,13.27,13.27
LCNB,2003-02-21,13.56,13.56,12.75,12.75
LCNB,2003-02-24,12.75,12.75,12.75,12.75
LCNB,2003-02-25,13.23,13.56,13.23,13.5
LCNB,2003-02-26,13.5,13.5,13.5,13.5
LCNB,2003-02-27,13.5,13.5,13.5,13.5
LCNB,2003-02-28,13.5,13.5,13.25,13.25
LCNB,2003-03-03,12.87,12.87,12.75,12.75
LCNB,2003-03-04,12.75,12.75,12.75,12.75
LCNB,2003-03-05,12.75,12.75,12.75,12.75
LCNB,2003-03-06,12.69,13.0,12.69,13.0
LCNB,2003-03-07,13.5,13.5,12.75,13.0
LCNB,2003-03-10,13.0,13.0,13.0,13.0
LCNB,2003-03-11,12.88,12.88,12.88,12.88
LCNB,2003-03-12,12.88,12.88,12.88,12.88
LCNB,2003-03-13,12.88,12.88,12.88,12.88
LCNB,2003-03-14,13.38,13.56,13.25,13.56
LCNB,2003-03-17,13.56,13.56,13.56,13.56
LCNB,2003-03-18,13.56,13.56,13.56,13.56
LCNB,2003-03-19,13.56,13.56,13.56,13.56
LCNB,2003-03-20,13.56,13.56,13.56,13.56
LCNB,2003-03-21,13.56,13.56,13.56,13.56
LCNB,2003-03-24,13.0,13.25,13.0,13.25
LCNB,2003-03-25,13.25,13.25,13.25,13.25
LCNB,2003-03-26,13.25,13.25,13.25,13.25
LCNB,2003-03-27,13.25,13.25,13.25,13.25
LCNB,2003-03-28,13.25,13.25,13.25,13.25
LCNB,2003-03-31,13.25,13.25,13.25,13.25
LCNB,2003-04-01,13.25,13.25,13.25,13.25
LCNB,2003-04-02,13.25,13.25,13.25,13.25
LCNB,2003-04-03,13.25,13.25,13.25,13.25
LCNB,2003-04-04,13.25,13.25,13.25,13.25
LCNB,2003-04-07,13.0,13.25,13.0,13.25
LCNB,2003-04-08,13.12,13.12,13.12,13.12
LCNB,2003-04-09,13.12,13.12,13.12,13.12
LCNB,2003-04-10,13.12,13.12,13.12,13.12
LCNB,2003-04-11,13.12,13.12,13.12,13.12
LCNB,2003-04-14,13.12,13.12,13.12,13.12
LCNB,2003-04-15,13.07,13.23,13.02,13.23
LCNB,2003-04-16,13.07,13.07,13.05,13.05
LCNB,2003-04-17,13.25,13.25,13.25,13.25
LCNB,2003-04-21,13.25,13.38,13.25,13.38
LCNB,2003-04-22,13.38,13.38,13.38,13.38
LCNB,2003-04-23,13.38,13.38,13.38,13.38
LCNB,2003-04-24,13.38,13.38,13.38,13.38
LCNB,2003-04-25,13.38,13.38,13.25,13.25
LCNB,2003-04-28,13.34,13.34,13.34,13.34
LCNB,2003-04-29,13.12,13.12,13.12,13.12
LCNB,2003-04-30,13.12,13.12,13.12,13.12
LCNB,2003-05-01,13.19,13.19,13.19,13.19
LCNB,2003-05-02,13.19,13.19,13.19,13.19
LCNB,2003-05-05,13.19,13.19,13.19,13.19
LCNB,2003-05-06,13.31,13.34,13.25,13.25
LCNB,2003-05-07,13.25,13.5,13.25,13.25
LCNB,2003-05-08,13.25,13.25,13.25,13.25
LCNB,2003-05-09,13.25,13.25,13.25,13.25
LCNB,2003-05-12,13.25,13.25,13.25,13.25
LCNB,2003-05-13,13.25,13.25,13.25,13.25
LCNB,2003-05-14,13.25,13.25,13.25,13.25
LCNB,2003-05-15,13.5,13.5,13.5,13.5
LCNB,2003-05-16,13.5,13.5,13.5,13.5
LCNB,2003-05-19,13.25,13.25,13.25,13.25
LCNB,2003-05-20,13.44,13.44,13.44,13.44
LCNB,2003-05-21,13.5,13.5,13.5,13.5
LCNB,2003-05-22,13.5,13.56,13.5,13.56
LCNB,2003-05-23,13.56,13.56,13.56,13.56
LCNB,2003-05-27,13.5,13.5,13.31,13.31
LCNB,2003-05-28,13.5,13.56,13.5,13.56
LCNB,2003-05-29,13.75,13.75,13.75,13.75
LCNB,2003-05-30,13.75,13.75,13.75,13.75
LCNB,2003-06-02,14.0,14.0,14.0,14.0
LCNB,2003-06-03,14.0,14.0,14.0,14.0
LCNB,2003-06-04,14.25,14.25,14.25,14.25
LCNB,2003-06-05,14.25,14.5,14.25,14.5
LCNB,2003-06-06,14.5,14.5,14.5,14.5
LCNB,2003-06-09,14.5,14.5,14.5,14.5
LCNB,2003-06-10,14.5,14.5,14.5,14.5
LCNB,2003-06-11,14.12,14.12,14.12,14.12
LCNB,2003-06-12,14.12,14.12,14.12,14.12
LCNB,2003-06-13,14.5,14.5,14.5,14.5
LCNB,2003-06-16,14.5,14.5,14.5,14.5
LCNB,2003-06-17,14.5,14.5,14.5,14.5
LCNB,2003-06-18,14.5,14.5,14.5,14.5
LCNB,2003-06-19,14.5,14.5,14.5,14.5
LCNB,2003-06-20,14.5,14.5,14.38,14.38
LCNB,2003-06-23,14.38,14.38,14.38,14.38
LCNB,2003-06-24,14.38,14.38,14.38,14.38
LCNB,2003-06-25,14.38,14.62,14.38,14.62
LCNB,2003-06-26,14.62,14.62,14.62,14.62
LCNB,2003-06-27,14.25,14.25,14.25,14.25
LCNB,2003-06-30,14.25,14.25,14.25,14.25
LCNB,2003-07-01,14.75,15.0,14.5,14.5
LCNB,2003-07-02,14.5,15.06,14.5,15.0
LCNB,2003-07-03,14.5,14.5,14.5,14.5
LCNB,2003-07-07,14.88,14.88,14.5,14.75
LCNB,2003-07-08,14.75,14.75,14.75,14.75
LCNB,2003-07-09,15.25,15.25,15.0,15.0
LCNB,2003-07-10,15.0,15.0,15.0,15.0
LCNB,2003-07-11,15.0,15.0,15.0,15.0
LCNB,2003-07-14,15.0,15.0,15.0,15.0
LCNB,2003-07-15,15.0,15.0,15.0,15.0
LCNB,2003-07-16,15.0,15.0,15.0,15.0
LCNB,2003-07-17,15.0,15.0,15.0,15.0
LCNB,2003-07-18,16.25,16.25,15.06,15.06
LCNB,2003-07-21,15.88,15.94,15.88,15.94
LCNB,2003-07-22,15.25,15.25,15.25,15.25
LCNB,2003-07-23,15.25,15.25,15.25,15.25
LCNB,2003-07-24,15.25,15.25,15.25,15.25
LCNB,2003-07-25,15.25,15.25,15.25,15.25
LCNB,2003-07-28,15.25,15.25,15.25,15.25
LCNB,2003-07-29,15.75,15.75,15.75,15.75
LCNB,2003-07-30,15.75,15.75,15.75,15.75
LCNB,2003-07-31,15.75,15.75,15.75,15.75
LCNB,2003-08-01,17.0,17.0,17.0,17.0
LCNB,2003-08-04,15.25,15.38,15.25,15.38
LCNB,2003-08-05,15.38,15.38,15.38,15.38
LCNB,2003-08-06,15.5,15.5,15.5,15.5
LCNB,2003-08-07,15.5,15.5,15.5,15.5
LCNB,2003-08-08,16.5,16.5,16.5,16.5
LCNB,2003-08-11,16.5,16.5,16.5,16.5
LCNB,2003-08-12,17.0,17.0,16.5,17.0
LCNB,2003-08-13,17.0,17.0,17.0,17.0
LCNB,2003-08-14,17.0,17.0,17.0,17.0
LCNB,2003-08-15,17.0,17.0,17.0,17.0
LCNB,2003-08-18,16.25,16.25,16.25,16.25
LCNB,2003-08-19,16.25,16.25,16.25,16.25
LCNB,2003-08-20,16.69,16.69,16.69,16.69
LCNB,2003-08-21,16.69,16.69,16.69,16.69
LCNB,2003-08-22,16.69,16.69,16.69,16.69
LCNB,2003-08-25,16.27,16.27,16.27,16.27
LCNB,2003-08-26,16.27,16.27,16.27,16.27
LCNB,2003-08-27,16.27,16.27,16.27,16.27
LCNB,2003-08-28,16.31,16.31,16.31,16.31
LCNB,2003-08-29,16.31,16.31,16.31,16.31
LCNB,2003-09-02,16.31,16.31,16.31,16.31
LCNB,2003-09-03,16.34,16.34,16.34,16.34
LCNB,2003-09-04,16.34,16.34,16.34,16.34
LCNB,2003-09-05,16.31,16.31,16.31,16.31
LCNB,2003-09-08,16.31,16.31,16.31,16.31
LCNB,2003-09-09,16.31,16.31,16.31,16.31
LCNB,2003-09-10,16.31,16.31,16.31,16.31
LCNB,2003-09-11,16.31,16.31,16.31,16.31
LCNB,2003-09-12,16.31,16.31,16.31,16.31
LCNB,2003-09-15,16.88,16.88,16.88,16.88
LCNB,2003-09-16,17.12,17.25,17.12,17.25
LCNB,2003-09-17,17.75,17.75,17.75,17.75
LCNB,2003-09-18,17.12,17.12,17.12,17.12
LCNB,2003-09-19,17.12,17.12,17.12,17.12
LCNB,2003-09-22,17.12,17.12,17.12,17.12
LCNB,2003-09-23,17.12,17.12,17.12,17.12
LCNB,2003-09-24,16.75,16.75,16.75,16.75
LCNB,2003-09-25,21.25,21.25,18.75,18.75
LCNB,2003-09-26,18.0,18.0,18.0,18.0
LCNB,2003-09-29,16.75,16.75,16.75,16.75
LCNB,2003-09-30,16.75,16.75,16.75,16.75
LCNB,2003-10-01,16.75,16.75,16.75,16.75
LCNB,2003-10-02,16.75,16.75,16.75,16.75
LCNB,2003-10-03,16.75,16.75,16.75,16.75
LCNB,2003-10-06,16.75,16.75,16.75,16.75
LCNB,2003-10-07,16.75,16.75,16.75,16.75
LCNB,2003-10-08,16.75,16.75,16.75,16.75
LCNB,2003-10-09,17.75,17.75,17.5,17.5
LCNB,2003-10-10,17.5,17.5,17.5,17.5
LCNB,2003-10-13,17.5,17.5,17.5,17.5
LCNB,2003-10-14,17.5,17.5,17.5,17.5
LCNB,2003-10-15,17.5,17.5,17.5,17.5
LCNB,2003-10-16,17.5,17.5,17.5,17.5
LCNB,2003-10-17,17.5,17.5,17.5,17.5
LCNB,2003-10-20,16.5,16.5,16.31,16.31
LCNB,2003-10-21,17.25,17.41,17.25,17.41
LCNB,2003-10-22,17.5,17.5,17.5,17.5
LCNB,2003-10-23,17.5,17.5,17.5,17.5
LCNB,2003-10-24,17.5,17.5,17.5,17.5
LCNB,2003-10-27,17.5,17.5,17.5,17.5
LCNB,2003-10-28,17.0,17.0,17.0,17.0
LCNB,2003-10-29,16.88,16.88,16.88,16.88
LCNB,2003-10-30,17.5,17.5,17.5,17.5
LCNB,2003-10-31,17.5,17.5,17.5,17.5
LCNB,2003-11-03,17.5,17.5,17.5,17.5
LCNB,2003-11-04,17.5,17.5,17.5,17.5
LCNB,2003-11-05,17.5,17.5,17.5,17.5
LCNB,2003-11-06,17.5,17.5,17.5,17.5
LCNB,2003-11-07,17.5,17.5,17.5,17.5
LCNB,2003-11-10,17.25,17.75,17.25,17.5
LCNB,2003-11-11,17.5,17.5,17.5,17.5
LCNB,2003-11-12,17.5,17.5,17.5,17.5
LCNB,2003-11-13,17.5,17.5,17.5,17.5
LCNB,2003-11-14,17.5,17.5,17.5,17.5
LCNB,2003-11-17,17.5,17.5,17.5,17.5
LCNB,2003-11-18,17.5,17.5,17.5,17.5
LCNB,2003-11-19,17.5,17.5,17.5,17.5
LCNB,2003-11-20,17.75,17.75,17.75,17.75
LCNB,2003-11-21,17.75,17.75,17.75,17.75
LCNB,2003-11-24,17.75,17.75,17.75,17.75
LCNB,2003-11-25,17.75,17.75,17.75,17.75
LCNB,2003-11-26,17.12,17.12,17.12,17.12
LCNB,2003-11-28,17.13,17.13,17.13,17.13
LCNB,2003-12-01,17.13,17.13,17.13,17.13
LCNB,2003-12-02,17.13,17.13,17.13,17.13
LCNB,2003-12-03,17.12,17.12,17.12,17.12
LCNB,2003-12-04,17.12,17.12,17.12,17.12
LCNB,2003-12-05,17.5,17.5,17.5,17.5
LCNB,2003-12-08,17.5,17.5,17.5,17.5
LCNB,2003-12-09,17.12,17.12,17.12,17.12
LCNB,2003-12-10,17.5,17.5,17.5,17.5
LCNB,2003-12-11,17.5,17.5,17.5,17.5
LCNB,2003-12-12,18.0,18.0,17.75,17.75
LCNB,2003-12-15,17.75,19.0,17.75,17.94
LCNB,2003-12-16,17.94,17.94,17.94,17.94
LCNB,2003-12-17,17.94,17.94,17.94,17.94
LCNB,2003-12-18,17.94,17.94,17.94,17.94
LCNB,2003-12-19,17.5,17.5,17.5,17.5
LCNB,2003-12-22,17.5,17.5,17.5,17.5
LCNB,2003-12-23,17.5,17.5,17.5,17.5
LCNB,2003-12-24,17.5,17.5,17.5,17.5
LCNB,2003-12-26,17.5,17.5,17.5,17.5
LCNB,2003-12-29,17.5,17.5,17.5,17.5
LCNB,2003-12-30,18.0,18.0,18.0,18.0
LCNB,2003-12-31,17.5,17.69,17.5,17.69
LCNB,2004-01-02,17.69,17.69,17.69,17.69
LCNB,2004-01-05,17.38,17.38,17.38,17.38
LCNB,2004-01-06,17.38,17.38,17.38,17.38
LCNB,2004-01-07,17.5,17.5,17.5,17.5
LCNB,2004-01-08,17.5,17.5,17.5,17.5
LCNB,2004-01-09,17.5,17.5,17.5,17.5
LCNB,2004-01-12,17.5,17.5,17.5,17.5
LCNB,2004-01-13,17.5,17.5,17.5,17.5
LCNB,2004-01-14,17.26,17.26,17.26,17.26
LCNB,2004-01-15,17.26,17.26,17.26,17.26
LCNB,2004-01-16,17.26,17.26,17.26,17.26
LCNB,2004-01-20,17.5,17.99,17.5,17.99
LCNB,2004-01-21,17.99,17.99,17.99,17.99
LCNB,2004-01-22,17.99,17.99,17.99,17.99
LCNB,2004-01-23,17.99,17.99,17.99,17.99
LCNB,2004-01-26,18.0,18.0,17.31,17.31
LCNB,2004-01-27,17.31,17.31,17.31,17.31
LCNB,2004-01-28,17.31,17.31,17.31,17.31
LCNB,2004-01-29,17.31,17.31,17.31,17.31
LCNB,2004-01-30,18.0,18.0,17.5,17.5
LCNB,2004-02-02,17.5,17.5,17.5,17.5
LCNB,2004-02-03,18.0,18.0,18.0,18.0
LCNB,2004-02-04,18.0,18.0,18.0,18.0
LCNB,2004-02-05,18.0,18.0,18.0,18.0
LCNB,2004-02-06,18.0,18.0,18.0,18.0
LCNB,2004-02-09,18.0,18.0,18.0,18.0
LCNB,2004-02-10,18.0,18.0,18.0,18.0
LCNB,2004-02-11,18.0,18.0,18.0,18.0
LCNB,2004-02-12,18.0,18.0,18.0,18.0
LCNB,2004-02-13,18.0,18.0,18.0,18.0
LCNB,2004-02-17,18.12,18.12,17.75,17.75
LCNB,2004-02-18,17.75,17.75,17.75,17.75
LCNB,2004-02-19,17.81,17.81,17.75,17.75
LCNB,2004-02-20,17.75,17.75,17.75,17.75
LCNB,2004-02-23,17.75,17.75,17.75,17.75
LCNB,2004-02-24,17.75,17.75,17.75,17.75
LCNB,2004-02-25,17.38,17.38,17.38,17.38
LCNB,2004-02-26,17.38,17.38,17.38,17.38
LCNB,2004-02-27,18.06,18.06,18.06,18.06
LCNB,2004-03-01,18.06,18.06,17.38,17.38
LCNB,2004-03-02,17.75,17.75,17.75,17.75
LCNB,2004-03-03,17.38,17.62,17.38,17.62
LCNB,2004-03-04,17.62,17.62,17.62,17.62
LCNB,2004-03-05,17.62,17.62,17.62,17.62
LCNB,2004-03-08,17.62,17.62,17.62,17.62
LCNB,2004-03-09,17.88,17.88,17.88,17.88
LCNB,2004-03-10,17.88,17.88,17.88,17.88
LCNB,2004-03-11,17.88,17.88,17.88,17.88
LCNB,2004-03-12,17.88,17.88,17.88,17.88
LCNB,2004-03-15,18.06,18.06,18.06,18.06
LCNB,2004-03-16,17.5,17.5,17.5,17.5
LCNB,2004-03-17,17.5,17.5,17.5,17.5
LCNB,2004-03-18,17.98,17.98,17.5,17.5
LCNB,2004-03-19,17.5,17.5,17.5,17.5
LCNB,2004-03-22,18.06,18.06,18.06,18.06
LCNB,2004-03-23,18.06,18.06,18.06,18.06
LCNB,2004-03-24,17.75,17.75,17.75,17.75
LCNB,2004-03-25,17.75,17.75,17.75,17.75
LCNB,2004-03-26,17.75,17.75,17.75,17.75
LCNB,2004-03-29,17.75,17.75,17.75,17.75
LCNB,2004-03-30,17.94,17.94,17.94,17.94
LCNB,2004-03-31,17.75,17.88,17.75,17.81
LCNB,2004-04-01,17.81,17.81,17.81,17.81
LCNB,2004-04-02,17.62,17.62,17.62,17.62
LCNB,2004-04-05,18.04,18.04,18.04,18.04
LCNB,2004-04-06,17.81,17.81,17.62,17.62
LCNB,2004-04-07,17.62,17.62,17.62,17.62
LCNB,2004-04-08,17.99,18.04,17.99,18.04
LCNB,2004-04-12,17.75,17.75,17.75,17.75
LCNB,2004-04-13,17.88,20.0,17.75,18.31
LCNB,2004-04-14,18.31,18.44,17.95,18.0
LCNB,2004-04-15,18.12,18.38,18.06,18.38
LCNB,2004-04-16,19.25,19.25,18.5,18.75
LCNB,2004-04-19,18.5,18.5,18.08,18.08
LCNB,2004-04-20,18.08,18.08,18.08,18.08
LCNB,2004-04-21,18.08,18.5,17.69,17.69
LCNB,2004-04-22,17.69,17.69,17.69,17.69
LCNB,2004-04-23,18.12,18.12,18.12,18.12
LCNB,2004-04-26,17.62,18.25,17.62,18.25
LCNB,2004-04-27,18.25,18.25,18.25,18.25
LCNB,2004-04-28,18.25,18.25,18.25,18.25
LCNB,2004-04-29,18.19,18.19,18.19,18.19
LCNB,2004-04-30,17.62,17.62,17.62,17.62
LCNB,2004-05-03,18.75,18.75,18.38,18.38
LCNB,2004-05-04,18.75,18.8,18.5,18.8
LCNB,2004-05-05,18.8,18.8,18.67,18.67
LCNB,2004-05-06,18.88,18.88,18.55,18.75
LCNB,2004-05-07,18.62,18.62,18.55,18.58
LCNB,2004-05-10,18.75,18.75,18.55,18.62
LCNB,2004-05-11,18.55,18.55,18.55,18.55
LCNB,2004-05-12,18.55,18.55,18.5,18.5
LCNB,2004-05-13,18.38,18.75,18.38,18.75
LCNB,2004-05-14,18.75,18.75,18.75,18.75
LCNB,2004-05-17,19.0,19.0,18.75,18.75
LCNB,2004-05-18,18.38,18.5,18.38,18.5
LCNB,2004-05-19,19.0,19.0,18.75,18.75
LCNB,2004-05-20,19.0,19.0,18.75,18.75
LCNB,2004-05-21,18.38,18.5,18.38,18.38
LCNB,2004-05-24,18.38,18.5,18.38,18.38
LCNB,2004-05-25,18.12,18.25,18.12,18.25
LCNB,2004-05-26,18.12,18.12,18.12,18.12
LCNB,2004-05-27,18.75,19.5,18.12,18.12
LCNB,2004-05-28,18.25,18.75,18.25,18.25
LCNB,2004-06-01,18.0,18.25,18.0,18.25
LCNB,2004-06-02,18.5,18.5,17.75,17.75
LCNB,2004-06-03,17.75,18.5,17.75,18.5
LCNB,2004-06-04,17.67,17.67,17.67,17.67
LCNB,2004-06-07,18.5,18.5,18.0,18.0
LCNB,2004-06-08,18.5,18.5,18.25,18.25
LCNB,2004-06-09,18.7,18.7,17.75,18.0
LCNB,2004-06-10,18.25,18.25,18.25,18.25
LCNB,2004-06-14,17.67,18.0,17.67,17.67
LCNB,2004-06-15,17.75,17.75,17.75,17.75
LCNB,2004-06-16,17.75,18.7,17.75,18.7
LCNB,2004-06-17,18.7,18.7,18.7,18.7
LCNB,2004-06-18,18.7,18.7,18.7,18.7
LCNB,2004-06-21,18.7,18.7,18.7,18.7
LCNB,2004-06-22,18.7,18.7,18.7,18.7
LCNB,2004-06-23,18.7,18.7,18.7,18.7
LCNB,2004-06-24,18.7,18.7,18.7,18.7
LCNB,2004-06-25,18.7,18.7,18.7,18.7
LCNB,2004-06-28,18.62,18.7,18.5,18.5
LCNB,2004-06-29,19.0,19.0,19.0,19.0
LCNB,2004-06-30,19.0,19.0,19.0,19.0
LCNB,2004-07-01,18.62,19.0,18.62,18.88
LCNB,2004-07-02,18.75,18.75,18.5,18.5
LCNB,2004-07-06,18.75,18.75,18.75,18.75
LCNB,2004-07-07,18.75,18.75,18.75,18.75
LCNB,2004-07-08,18.75,18.75,18.75,18.75
LCNB,2004-07-09,18.5,18.5,18.5,18.5
LCNB,2004-07-12,18.5,18.5,18.5,18.5
LCNB,2004-07-13,18.5,18.5,18.5,18.5
LCNB,2004-07-14,18.5,18.5,18.5,18.5
LCNB,2004-07-15,18.5,18.5,18.5,18.5
LCNB,2004-07-16,18.75,18.75,18.75,18.75
LCNB,2004-07-19,18.25,18.94,18.12,18.94
LCNB,2004-07-20,18.0,18.0,18.0,18.0
LCNB,2004-07-21,18.25,18.5,18.25,18.5
LCNB,2004-07-22,18.62,18.62,18.5,18.5
LCNB,2004-07-23,18.25,18.25,18.25,18.25
LCNB,2004-07-26,18.75,18.88,18.38,18.38
LCNB,2004-07-27,18.85,18.85,18.75,18.75
LCNB,2004-07-28,18.75,18.75,18.75,18.75
LCNB,2004-07-29,18.75,18.75,18.75,18.75
LCNB,2004-07-30,18.5,18.5,18.5,18.5
LCNB,2004-08-02,20.0,20.0,20.0,20.0
LCNB,2004-08-03,20.0,20.0,20.0,20.0
LCNB,2004-08-04,18.75,18.75,18.5,18.5
LCNB,2004-08-05,18.38,18.42,18.12,18.12
LCNB,2004-08-06,18.12,18.12,18.12,18.12
LCNB,2004-08-09,18.42,18.42,18.42,18.42
LCNB,2004-08-10,19.12,19.12,18.67,18.67
LCNB,2004-08-11,18.5,18.5,18.5,18.5
LCNB,2004-08-12,18.5,18.5,18.5,18.5
LCNB,2004-08-13,19.12,20.0,19.0,20.0
LCNB,2004-08-16,18.5,19.12,18.5,19.12
LCNB,2004-08-17,18.75,18.75,18.5,18.75
LCNB,2004-08-18,18.75,18.75,18.5,18.5
LCNB,2004-08-19,18.5,18.5,18.5,18.5
LCNB,2004-08-20,19.12,19.12,19.0,19.0
LCNB,2004-08-23,19.0,19.0,19.0,19.0
LCNB,2004-08-24,18.62,18.62,18.55,18.55
LCNB,2004-08-25,19.12,19.12,19.12,19.12
LCNB,2004-08-26,18.62,18.62,18.62,18.62
LCNB,2004-08-27,18.62,18.62,18.62,18.62
LCNB,2004-08-30,18.62,18.62,18.58,18.58
LCNB,2004-08-31,18.58,18.58,18.58,18.58
LCNB,2004-09-01,18.58,18.58,18.58,18.58
LCNB,2004-09-02,19.12,19.12,19.12,19.12
LCNB,2004-09-03,18.58,18.58,18.58,18.58
LCNB,2004-09-07,18.58,18.58,18.58,18.58
LCNB,2004-09-08,18.58,19.0,18.5,18.62
LCNB,2004-09-09,18.5,18.5,18.5,18.5
LCNB,2004-09-10,18.5,18.5,18.5,18.5
LCNB,2004-09-13,18.5,18.5,18.5,18.5
LCNB,2004-09-14,18.75,19.5,18.75,19.5
LCNB,2004-09-15,19.5,19.5,19.5,19.5
LCNB,2004-09-16,19.5,19.5,19.5,19.5
LCNB,2004-09-17,20.0,20.0,19.75,20.0
LCNB,2004-09-20,19.0,19.0,19.0,19.0
LCNB,2004-09-21,18.62,18.62,18.62,18.62
LCNB,2004-09-22,18.62,18.62,18.5,18.5
LCNB,2004-09-23,18.5,18.5,18.5,18.5
LCNB,2004-09-24,18.5,18.5,18.5,18.5
LCNB,2004-09-27,18.5,18.5,18.5,18.5
LCNB,2004-09-28,18.5,18.5,18.5,18.5
LCNB,2004-09-29,18.5,18.5,18.5,18.5
LCNB,2004-09-30,19.25,19.25,18.75,18.75
LCNB,2004-10-01,18.53,18.75,18.5,18.5
LCNB,2004-10-04,19.0,19.0,19.0,19.0
LCNB,2004-10-05,19.0,19.0,19.0,19.0
LCNB,2004-10-06,19.0,19.0,19.0,19.0
LCNB,2004-10-07,18.75,18.75,18.5,18.5
LCNB,2004-10-08,18.51,18.51,18.51,18.51
LCNB,2004-10-11,18.75,18.75,18.75,18.75
LCNB,2004-10-12,18.5,18.5,18.5,18.5
LCNB,2004-10-13,18.5,18.5,18.5,18.5
LCNB,2004-10-14,18.5,18.5,18.5,18.5
LCNB,2004-10-15,18.5,18.5,18.5,18.5
LCNB,2004-10-18,18.5,18.5,18.5,18.5
LCNB,2004-10-19,18.88,19.0,18.88,19.0
LCNB,2004-10-20,19.0,19.0,19.0,19.0
LCNB,2004-10-21,19.0,19.0,19.0,19.0
LCNB,2004-10-22,19.0,19.0,19.0,19.0
LCNB,2004-10-25,19.0,19.0,19.0,19.0
LCNB,2004-10-26,19.0,19.0,19.0,19.0
LCNB,2004-10-27,19.0,19.0,19.0,19.0
LCNB,2004-10-28,19.0,19.0,19.0,19.0
LCNB,2004-10-29,19.32,19.36,18.75,18.75
LCNB,2004-11-01,18.75,18.75,18.75,18.75
LCNB,2004-11-02,18.75,18.75,18.75,18.75
LCNB,2004-11-03,18.75,18.75,18.75,18.75
LCNB,2004-11-04,19.0,19.0,19.0,19.0
LCNB,2004-11-05,19.36,19.36,19.32,19.32
LCNB,2004-11-08,19.32,19.32,19.32,19.32
LCNB,2004-11-09,19.36,19.36,19.32,19.32
LCNB,2004-11-10,19.38,19.38,19.0,19.0
LCNB,2004-11-11,19.0,19.0,19.0,19.0
LCNB,2004-11-12,18.75,19.0,18.75,19.0
LCNB,2004-11-15,18.75,18.75,18.75,18.75
LCNB,2004-11-16,18.75,18.75,18.75,18.75
LCNB,2004-11-17,18.75,18.75,18.75,18.75
LCNB,2004-11-18,18.75,18.75,18.75,18.75
LCNB,2004-11-19,19.0,19.12,19.0,19.0
LCNB,2004-11-22,19.0,19.0,19.0,19.0
LCNB,2004-11-23,19.0,19.0,19.0,19.0
LCNB,2004-11-24,19.0,19.0,19.0,19.0
LCNB,2004-11-26,19.0,19.0,19.0,19.0
LCNB,2004-11-29,19.0,19.12,19.0,19.12
LCNB,2004-11-30,19.0,19.45,19.0,19.32
LCNB,2004-12-01,19.32,19.32,19.32,19.32
LCNB,2004-12-02,19.12,19.12,19.0,19.0
LCNB,2004-12-03,19.0,19.0,19.0,19.0
LCNB,2004-12-06,19.0,19.0,19.0,19.0
LCNB,2004-12-07,19.0,19.0,19.0,19.0
LCNB,2004-12-08,18.75,19.0,18.62,18.62
LCNB,2004-12-09,18.75,18.75,18.62,18.75
LCNB,2004-12-10,18.75,18.75,18.75,18.75
LCNB,2004-12-13,18.75,18.75,18.75,18.75
LCNB,2004-12-14,18.75,18.75,18.75,18.75
LCNB,2004-12-15,19.0,19.25,19.0,19.25
LCNB,2004-12-16,19.25,19.25,19.25,19.25
LCNB,2004-12-17,19.25,19.25,19.25,19.25
LCNB,2004-12-20,19.0,19.4,18.9,18.9
LCNB,2004-12-21,19.05,19.05,19.0,19.0
LCNB,2004-12-22,19.0,19.0,19.0,19.0
LCNB,2004-12-23,19.0,19.0,19.0,19.0
LCNB,2004-12-27,19.0,19.0,19.0,19.0
LCNB,2004-12-28,19.0,19.0,19.0,19.0
LCNB,2004-12-29,19.25,19.25,19.25,19.25
LCNB,2004-12-30,19.38,19.4,19.38,19.4
LCNB,2004-12-31,19.4,19.4,19.4,19.4
LCNB,2005-01-03,19.4,19.4,19.4,19.4
LCNB,2005-01-04,19.4,19.4,19.4,19.4
LCNB,2005-01-05,19.4,19.4,19.4,19.4
LCNB,2005-01-06,19.4,19.4,19.4,19.4
LCNB,2005-01-07,19.4,19.4,19.4,19.4
LCNB,2005-01-10,19.38,19.45,19.32,19.45
LCNB,2005-01-11,19.0,19.45,19.0,19.45
LCNB,2005-01-12,19.5,19.5,19.5,19.5
LCNB,2005-01-13,22.5,22.5,22.5,22.5
LCNB,2005-01-14,22.5,22.5,22.5,22.5
LCNB,2005-01-18,20.0,20.0,19.0,19.0
LCNB,2005-01-19,20.0,20.0,20.0,20.0
LCNB,2005-01-20,19.0,19.0,19.0,19.0
LCNB,2005-01-21,19.75,19.75,19.75,19.75
LCNB,2005-01-24,19.75,19.75,19.75,19.75
LCNB,2005-01-25,19.75,19.75,19.75,19.75
LCNB,2005-01-26,19.75,19.75,19.75,19.75
LCNB,2005-01-27,19.75,19.75,19.75,19.75
LCNB,2005-01-28,19.75,19.75,19.75,19.75
LCNB,2005-01-31,20.5,20.5,19.12,19.12
LCNB,2005-02-01,19.0,19.0,19.0,19.0
LCNB,2005-02-02,19.0,19.0,18.25,18.25
LCNB,2005-02-03,18.38,18.88,18.38,18.88
LCNB,2005-02-04,19.0,19.0,19.0,19.0
LCNB,2005-02-07,19.0,19.0,19.0,19.0
LCNB,2005-02-08,18.65,18.75,18.65,18.75
LCNB,2005-02-09,18.75,19.25,18.75,19.25
LCNB,2005-02-10,19.25,19.25,19.25,19.25
LCNB,2005-02-11,18.65,19.0,18.65,19.0
LCNB,2005-02-14,19.0,19.0,19.0,19.0
LCNB,2005-02-15,19.0,19.0,19.0,19.0
LCNB,2005-02-16,18.75,18.75,18.75,18.75
LCNB,2005-02-17,18.75,18.75,18.75,18.75
LCNB,2005-02-18,18.65,18.65,18.65,18.65
LCNB,2005-02-22,18.65,18.65,18.65,18.65
LCNB,2005-02-23,18.65,18.65,18.52,18.65
LCNB,2005-02-24,18.52,18.52,18.52,18.52
LCNB,2005-02-25,18.52,18.52,18.52,18.52
LCNB,2005-02-28,18.52,18.52,18.52,18.52
LCNB,2005-03-01,18.52,18.52,18.52,18.52
LCNB,2005-03-02,18.52,18.67,18.52,18.52
LCNB,2005-03-03,18.85,19.12,18.85,19.12
LCNB,2005-03-04,19.12,19.12,19.12,19.12
LCNB,2005-03-07,19.0,19.0,19.0,19.0
LCNB,2005-03-08,19.0,19.0,19.0,19.0
LCNB,2005-03-09,19.0,19.0,19.0,19.0
LCNB,2005-03-10,19.0,19.0,19.0,19.0
LCNB,2005-03-11,19.0,19.0,19.0,19.0
LCNB,2005-03-14,19.0,19.0,19.0,19.0
LCNB,2005-03-15,19.0,19.0,19.0,19.0
LCNB,2005-03-16,19.0,19.0,19.0,19.0
LCNB,2005-03-17,19.0,19.0,19.0,19.0
LCNB,2005-03-18,19.0,19.0,19.0,19.0
LCNB,2005-03-21,19.0,19.0,19.0,19.0
LCNB,2005-03-22,19.0,19.0,19.0,19.0
LCNB,2005-03-23,19.0,19.4,19.0,19.4
LCNB,2005-03-24,19.4,19.4,19.4,19.4
LCNB,2005-03-28,19.4,19.4,19.4,19.4
LCNB,2005-03-29,18.88,19.12,18.55,18.62
LCNB,2005-03-30,19.25,19.25,19.0,19.0
LCNB,2005-03-31,18.75,18.75,18.62,18.62
LCNB,2005-04-01,19.0,19.0,19.0,19.0
LCNB,2005-04-04,19.0,19.0,19.0,19.0
LCNB,2005-04-05,19.0,19.0,19.0,19.0
LCNB,2005-04-06,18.62,18.62,18.62,18.62
LCNB,2005-04-07,18.62,18.62,18.62,18.62
LCNB,2005-04-08,18.75,20.0,18.75,20.0
LCNB,2005-04-11,18.62,18.62,18.62,18.62
LCNB,2005-04-12,18.62,18.62,18.62,18.62
LCNB,2005-04-13,18.88,19.0,18.88,19.0
LCNB,2005-04-14,19.0,19.0,18.62,18.62
LCNB,2005-04-15,18.62,18.62,18.62,18.62
LCNB,2005-04-18,18.62,18.75,18.62,18.75
LCNB,2005-04-19,19.5,19.5,18.75,18.75
LCNB,2005-04-20,18.75,18.75,18.75,18.75
LCNB,2005-04-21,18.65,18.65,18.62,18.62
LCNB,2005-04-22,18.62,19.0,18.62,19.0
LCNB,2005-04-25,19.0,19.0,19.0,19.0
LCNB,2005-04-26,18.62,19.0,18.62,19.0
LCNB,2005-04-27,18.88,19.0,18.88,18.95
LCNB,2005-04-28,18.95,18.95,18.95,18.95
LCNB,2005-04-29,18.88,18.88,18.88,18.88
LCNB,2005-05-02,18.75,18.88,18.75,18.88
LCNB,2005-05-03,19.0,19.0,18.75,18.75
LCNB,2005-05-04,18.75,18.75,18.75,18.75
LCNB,2005-05-05,18.75,18.75,18.75,18.75
LCNB,2005-05-06,18.75,18.75,18.75,18.75
LCNB,2005-05-09,18.75,18.75,18.75,18.75
LCNB,2005-05-10,18.75,18.75,18.75,18.75
LCNB,2005-05-11,18.75,18.75,18.75,18.75
LCNB,2005-05-12,18.75,18.75,18.75,18.75
LCNB,2005-05-13,18.75,18.75,18.75,18.75
LCNB,2005-05-16,18.75,18.75,18.75,18.75
LCNB,2005-05-17,20.0,20.0,19.25,19.25
LCNB,2005-05-18,19.25,19.25,19.25,19.25
LCNB,2005-05-19,19.25,19.25,19.25,19.25
LCNB,2005-05-20,19.25,19.25,19.25,19.25
LCNB,2005-05-23,19.2,19.2,19.2,19.2
LCNB,2005-05-24,19.2,19.2,19.2,19.2
LCNB,2005-05-25,19.2,19.2,19.2,19.2
LCNB,2005-05-26,19.25,19.25,19.25,19.25
LCNB,2005-05-27,19.25,19.25,19.25,19.25
LCNB,2005-05-31,19.25,19.25,19.25,19.25
LCNB,2005-06-01,19.25,19.25,19.2,19.2
LCNB,2005-06-02,19.0,19.0,19.0,19.0
LCNB,2005-06-03,19.0,19.0,19.0,19.0
LCNB,2005-06-06,19.0,19.0,19.0,19.0
LCNB,2005-06-07,19.0,19.0,19.0,19.0
LCNB,2005-06-08,19.0,19.0,19.0,19.0
LCNB,2005-06-09,19.25,19.25,18.75,19.12
LCNB,2005-06-10,18.75,18.75,18.75,18.75
LCNB,2005-06-13,19.0,19.0,19.0,19.0
LCNB,2005-06-14,19.0,19.0,19.0,19.0
LCNB,2005-06-15,19.0,19.0,19.0,19.0
LCNB,2005-06-16,19.0,19.0,19.0,19.0
LCNB,2005-06-17,19.0,19.0,19.0,19.0
LCNB,2005-06-20,18.92,18.92,18.92,18.92
LCNB,2005-06-21,18.83,19.0,18.83,19.0
LCNB,2005-06-22,18.9,18.9,18.75,18.75
LCNB,2005-06-23,18.75,18.75,18.75,18.75
LCNB,2005-06-24,18.75,18.75,18.75,18.75
LCNB,2005-06-27,18.75,18.75,18.75,18.75
LCNB,2005-06-28,18.75,18.75,18.75,18.75
LCNB,2005-06-29,19.45,19.5,18.75,18.75
LCNB,2005-06-30,18.88,19.12,18.88,19.12
LCNB,2005-07-01,19.12,19.12,19.12,19.12
LCNB,2005-07-05,19.12,19.12,19.12,19.12
LCNB,2005-07-06,19.12,19.12,19.12,19.12
LCNB,2005-07-07,19.12,19.12,19.12,19.12
LCNB,2005-07-08,19.12,19.12,19.12,19.12
LCNB,2005-07-11,19.25,19.25,19.25,19.25
LCNB,2005-07-12,19.25,19.25,19.25,19.25
LCNB,2005-07-13,19.25,19.25,19.25,19.25
LCNB,2005-07-14,19.25,19.25,19.25,19.25
LCNB,2005-07-15,19.25,19.25,18.75,18.75
LCNB,2005-07-18,18.75,18.75,18.75,18.75
LCNB,2005-07-19,18.75,18.75,18.75,18.75
LCNB,2005-07-20,18.75,18.75,18.75,18.75
LCNB,2005-07-21,18.75,18.75,18.75,18.75
LCNB,2005-07-22,18.75,18.75,18.75,18.75
LCNB,2005-07-25,18.75,18.75,18.75,18.75
LCNB,2005-07-26,18.75,18.75,18.75,18.75
LCNB,2005-07-27,18.75,18.75,18.75,18.75
LCNB,2005-07-28,18.75,18.75,18.75,18.75
LCNB,2005-07-29,18.75,18.75,18.75,18.75
LCNB,2005-08-01,18.75,18.75,18.75,18.75
LCNB,2005-08-02,18.75,18.75,18.75,18.75
LCNB,2005-08-03,18.75,19.12,18.75,18.76
LCNB,2005-08-04,18.75,18.88,18.75,18.88
LCNB,2005-08-05,18.88,18.88,18.88,18.88
LCNB,2005-08-08,18.88,18.88,18.88,18.88
LCNB,2005-08-09,18.92,19.0,18.92,19.0
LCNB,2005-08-10,19.0,19.0,19.0,19.0
LCNB,2005-08-11,19.0,19.0,19.0,19.0
LCNB,2005-08-12,19.0,19.0,19.0,19.0
LCNB,2005-08-15,18.75,19.0,18.75,19.0
LCNB,2005-08-16,19.0,19.0,19.0,19.0
LCNB,2005-08-17,19.0,19.0,18.77,18.77
LCNB,2005-08-18,18.77,18.77,18.77,18.77
LCNB,2005-08-19,18.77,18.77,18.77,18.77
LCNB,2005-08-22,18.77,18.77,18.77,18.77
LCNB,2005-08-23,18.77,18.77,18.77,18.77
LCNB,2005-08-24,19.0,19.12,18.88,19.12
LCNB,2005-08-25,19.12,19.12,19.12,19.12
LCNB,2005-08-26,19.25,19.25,19.25,19.25
LCNB,2005-08-29,19.25,19.25,19.0,19.25
LCNB,2005-08-30,18.8,18.8,18.8,18.8
LCNB,2005-08-31,18.8,18.8,18.8,18.8
LCNB,2005-09-01,18.8,18.8,18.8,18.8
LCNB,2005-09-02,19.12,19.12,19.0,19.0
LCNB,2005-09-06,19.0,19.0,19.0,19.0
LCNB,2005-09-07,18.8,18.8,18.75,18.75
LCNB,2005-09-08,18.75,18.75,18.75,18.75
LCNB,2005-09-09,18.75,18.75,18.75,18.75
LCNB,2005-09-12,18.75,18.75,18.75,18.75
LCNB,2005-09-13,18.75,18.75,18.75,18.75
LCNB,2005-09-14,18.75,18.75,18.75,18.75
LCNB,2005-09-15,19.12,19.12,19.0,19.0
LCNB,2005-09-16,18.75,19.08,18.62,18.65
LCNB,2005-09-19,18.65,18.65,18.65,18.65
LCNB,2005-09-20,18.62,18.62,18.62,18.62
LCNB,2005-09-21,18.62,18.62,18.5,18.5
LCNB,2005-09-22,18.5,18.5,18.5,18.5
LCNB,2005-09-23,18.38,18.5,18.38,18.38
LCNB,2005-09-26,18.3,18.3,18.3,18.3
LCNB,2005-09-27,18.3,18.3,18.3,18.3
LCNB,2005-09-28,18.38,18.38,18.3,18.3
LCNB,2005-09-29,18.3,18.3,18.3,18.3
LCNB,2005-09-30,18.3,18.55,18.3,18.55
LCNB,2005-10-03,18.75,18.75,18.75,18.75
LCNB,2005-10-04,18.98,18.98,18.38,18.38
LCNB,2005-10-05,18.38,18.5,18.38,18.38
LCNB,2005-10-06,18.38,18.38,18.38,18.38
LCNB,2005-10-07,18.38,18.38,18.38,18.38
LCNB,2005-10-10,18.5,18.5,18.5,18.5
LCNB,2005-10-11,18.5,18.5,18.5,18.5
LCNB,2005-10-12,18.5,18.5,18.5,18.5
LCNB,2005-10-13,18.38,18.38,18.38,18.38
LCNB,2005-10-14,18.5,19.0,18.5,19.0
LCNB,2005-10-17,18.5,18.5,18.5,18.5
LCNB,2005-10-18,19.0,19.0,19.0,19.0
LCNB,2005-10-19,19.0,19.0,18.75,18.75
LCNB,2005-10-20,18.75,18.75,18.75,18.75
LCNB,2005-10-21,18.75,18.75,18.75,18.75
LCNB,2005-10-24,19.0,19.0,19.0,19.0
LCNB,2005-10-25,19.0,19.0,19.0,19.0
LCNB,2005-10-26,19.0,19.0,19.0,19.0
LCNB,2005-10-27,18.5,18.75,18.5,18.75
LCNB,2005-10-28,18.55,18.55,18.55,18.55
LCNB,2005-10-31,18.55,18.55,18.55,18.55
LCNB,2005-11-01,18.55,18.55,18.55,18.55
LCNB,2005-11-02,18.56,18.56,18.55,18.55
LCNB,2005-11-03,18.55,18.55,18.55,18.55
LCNB,2005-11-04,18.55,18.55,18.55,18.55
LCNB,2005-11-07,18.55,18.55,18.55,18.55
LCNB,2005-11-08,18.73,18.73,18.73,18.73
LCNB,2005-11-09,18.73,19.1,18.73,19.0
LCNB,2005-11-10,18.75,19.1,18.75,19.0
LCNB,2005-11-11,19.0,19.0,19.0,19.0
LCNB,2005-11-14,19.0,19.0,19.0,19.0
LCNB,2005-11-15,19.12,19.12,19.0,19.0
LCNB,2005-11-16,19.0,19.0,19.0,19.0
LCNB,2005-11-17,19.0,19.0,19.0,19.0
LCNB,2005-11-18,19.0,19.0,19.0,19.0
LCNB,2005-11-21,18.95,18.95,18.95,18.95
LCNB,2005-11-22,18.9,19.12,18.9,19.12
LCNB,2005-11-23,19.12,19.12,19.12,19.12
LCNB,2005-11-25,19.12,19.12,19.12,19.12
LCNB,2005-11-28,19.12,19.12,19.12,19.12
LCNB,2005-11-29,19.12,19.12,19.12,19.12
LCNB,2005-11-30,19.12,19.12,19.12,19.12
LCNB,2005-12-01,18.9,18.9,18.75,18.88
LCNB,2005-12-02,18.88,18.88,18.88,18.88
LCNB,2005-12-05,18.88,18.88,18.88,18.88
LCNB,2005-12-06,18.88,18.88,18.88,18.88
LCNB,2005-12-07,18.75,18.75,18.75,18.75
LCNB,2005-12-08,18.75,18.75,18.75,18.75
LCNB,2005-12-09,18.75,19.0,18.75,19.0
LCNB,2005-12-12,19.0,19.0,19.0,19.0
LCNB,2005-12-13,19.12,19.12,18.75,18.75
LCNB,2005-12-14,18.75,18.75,18.75,18.75
LCNB,2005-12-15,18.88,18.92,18.75,18.75
LCNB,2005-12-16,18.62,18.62,18.62,18.62
LCNB,2005-12-19,18.62,18.62,18.62,18.62
LCNB,2005-12-20,18.62,18.62,18.55,18.58
LCNB,2005-12-21,18.58,18.58,18.58,18.58
LCNB,2005-12-22,18.75,18.75,18.58,18.58
LCNB,2005-12-23,18.58,18.72,18.58,18.72
LCNB,2005-12-27,18.72,18.72,18.72,18.72
LCNB,2005-12-28,18.58,18.58,18.58,18.58
LCNB,2005-12-29,18.58,18.58,18.58,18.58
LCNB,2005-12-30,18.58,18.58,18.58,18.58
LCNB,2006-01-03,18.75,18.75,18.75,18.75
LCNB,2006-01-04,18.75,18.75,18.75,18.75
LCNB,2006-01-05,18.75,18.75,18.62,18.62
LCNB,2006-01-06,19.0,19.0,19.0,19.0
LCNB,2006-01-09,18.75,18.75,18.75,18.75
LCNB,2006-01-10,18.62,18.62,18.62,18.62
LCNB,2006-01-11,18.62,18.62,18.62,18.62
LCNB,2006-01-12,18.62,18.62,18.62,18.62
LCNB,2006-01-13,18.62,18.62,18.62,18.62
LCNB,2006-01-17,18.62,18.62,18.62,18.62
LCNB,2006-01-18,18.62,18.62,18.62,18.62
LCNB,2006-01-19,19.0,19.0,19.0,19.0
LCNB,2006-01-20,18.75,18.75,18.75,18.75
LCNB,2006-01-23,18.75,18.75,18.75,18.75
LCNB,2006-01-24,18.75,18.75,18.75,18.75
LCNB,2006-01-25,18.75,18.75,18.75,18.75
LCNB,2006-01-26,18.75,18.75,18.75,18.75
LCNB,2006-01-27,18.95,18.95,18.95,18.95
LCNB,2006-01-30,18.75,18.75,18.75,18.75
LCNB,2006-01-31,19.0,19.0,18.75,18.75
LCNB,2006-02-01,18.75,18.98,18.75,18.75
LCNB,2006-02-02,18.77,18.77,18.77,18.77
LCNB,2006-02-03,18.77,18.77,18.77,18.77
LCNB,2006-02-06,18.88,19.0,18.88,18.92
LCNB,2006-02-07,18.77,18.77,18.77,18.77
LCNB,2006-02-08,18.77,18.77,18.77,18.77
LCNB,2006-02-09,18.77,18.77,18.77,18.77
LCNB,2006-02-10,18.77,19.1,18.77,18.77
LCNB,2006-02-13,18.77,18.77,18.77,18.77
LCNB,2006-02-14,18.77,18.77,18.77,18.77
LCNB,2006-02-15,18.77,18.77,18.77,18.77
LCNB,2006-02-16,18.77,18.83,18.77,18.83
LCNB,2006-02-17,18.8,18.94,18.8,18.94
LCNB,2006-02-21,18.94,18.94,18.94,18.94
LCNB,2006-02-22,18.94,18.94,18.94,18.94
LCNB,2006-02-23,18.94,18.94,18.94,18.94
LCNB,2006-02-24,18.94,18.94,18.94,18.94
LCNB,2006-02-27,18.8,19.0,18.8,18.8
LCNB,2006-02-28,19.0,19.0,19.0,19.0
LCNB,2006-03-01,18.83,18.83,18.83,18.83
LCNB,2006-03-02,18.83,18.83,18.83,18.83
LCNB,2006-03-03,18.85,18.85,18.85,18.85
LCNB,2006-03-06,18.85,19.0,18.85,19.0
LCNB,2006-03-07,19.0,19.0,19.0,19.0
LCNB,2006-03-08,19.0,19.0,19.0,19.0
LCNB,2006-03-09,19.0,19.0,19.0,19.0
LCNB,2006-03-10,19.0,19.0,19.0,19.0
LCNB,2006-03-13,18.88,18.88,18.83,18.83
LCNB,2006-03-14,18.83,18.83,18.83,18.83
LCNB,2006-03-15,18.83,18.83,18.83,18.83
LCNB,2006-03-16,19.0,19.0,19.0,19.0
LCNB,2006-03-17,18.85,18.85,18.8,18.8
LCNB,2006-03-20,18.8,18.8,18.8,18.8
LCNB,2006-03-21,18.77,18.77,18.77,18.77
LCNB,2006-03-22,18.77,18.77,18.77,18.77
LCNB,2006-03-23,18.77,18.77,18.77,18.77
LCNB,2006-03-24,18.77,18.77,18.77,18.77
LCNB,2006-03-27,18.77,18.77,18.77,18.77
LCNB,2006-03-28,18.8,18.8,18.75,18.8
LCNB,2006-03-29,18.8,18.8,18.8,18.8
LCNB,2006-03-30,18.75,18.75,18.75,18.75
LCNB,2006-03-31,18.75,18.75,18.75,18.75
LCNB,2006-04-03,18.75,18.75,18.75,18.75
LCNB,2006-04-04,18.75,18.75,18.75,18.75
LCNB,2006-04-05,18.75,18.75,18.75,18.75
LCNB,2006-04-06,18.75,18.75,18.75,18.75
LCNB,2006-04-07,18.75,19.0,18.75,19.0
LCNB,2006-04-10,19.0,19.0,19.0,19.0
LCNB,2006-04-11,18.75,18.75,18.75,18.75
LCNB,2006-04-12,18.75,18.75,18.75,18.75
LCNB,2006-04-13,18.75,18.75,18.75,18.75
LCNB,2006-04-17,18.75,18.75,18.75,18.75
LCNB,2006-04-18,18.75,18.75,18.5,18.75
LCNB,2006-04-19,18.75,18.75,18.75,18.75
LCNB,2006-04-20,18.75,18.75,18.75,18.75
LCNB,2006-04-21,18.77,18.77,18.77,18.77
LCNB,2006-04-24,18.77,18.77,18.77,18.77
LCNB,2006-04-25,18.8,19.0,18.8,19.0
LCNB,2006-04-26,19.0,19.0,19.0,19.0
LCNB,2006-04-27,18.77,18.77,18.77,18.77
LCNB,2006-04-28,18.95,18.95,18.77,18.77
LCNB,2006-05-01,18.77,18.95,18.77,18.95
LCNB,2006-05-02,18.75,18.75,18.75,18.75
LCNB,2006-05-03,18.83,18.83,18.83,18.83
LCNB,2006-05-04,18.83,18.83,18.83,18.83
LCNB,2006-05-05,19.12,19.12,19.0,19.0
LCNB,2006-05-08,19.0,19.0,19.0,19.0
LCNB,2006-05-09,19.0,19.0,19.0,19.0
LCNB,2006-05-10,18.88,18.88,18.88,18.88
LCNB,2006-05-11,18.88,18.88,18.88,18.88
LCNB,2006-05-12,18.88,18.88,18.88,18.88
LCNB,2006-05-15,18.88,18.88,18.88,18.88
LCNB,2006-05-16,18.88,18.88,18.88,18.88
LCNB,2006-05-17,19.24,19.25,19.24,19.25
LCNB,2006-05-18,18.88,18.88,18.8,18.8
LCNB,2006-05-19,19.0,19.0,19.0,19.0
LCNB,2006-05-22,19.0,19.0,19.0,19.0
LCNB,2006-05-23,19.0,19.0,19.0,19.0
LCNB,2006-05-24,19.0,19.0,19.0,19.0
LCNB,2006-05-25,18.9,18.9,18.88,18.88
LCNB,2006-05-26,19.25,19.25,19.25,19.25
LCNB,2006-05-30,19.5,19.5,19.0,19.0
LCNB,2006-05-31,19.0,19.0,18.75,18.75
LCNB,2006-06-01,18.52,18.52,18.02,18.02
LCNB,2006-06-02,18.12,18.5,18.02,18.3
LCNB,2006-06-05,18.25,18.25,18.12,18.12
LCNB,2006-06-06,18.12,18.12,18.12,18.12
LCNB,2006-06-07,18.17,18.17,18.15,18.15
LCNB,2006-06-08,18.15,18.15,18.15,18.15
LCNB,2006-06-09,18.15,18.15,18.15,18.15
LCNB,2006-06-12,18.15,18.15,18.15,18.15
LCNB,2006-06-13,18.15,18.15,18.15,18.15
LCNB,2006-06-14,18.25,18.25,18.25,18.25
LCNB,2006-06-15,18.25,18.25,18.25,18.25
LCNB,2006-06-16,18.75,19.0,18.75,19.0
LCNB,2006-06-19,18.5,18.5,18.15,18.15
LCNB,2006-06-20,18.15,18.25,18.0,18.25
LCNB,2006-06-21,18.0,18.12,18.0,18.0
LCNB,2006-06-22,18.0,18.0,18.0,18.0
LCNB,2006-06-23,18.0,18.0,18.0,18.0
LCNB,2006-06-26,18.0,18.0,18.0,18.0
LCNB,2006-06-27,18.12,18.12,18.12,18.12
LCNB,2006-06-28,18.12,18.12,18.12,18.12
LCNB,2006-06-29,18.25,18.25,18.25,18.25
LCNB,2006-06-30,18.25,18.25,18.25,18.25
LCNB,2006-07-03,18.25,18.25,18.25,18.25
LCNB,2006-07-05,18.2,18.2,18.2,18.2
LCNB,2006-07-06,18.73,18.73,18.73,18.73
LCNB,2006-07-07,18.2,18.2,18.2,18.2
LCNB,2006-07-10,18.2,18.2,18.2,18.2
LCNB,2006-07-11,18.62,18.62,18.62,18.62
LCNB,2006-07-12,18.62,18.62,18.62,18.62
LCNB,2006-07-13,18.62,18.62,18.62,18.62
LCNB,2006-07-14,18.62,18.62,18.62,18.62
LCNB,2006-07-17,18.62,18.62,18.62,18.62
LCNB,2006-07-18,18.62,18.62,18.62,18.62
LCNB,2006-07-19,18.27,18.27,18.27,18.27
LCNB,2006-07-20,18.45,18.45,18.45,18.45
LCNB,2006-07-21,18.25,18.7,18.25,18.7
LCNB,2006-07-24,18.62,18.62,18.55,18.55
LCNB,2006-07-25,18.55,18.55,18.55,18.55
LCNB,2006-07-26,18.75,18.75,18.55,18.62
LCNB,2006-07-27,18.55,18.55,18.52,18.55
LCNB,2006-07-28,18.12,18.12,18.12,18.12
LCNB,2006-07-31,18.25,18.75,18.25,18.75
LCNB,2006-08-01,18.5,19.0,18.5,19.0
LCNB,2006-08-02,18.5,18.5,18.5,18.5
LCNB,2006-08-03,18.5,18.5,18.5,18.5
LCNB,2006-08-04,19.78,19.78,18.5,18.5
LCNB,2006-08-07,19.78,19.78,19.78,19.78
LCNB,2006-08-08,19.78,19.78,19.78,19.78
LCNB,2006-08-09,19.78,19.78,19.78,19.78
LCNB,2006-08-10,19.75,19.75,18.5,18.62
LCNB,2006-08-11,18.62,18.62,18.62,18.62
LCNB,2006-08-14,18.62,18.62,18.62,18.62
LCNB,2006-08-15,18.52,18.52,18.5,18.52
LCNB,2006-08-16,18.52,18.52,18.52,18.52
LCNB,2006-08-17,18.52,18.52,18.52,18.52
LCNB,2006-08-18,18.52,18.52,18.52,18.52
LCNB,2006-08-21,18.52,18.52,18.52,18.52
LCNB,2006-08-22,18.52,18.75,18.52,18.55
LCNB,2006-08-23,18.55,18.55,18.55,18.55
LCNB,2006-08-24,18.55,18.55,18.55,18.55
LCNB,2006-08-25,18.55,18.55,18.55,18.55
LCNB,2006-08-28,18.55,18.55,18.55,18.55
LCNB,2006-08-29,18.55,18.55,18.55,18.55
LCNB,2006-08-30,18.5,18.5,18.5,18.5
LCNB,2006-08-31,18.5,18.5,18.5,18.5
LCNB,2006-09-01,18.5,18.5,18.5,18.5
LCNB,2006-09-05,18.55,18.55,18.55,18.55
LCNB,2006-09-06,18.5,18.5,18.5,18.5
LCNB,2006-09-07,18.5,18.5,18.5,18.5
LCNB,2006-09-08,18.5,18.5,18.5,18.5
LCNB,2006-09-11,18.5,18.5,18.5,18.5
LCNB,2006-09-12,18.5,18.5,18.38,18.38
LCNB,2006-09-13,18.38,18.38,18.38,18.38
LCNB,2006-09-14,18.38,18.38,18.38,18.38
LCNB,2006-09-15,18.52,18.9,18.52,18.9
LCNB,2006-09-18,19.0,19.0,19.0,19.0
LCNB,2006-09-19,19.0,19.0,19.0,19.0
LCNB,2006-09-20,18.77,18.77,18.77,18.77
LCNB,2006-09-21,18.77,18.77,18.77,18.77
LCNB,2006-09-22,19.0,19.0,19.0,19.0
LCNB,2006-09-25,19.0,19.0,19.0,19.0
LCNB,2006-09-26,18.8,18.8,18.8,18.8
LCNB,2006-09-27,18.25,18.25,18.25,18.25
LCNB,2006-09-28,18.25,18.25,18.25,18.25
LCNB,2006-09-29,18.25,18.25,18.25,18.25
LCNB,2006-10-02,18.25,18.25,18.25,18.25
LCNB,2006-10-03,18.25,18.4,18.25,18.4
LCNB,2006-10-04,18.25,18.25,18.25,18.25
LCNB,2006-10-05,18.5,18.5,18.5,18.5
LCNB,2006-10-06,18.5,18.5,18.5,18.5
LCNB,2006-10-09,18.5,18.5,18.5,18.5
LCNB,2006-10-10,18.27,18.27,18.27,18.27
LCNB,2006-10-11,18.27,18.27,18.27,18.27
LCNB,2006-10-12,18.27,18.27,18.27,18.27
LCNB,2006-10-13,18.27,18.27,18.27,18.27
LCNB,2006-10-16,18.27,18.27,18.27,18.27
LCNB,2006-10-17,18.27,18.27,18.27,18.27
LCNB,2006-10-18,18.62,18.62,18.33,18.33
LCNB,2006-10-19,18.3,18.3,18.3,18.3
LCNB,2006-10-20,18.4,18.4,18.4,18.4
LCNB,2006-10-23,18.5,18.65,18.48,18.5
LCNB,2006-10-24,18.42,18.42,18.4,18.4
LCNB,2006-10-25,18.4,18.4,18.4,18.4
LCNB,2006-10-26,18.38,18.38,18.25,18.25
LCNB,2006-10-27,18.25,18.25,18.25,18.25
LCNB,2006-10-30,18.25,18.25,18.25,18.25
LCNB,2006-10-31,18.42,18.42,18.25,18.25
LCNB,2006-11-01,18.25,18.25,18.25,18.25
LCNB,2006-11-02,18.25,18.25,18.25,18.25
LCNB,2006-11-03,18.25,18.25,18.25,18.25
LCNB,2006-11-06,18.25,18.25,18.25,18.25
LCNB,2006-11-07,18.25,18.25,18.25,18.25
LCNB,2006-11-08,18.25,18.25,18.25,18.25
LCNB,2006-11-09,18.25,18.25,18.25,18.25
LCNB,2006-11-10,18.25,18.25,18.25,18.25
LCNB,2006-11-13,18.25,18.25,18.25,18.25
LCNB,2006-11-14,18.25,18.25,18.25,18.25
LCNB,2006-11-15,18.58,18.58,18.58,18.58
LCNB,2006-11-16,18.58,18.58,18.58,18.58
LCNB,2006-11-17,18.58,18.58,18.58,18.58
LCNB,2006-11-20,18.58,18.58,18.58,18.58
LCNB,2006-11-21,18.25,18.25,18.25,18.25
LCNB,2006-11-22,18.25,18.25,18.25,18.25
LCNB,2006-11-24,18.25,18.25,18.25,18.25
LCNB,2006-11-27,18.25,18.25,18.25,18.25
LCNB,2006-11-28,18.25,18.25,18.25,18.25
LCNB,2006-11-29,18.25,18.25,18.25,18.25
LCNB,2006-11-30,18.25,18.25,18.25,18.25
LCNB,2006-12-01,18.25,18.25,18.25,18.25
LCNB,2006-12-04,18.25,18.48,18.0,18.0
LCNB,2006-12-05,18.0,18.0,18.0,18.0
LCNB,2006-12-06,18.0,18.0,18.0,18.0
LCNB,2006-12-07,18.0,18.0,18.0,18.0
LCNB,2006-12-08,18.0,18.0,18.0,18.0
LCNB,2006-12-11,18.0,18.0,18.0,18.0
LCNB,2006-12-12,18.0,18.0,18.0,18.0
LCNB,2006-12-13,18.0,18.02,18.0,18.02
LCNB,2006-12-14,17.88,17.88,17.88,17.88
LCNB,2006-12-15,17.95,17.95,17.92,17.95
LCNB,2006-12-18,17.88,18.12,17.88,18.12
LCNB,2006-12-19,18.25,18.25,18.0,18.0
LCNB,2006-12-20,18.0,18.0,18.0,18.0
LCNB,2006-12-21,18.0,18.0,18.0,18.0
LCNB,2006-12-22,18.0,18.0,18.0,18.0
LCNB,2006-12-26,18.0,18.0,18.0,18.0
LCNB,2006-12-27,18.0,18.0,18.0,18.0
LCNB,2006-12-28,18.0,18.0,18.0,18.0
LCNB,2006-12-29,18.0,18.0,18.0,18.0
LCNB,2007-01-03,18.0,18.0,18.0,18.0
LCNB,2007-01-04,18.0,18.0,18.0,18.0
LCNB,2007-01-05,18.02,18.02,18.0,18.0
LCNB,2007-01-08,18.0,18.0,18.0,18.0
LCNB,2007-01-09,18.48,18.48,18.48,18.48
LCNB,2007-01-10,18.48,18.48,18.48,18.48
LCNB,2007-01-11,18.0,18.0,17.92,17.92
LCNB,2007-01-12,17.92,17.92,17.92,17.92
LCNB,2007-01-16,18.0,18.0,17.92,17.92
LCNB,2007-01-17,17.93,17.93,17.92,17.92
LCNB,2007-01-18,17.92,17.92,17.92,17.92
LCNB,2007-01-19,17.92,17.92,17.92,17.92
LCNB,2007-01-22,17.92,17.92,17.92,17.92
LCNB,2007-01-23,17.88,17.88,17.88,17.88
LCNB,2007-01-24,17.88,17.88,17.88,17.88
LCNB,2007-01-25,17.88,17.88,17.88,17.88
LCNB,2007-01-26,18.0,18.0,17.88,17.88
LCNB,2007-01-29,18.0,18.0,17.88,17.88
LCNB,2007-01-30,18.0,18.0,17.88,17.88
LCNB,2007-01-31,17.88,17.88,17.88,17.88
LCNB,2007-02-01,17.88,17.88,17.88,17.88
LCNB,2007-02-02,17.88,17.88,17.88,17.88
LCNB,2007-02-05,17.88,17.88,17.88,17.88
LCNB,2007-02-06,17.88,17.88,17.88,17.88
LCNB,2007-02-07,17.5,17.5,17.5,17.5
LCNB,2007-02-08,17.5,17.5,17.0,17.5
LCNB,2007-02-09,17.02,17.5,17.02,17.5
LCNB,2007-02-12,17.5,17.5,17.5,17.5
LCNB,2007-02-13,17.5,17.5,17.5,17.5
LCNB,2007-02-14,17.02,17.48,17.02,17.48
LCNB,2007-02-15,17.5,17.5,17.5,17.5
LCNB,2007-02-16,17.5,17.5,17.5,17.5
LCNB,2007-02-20,17.0,17.0,17.0,17.0
LCNB,2007-02-21,17.0,17.0,17.0,17.0
LCNB,2007-02-22,17.0,17.0,17.0,17.0
LCNB,2007-02-23,17.0,17.0,17.0,17.0
LCNB,2007-02-26,17.0,17.0,17.0,17.0
LCNB,2007-02-27,16.7,16.7,16.5,16.5
LCNB,2007-02-28,16.52,16.52,16.52,16.52
LCNB,2007-03-01,16.5,16.5,16.12,16.5
LCNB,2007-03-02,16.15,16.25,15.65,16.0
LCNB,2007-03-05,16.0,16.0,15.75,15.75
LCNB,2007-03-06,15.75,15.75,15.75,15.75
LCNB,2007-03-07,15.82,15.82,15.75,15.75
LCNB,2007-03-08,15.55,15.75,15.5,15.5
LCNB,2007-03-09,15.55,15.6,15.5,15.5
LCNB,2007-03-12,15.5,15.5,15.5,15.5
LCNB,2007-03-13,15.5,15.5,15.5,15.5
LCNB,2007-03-14,15.45,15.45,15.45,15.45
LCNB,2007-03-15,15.43,15.43,15.15,15.15
LCNB,2007-03-16,15.12,15.12,15.0,15.0
LCNB,2007-03-19,15.27,15.5,15.27,15.5
LCNB,2007-03-20,15.5,15.5,15.5,15.5
LCNB,2007-03-21,15.5,15.5,15.5,15.5
LCNB,2007-03-22,15.5,15.5,15.5,15.5
LCNB,2007-03-23,15.5,15.5,15.5,15.5
LCNB,2007-03-26,15.02,15.02,15.0,15.0
LCNB,2007-03-27,15.5,15.75,15.5,15.75
LCNB,2007-03-28,15.75,15.75,15.75,15.75
LCNB,2007-03-29,16.77,16.77,16.77,16.77
LCNB,2007-03-30,16.3,16.3,16.3,16.3
LCNB,2007-04-02,17.0,17.0,17.0,17.0
LCNB,2007-04-03,16.3,16.3,16.0,16.0
LCNB,2007-04-04,15.8,16.0,15.8,16.0
LCNB,2007-04-05,16.0,16.0,16.0,16.0
LCNB,2007-04-09,15.82,15.82,15.55,15.55
LCNB,2007-04-10,16.0,16.0,16.0,16.0
LCNB,2007-04-11,15.85,16.12,15.63,15.98
LCNB,2007-04-12,15.95,15.95,15.95,15.95
LCNB,2007-04-13,15.65,15.65,15.5,15.5
LCNB,2007-04-16,15.75,15.75,15.52,15.75
LCNB,2007-04-17,15.75,15.75,15.5,15.5
LCNB,2007-04-18,15.57,15.73,15.5,15.5
LCNB,2007-04-19,15.73,15.73,15.73,15.73
LCNB,2007-04-20,15.52,15.52,15.5,15.5
LCNB,2007-04-23,15.5,15.8,15.5,15.8
LCNB,2007-04-24,16.0,16.0,15.98,15.98
LCNB,2007-04-25,15.98,15.98,15.98,15.98
LCNB,2007-04-26,15.98,15.98,15.98,15.98
LCNB,2007-04-27,15.98,15.98,15.98,15.98
LCNB,2007-04-30,15.98,15.98,15.98,15.98
LCNB,2007-05-01,15.98,15.98,15.98,15.98
LCNB,2007-05-02,15.98,15.98,15.98,15.98
LCNB,2007-05-03,15.98,15.98,15.98,15.98
LCNB,2007-05-04,16.2,16.2,16.2,16.2
LCNB,2007-05-07,16.0,16.0,16.0,16.0
LCNB,2007-05-08,16.0,16.0,16.0,16.0
LCNB,2007-05-09,15.82,15.82,15.82,15.82
LCNB,2007-05-10,15.55,15.55,15.55,15.55
LCNB,2007-05-11,16.0,16.0,16.0,16.0
LCNB,2007-05-14,16.0,16.0,16.0,16.0
LCNB,2007-05-15,16.0,16.49,16.0,16.0
LCNB,2007-05-16,15.98,15.98,15.98,15.98
LCNB,2007-05-17,15.75,15.75,15.5,15.5
LCNB,2007-05-18,15.5,15.5,15.5,15.5
LCNB,2007-05-21,15.05,15.05,13.5,14.06
LCNB,2007-05-22,14.65,14.65,14.6,14.6
LCNB,2007-05-23,14.6,14.6,14.3,14.35
LCNB,2007-05-24,14.3,14.45,14.3,14.36
LCNB,2007-05-25,14.3,14.3,14.0,14.0
LCNB,2007-05-29,13.7,14.5,13.7,14.5
LCNB,2007-05-30,13.5,13.5,13.5,13.5
LCNB,2007-05-31,13.8,13.8,13.2,13.35
LCNB,2007-06-01,13.35,13.5,13.25,13.5
LCNB,2007-06-04,13.6,13.6,13.6,13.6
LCNB,2007-06-05,13.9,13.9,13.9,13.9
LCNB,2007-06-06,13.9,13.9,13.9,13.9
LCNB,2007-06-07,13.9,13.9,13.9,13.9
LCNB,2007-06-08,13.9,13.9,13.9,13.9
LCNB,2007-06-11,13.9,13.9,13.9,13.9
LCNB,2007-06-12,13.9,13.9,13.9,13.9
LCNB,2007-06-13,13.9,13.9,13.9,13.9
LCNB,2007-06-14,13.7,13.7,13.7,13.7
LCNB,2007-06-15,13.7,14.0,13.6,13.9
LCNB,2007-06-18,14.0,14.25,13.36,13.36
LCNB,2007-06-19,13.5,14.0,13.36,14.0
LCNB,2007-06-20,14.0,14.0,14.0,14.0
LCNB,2007-06-21,14.0,14.0,14.0,14.0
LCNB,2007-06-22,14.0,14.0,14.0,14.0
LCNB,2007-06-25,13.27,13.27,13.05,13.25
LCNB,2007-06-26,13.75,13.75,13.75,13.75
LCNB,2007-06-27,14.25,14.25,14.25,14.25
LCNB,2007-06-28,14.25,14.25,14.0,14.0
LCNB,2007-06-29,14.0,14.25,14.0,14.0
LCNB,2007-07-02,14.0,14.0,14.0,14.0
LCNB,2007-07-03,14.0,14.0,14.0,14.0
LCNB,2007-07-05,14.0,14.25,14.0,14.25
LCNB,2007-07-06,14.0,14.0,14.0,14.0
LCNB,2007-07-09,14.0,14.0,14.0,14.0
LCNB,2007-07-10,14.0,14.0,14.0,14.0
LCNB,2007-07-11,14.49,14.49,14.3,14.3
LCNB,2007-07-12,14.5,14.5,14.5,14.5
LCNB,2007-07-13,14.0,14.0,13.8,13.8
LCNB,2007-07-16,13.8,14.5,13.8,14.25
LCNB,2007-07-17,14.0,14.0,14.0,14.0
LCNB,2007-07-18,14.0,14.0,14.0,14.0
LCNB,2007-07-19,14.5,14.5,14.5,14.5
LCNB,2007-07-20,14.5,14.5,13.57,13.65
LCNB,2007-07-23,13.08,13.08,12.65,13.07
LCNB,2007-07-24,13.7,13.75,13.7,13.75
LCNB,2007-07-25,13.75,13.75,13.75,13.75
LCNB,2007-07-26,13.5,13.5,13.3,13.5
LCNB,2007-07-27,13.5,13.5,13.5,13.5
LCNB,2007-07-30,13.75,13.75,13.75,13.75
LCNB,2007-07-31,13.6,13.75,12.5,12.5
LCNB,2007-08-01,13.95,13.95,13.95,13.95
LCNB,2007-08-02,13.95,13.95,13.95,13.95
LCNB,2007-08-03,13.95,13.95,13.51,13.51
LCNB,2007-08-06,13.65,13.65,12.5,13.3
LCNB,2007-08-07,13.75,13.75,13.75,13.75
LCNB,2007-08-08,13.95,13.95,13.95,13.95
LCNB,2007-08-09,13.95,13.95,13.95,13.95
LCNB,2007-08-10,13.95,13.95,13.95,13.95
LCNB,2007-08-13,13.95,13.95,13.95,13.95
LCNB,2007-08-14,13.5,13.5,12.5,12.65
LCNB,2007-08-15,13.95,13.95,13.95,13.95
LCNB,2007-08-16,13.95,13.95,13.95,13.95
LCNB,2007-08-17,13.93,14.0,13.8,13.8
LCNB,2007-08-20,14.0,14.0,13.85,14.0
LCNB,2007-08-21,13.85,14.0,13.85,14.0
LCNB,2007-08-22,13.85,14.0,13.0,13.0
LCNB,2007-08-23,13.5,13.5,13.5,13.5
LCNB,2007-08-24,13.5,13.5,13.5,13.5
LCNB,2007-08-27,13.25,13.25,13.0,13.0
LCNB,2007-08-28,13.9,13.9,13.9,13.9
LCNB,2007-08-29,13.9,13.9,13.9,13.9
LCNB,2007-08-30,13.9,13.9,13.9,13.9
LCNB,2007-08-31,13.9,13.9,13.9,13.9
LCNB,2007-09-04,13.9,13.9,13.9,13.9
LCNB,2007-09-05,13.35,13.85,13.25,13.25
LCNB,2007-09-06,13.6,13.6,13.6,13.6
LCNB,2007-09-07,13.6,13.6,13.6,13.6
LCNB,2007-09-10,13.6,13.6,13.6,13.6
LCNB,2007-09-11,13.6,13.6,13.6,13.6
LCNB,2007-09-12,13.0,13.1,13.0,13.1
LCNB,2007-09-13,13.94,13.94,13.94,13.94
LCNB,2007-09-14,13.94,13.94,13.94,13.94
LCNB,2007-09-17,13.0,13.0,13.0,13.0
LCNB,2007-09-18,13.0,13.0,13.0,13.0
LCNB,2007-09-19,13.2,13.5,13.2,13.5
LCNB,2007-09-20,13.6,13.6,13.5,13.6
LCNB,2007-09-21,13.6,13.6,13.6,13.6
LCNB,2007-09-24,13.6,13.6,13.6,13.6
LCNB,2007-09-25,13.65,13.65,13.5,13.6
LCNB,2007-09-26,13.7,13.7,13.7,13.7
LCNB,2007-09-27,14.0,14.0,14.0,14.0
LCNB,2007-09-28,14.0,14.0,14.0,14.0
LCNB,2007-10-01,14.0,14.0,14.0,14.0
LCNB,2007-10-02,13.95,13.95,13.95,13.95
LCNB,2007-10-03,13.5,13.5,13.25,13.25
LCNB,2007-10-04,13.25,13.25,13.25,13.25
LCNB,2007-10-05,13.13,13.25,13.0,13.25
LCNB,2007-10-08,13.25,13.25,12.85,12.85
LCNB,2007-10-09,13.1,13.1,13.1,13.1
LCNB,2007-10-10,12.85,12.85,12.85,12.85
LCNB,2007-10-11,13.2,13.2,12.85,12.85
LCNB,2007-10-12,12.85,12.85,12.85,12.85
LCNB,2007-10-15,12.85,12.85,12.85,12.85
LCNB,2007-10-16,12.85,12.85,12.85,12.85
LCNB,2007-10-17,12.85,12.85,12.85,12.85
LCNB,2007-10-18,12.85,13.0,12.85,12.85
LCNB,2007-10-19,12.86,12.86,12.85,12.85
LCNB,2007-10-22,12.85,13.95,12.8,13.75
LCNB,2007-10-23,13.75,13.75,13.75,13.75
LCNB,2007-10-24,13.1,13.5,13.1,13.5
LCNB,2007-10-25,13.68,13.68,13.68,13.68
LCNB,2007-10-26,13.68,13.68,13.68,13.68
LCNB,2007-10-29,13.3,13.3,13.3,13.3
LCNB,2007-10-30,13.48,13.48,13.48,13.48
LCNB,2007-10-31,13.48,13.48,13.48,13.48
LCNB,2007-11-01,13.5,13.51,12.55,12.55
LCNB,2007-11-02,12.84,12.84,12.84,12.84
LCNB,2007-11-05,12.62,12.62,11.15,12.0
LCNB,2007-11-06,12.0,12.5,11.55,12.3
LCNB,2007-11-07,12.5,13.5,12.5,13.5
LCNB,2007-11-08,13.5,13.5,13.5,13.5
LCNB,2007-11-09,12.0,12.0,12.0,12.0
LCNB,2007-11-12,12.15,12.2,11.0,12.0
LCNB,2007-11-13,12.05,12.05,12.0,12.0
LCNB,2007-11-14,12.5,12.5,12.5,12.5
LCNB,2007-11-15,12.0,12.0,12.0,12.0
LCNB,2007-11-16,12.0,12.0,12.0,12.0
LCNB,2007-11-19,12.0,12.0,12.0,12.0
LCNB,2007-11-20,13.25,13.5,12.55,12.55
LCNB,2007-11-21,12.5,12.5,12.5,12.5
LCNB,2007-11-23,12.5,12.5,12.5,12.5
LCNB,2007-11-26,12.75,12.75,12.75,12.75
LCNB,2007-11-27,12.75,12.75,12.75,12.75
LCNB,2007-11-28,12.75,13.0,12.65,13.0
LCNB,2007-11-29,12.75,12.75,12.75,12.75
LCNB,2007-11-30,12.5,12.5,12.34,12.35
LCNB,2007-12-03,12.34,12.35,11.5,12.0
LCNB,2007-12-04,12.0,12.0,12.0,12.0
LCNB,2007-12-05,12.73,12.75,11.5,11.5
LCNB,2007-12-06,11.5,11.5,11.5,11.5
LCNB,2007-12-07,13.0,13.0,12.0,12.0
LCNB,2007-12-10,12.75,12.75,12.1,12.1
LCNB,2007-12-11,12.75,12.75,12.75,12.75
LCNB,2007-12-12,12.75,12.75,12.75,12.75
LCNB,2007-12-13,12.75,12.75,12.75,12.75
LCNB,2007-12-14,13.0,13.0,12.25,12.35
LCNB,2007-12-17,12.75,13.0,12.75,13.0
LCNB,2007-12-18,12.75,12.75,12.75,12.75
LCNB,2007-12-19,12.75,12.75,12.75,12.75
LCNB,2007-12-20,12.8,12.8,12.75,12.75
LCNB,2007-12-21,12.75,12.75,12.75,12.75
LCNB,2007-12-24,12.75,12.75,12.75,12.75
LCNB,2007-12-26,13.0,13.0,13.0,13.0
LCNB,2007-12-27,12.75,13.0,12.75,13.0
LCNB,2007-12-28,12.75,12.75,12.5,12.5
LCNB,2007-12-31,12.75,12.75,11.0,11.5
LCNB,2008-01-02,11.25,11.25,11.25,11.25
LCNB,2008-01-03,11.25,11.25,11.25,11.25
LCNB,2008-01-04,11.95,11.95,11.95,11.95
LCNB,2008-01-07,11.95,11.95,11.95,11.95
LCNB,2008-01-08,12.25,12.25,12.0,12.0
LCNB,2008-01-09,12.0,12.0,12.0,12.0
LCNB,2008-01-10,12.0,12.0,11.5,11.5
LCNB,2008-01-11,11.9,12.0,11.9,12.0
LCNB,2008-01-14,12.0,12.0,12.0,12.0
LCNB,2008-01-15,12.1,12.1,12.1,12.1
LCNB,2008-01-16,12.5,12.5,12.5,12.5
LCNB,2008-01-17,12.5,12.5,12.5,12.5
LCNB,2008-01-18,12.25,12.25,12.25,12.25
LCNB,2008-01-22,12.25,12.3,12.25,12.3
LCNB,2008-01-23,12.5,12.5,12.5,12.5
LCNB,2008-01-24,12.5,12.5,12.5,12.5
LCNB,2008-01-25,12.5,12.5,12.5,12.5
LCNB,2008-01-28,12.75,12.75,12.0,12.0
LCNB,2008-01-29,12.0,12.0,12.0,12.0
LCNB,2008-01-30,12.0,12.0,11.52,12.0
LCNB,2008-01-31,12.49,12.64,12.49,12.64
LCNB,2008-02-01,12.0,12.5,12.0,12.0
LCNB,2008-02-04,12.0,12.0,12.0,12.0
LCNB,2008-02-05,12.0,12.0,12.0,12.0
LCNB,2008-02-06,12.0,12.0,12.0,12.0
LCNB,2008-02-07,12.75,12.75,12.75,12.75
LCNB,2008-02-08,12.75,12.75,12.75,12.75
LCNB,2008-02-11,13.0,13.0,13.0,13.0
LCNB,2008-02-12,13.0,13.0,13.0,13.0
LCNB,2008-02-13,12.75,12.75,12.55,12.55
LCNB,2008-02-14,12.55,12.55,12.55,12.55
LCNB,2008-02-15,12.55,12.55,12.55,12.55
LCNB,2008-02-19,12.55,12.55,12.55,12.55
LCNB,2008-02-20,12.55,12.55,12.55,12.55
LCNB,2008-02-21,12.55,12.55,12.55,12.55
LCNB,2008-02-22,12.55,12.6,12.55,12.6
LCNB,2008-02-25,12.6,12.6,12.6,12.6
LCNB,2008-02-26,12.55,12.8,12.55,12.8
LCNB,2008-02-27,13.0,13.0,13.0,13.0
LCNB,2008-02-28,13.0,13.0,13.0,13.0
LCNB,2008-02-29,13.0,13.0,13.0,13.0
LCNB,2008-03-03,12.89,12.89,12.35,12.35
LCNB,2008-03-04,12.87,12.89,12.87,12.89
LCNB,2008-03-05,12.89,13.0,12.89,13.0
LCNB,2008-03-06,12.55,12.55,12.55,12.55
LCNB,2008-03-07,12.55,12.77,12.25,12.5
LCNB,2008-03-10,12.25,12.25,12.0,12.19
LCNB,2008-03-11,13.0,13.0,13.0,13.0
LCNB,2008-03-12,13.0,13.0,13.0,13.0
LCNB,2008-03-13,13.0,13.0,13.0,13.0
LCNB,2008-03-14,13.0,13.0,13.0,13.0
LCNB,2008-03-17,12.75,12.75,12.65,12.75
LCNB,2008-03-18,13.0,13.0,13.0,13.0
LCNB,2008-03-19,13.25,13.25,13.25,13.25
LCNB,2008-03-20,13.25,13.25,13.25,13.25
LCNB,2008-03-24,12.6,12.65,12.55,12.55
LCNB,2008-03-25,12.55,12.55,12.55,12.55
LCNB,2008-03-26,12.55,12.55,12.55,12.55
LCNB,2008-03-27,12.55,12.55,12.55,12.55
LCNB,2008-03-28,12.55,12.55,12.55,12.55
LCNB,2008-03-31,13.1,13.1,12.95,12.95
LCNB,2008-04-01,13.0,13.0,13.0,13.0
LCNB,2008-04-02,13.0,13.0,13.0,13.0
LCNB,2008-04-03,13.0,13.0,13.0,13.0
LCNB,2008-04-04,13.0,13.0,13.0,13.0
LCNB,2008-04-07,13.0,13.0,13.0,13.0
LCNB,2008-04-08,13.25,13.25,13.0,13.0
LCNB,2008-04-09,13.0,13.0,13.0,13.0
LCNB,2008-04-10,13.0,13.0,13.0,13.0
LCNB,2008-04-11,13.0,13.0,13.0,13.0
LCNB,2008-04-14,13.0,13.0,13.0,13.0
LCNB,2008-04-15,12.6,12.9,12.6,12.9
LCNB,2008-04-16,12.95,13.0,12.9,13.0
LCNB,2008-04-17,13.0,13.0,13.0,13.0
LCNB,2008-04-18,12.9,13.0,12.9,12.9
LCNB,2008-04-21,12.9,12.9,12.9,12.9
LCNB,2008-04-22,12.6,12.6,12.25,12.3
LCNB,2008-04-23,12.3,12.35,12.23,12.24
LCNB,2008-04-24,12.25,12.25,12.25,12.25
LCNB,2008-04-25,12.3,12.55,12.3,12.5
LCNB,2008-04-28,12.6,12.6,12.6,12.6
LCNB,2008-04-29,12.3,12.75,12.25,12.5
LCNB,2008-04-30,12.45,12.75,12.25,12.75
LCNB,2008-05-01,12.75,12.75,12.75,12.75
LCNB,2008-05-02,12.75,12.75,12.75,12.75
LCNB,2008-05-05,12.75,12.75,12.75,12.75
LCNB,2008-05-06,12.25,12.25,11.85,12.0
LCNB,2008-05-07,11.75,11.75,11.1,11.75
LCNB,2008-05-08,11.1,11.1,10.75,10.95
LCNB,2008-05-09,11.0,11.0,11.0,11.0
LCNB,2008-05-12,11.1,11.2,11.1,11.2
LCNB,2008-05-13,11.2,11.2,11.2,11.2
LCNB,2008-05-14,11.1,11.4,11.1,11.4
LCNB,2008-05-15,11.4,11.4,11.4,11.4
LCNB,2008-05-16,12.5,12.5,12.5,12.5
LCNB,2008-05-19,11.95,12.0,11.5,11.5
LCNB,2008-05-20,11.4,11.5,11.4,11.4
LCNB,2008-05-21,11.25,11.35,11.25,11.25
LCNB,2008-05-22,11.25,11.25,11.25,11.25
LCNB,2008-05-23,11.1,11.2,10.5,11.05
LCNB,2008-05-27,10.75,10.75,10.5,10.75
LCNB,2008-05-28,10.5,11.1,10.5,11.0
LCNB,2008-05-29,11.0,11.0,10.95,10.95
LCNB,2008-05-30,10.95,10.95,10.95,10.95
LCNB,2008-06-02,10.95,10.95,10.95,10.95
LCNB,2008-06-03,10.8,10.95,10.5,10.95
LCNB,2008-06-04,10.95,10.95,10.95,10.95
LCNB,2008-06-05,10.85,10.85,10.85,10.85
LCNB,2008-06-06,10.5,10.75,10.5,10.5
LCNB,2008-06-09,10.7,10.7,10.5,10.5
LCNB,2008-06-10,10.5,10.5,10.25,10.25
LCNB,2008-06-11,10.25,10.25,10.1,10.1
LCNB,2008-06-12,10.5,10.5,10.5,10.5
LCNB,2008-06-13,10.25,10.25,10.0,10.0
LCNB,2008-06-16,10.0,10.9,10.0,10.75
LCNB,2008-06-17,10.75,11.75,10.5,11.25
LCNB,2008-06-18,10.8,10.8,10.8,10.8
LCNB,2008-06-19,11.45,11.45,10.75,11.0
LCNB,2008-06-20,10.6,10.6,10.6,10.6
LCNB,2008-06-23,10.6,10.6,10.06,10.06
LCNB,2008-06-24,10.01,10.01,9.25,9.25
LCNB,2008-06-25,9.75,9.75,9.75,9.75
LCNB,2008-06-26,10.05,10.05,10.05,10.05
LCNB,2008-06-27,10.25,10.25,10.0,10.0
LCNB,2008-06-30,10.0,10.0,9.5,9.5
LCNB,2008-07-01,9.5,9.5,9.0,9.0
LCNB,2008-07-02,9.0,9.0,9.0,9.0
LCNB,2008-07-03,9.25,9.25,9.24,9.25
LCNB,2008-07-07,9.0,9.25,9.0,9.25
LCNB,2008-07-08,9.49,9.5,9.15,9.5
LCNB,2008-07-09,9.75,9.75,9.75,9.75
LCNB,2008-07-10,10.75,10.75,9.1,9.1
LCNB,2008-07-11,9.1,9.1,9.1,9.1
LCNB,2008-07-14,9.5,10.0,9.25,9.5
LCNB,2008-07-15,9.25,9.25,8.05,9.0
LCNB,2008-07-16,9.5,9.9,9.5,9.9
LCNB,2008-07-17,9.9,10.25,9.85,10.25
LCNB,2008-07-18,10.75,11.5,10.75,11.5
LCNB,2008-07-21,11.5,11.5,11.5,11.5
LCNB,2008-07-22,11.5,11.5,11.5,11.5
LCNB,2008-07-23,11.0,11.0,11.0,11.0
LCNB,2008-07-24,11.0,11.0,11.0,11.0
LCNB,2008-07-25,11.05,11.1,11.0,11.0
LCNB,2008-07-28,11.0,11.0,11.0,11.0
LCNB,2008-07-29,11.1,11.1,10.5,11.0
LCNB,2008-07-30,11.0,11.0,11.0,11.0
LCNB,2008-07-31,11.0,11.0,9.25,9.25
LCNB,2008-08-01,9.5,9.5,9.2,9.2
LCNB,2008-08-04,9.1,9.1,9.05,9.05
LCNB,2008-08-05,9.1,9.37,9.1,9.25
LCNB,2008-08-06,9.25,9.8,9.25,9.5
LCNB,2008-08-07,9.8,9.9,9.8,9.9
LCNB,2008-08-08,10.25,10.4,10.0,10.0
LCNB,2008-08-11,9.8,9.8,9.8,9.8
LCNB,2008-08-12,9.8,9.8,9.5,9.5
LCNB,2008-08-13,9.75,9.75,9.5,9.51
LCNB,2008-08-14,9.75,9.75,9.75,9.75
LCNB,2008-08-15,9.75,9.75,9.75,9.75
LCNB,2008-08-18,9.8,9.8,9.25,9.25
LCNB,2008-08-19,9.8,9.8,9.8,9.8
LCNB,2008-08-20,9.8,9.8,9.8,9.8
LCNB,2008-08-21,9.55,9.8,9.55,9.8
LCNB,2008-08-22,9.8,9.8,9.25,9.3
LCNB,2008-08-25,9.3,9.3,9.1,9.25
LCNB,2008-08-26,9.2,9.25,9.2,9.25
LCNB,2008-08-27,9.2,9.2,8.81,9.15
LCNB,2008-08-28,9.15,9.15,9.15,9.15
LCNB,2008-08-29,9.05,9.12,9.05,9.12
LCNB,2008-09-02,9.12,9.12,9.12,9.12
LCNB,2008-09-03,9.12,9.12,9.12,9.12
LCNB,2008-09-04,9.12,9.12,9.12,9.12
LCNB,2008-09-05,9.3,9.4,9.3,9.4
LCNB,2008-09-08,9.4,9.4,9.4,9.4
LCNB,2008-09-09,9.5,9.5,9.5,9.5
LCNB,2008-09-10,9.7,9.7,9.25,9.25
LCNB,2008-09-11,9.25,9.25,9.25,9.25
LCNB,2008-09-12,9.7,9.7,9.7,9.7
LCNB,2008-09-15,9.75,10.0,9.5,10.0
LCNB,2008-09-16,10.25,10.25,10.0,10.0
LCNB,2008-09-17,10.0,10.0,10.0,10.0
LCNB,2008-09-18,9.7,9.7,9.25,9.25
LCNB,2008-09-19,9.7,9.7,9.5,9.5
LCNB,2008-09-22,9.5,9.5,9.1,9.1
LCNB,2008-09-23,9.1,9.1,9.1,9.1
LCNB,2008-09-24,9.9,9.9,9.1,9.1
LCNB,2008-09-25,9.4,9.4,9.35,9.4
LCNB,2008-09-26,9.4,9.4,9.4,9.4
LCNB,2008-09-29,9.4,9.4,9.4,9.4
LCNB,2008-09-30,9.35,10.0,9.1,9.5
LCNB,2008-10-01,9.5,9.5,9.5,9.5
LCNB,2008-10-02,9.4,9.4,9.4,9.4
LCNB,2008-10-03,9.2,9.5,9.2,9.4
LCNB,2008-10-06,9.45,9.45,8.8,8.8
LCNB,2008-10-07,9.3,9.3,9.2,9.2
LCNB,2008-10-08,9.3,9.3,8.8,9.25
LCNB,2008-10-09,9.25,9.25,9.25,9.25
LCNB,2008-10-10,8.81,9.35,8.75,9.34
LCNB,2008-10-13,9.35,9.35,9.35,9.35
LCNB,2008-10-14,9.4,9.4,9.4,9.4
LCNB,2008-10-15,9.4,9.4,8.9,9.0
LCNB,2008-10-16,9.0,9.0,9.0,9.0
LCNB,2008-10-17,9.0,9.0,9.0,9.0
LCNB,2008-10-20,9.4,9.4,9.4,9.4
LCNB,2008-10-21,9.4,9.5,9.06,9.06
LCNB,2008-10-22,9.05,9.07,9.05,9.07
LCNB,2008-10-23,9.35,9.35,9.2,9.2
LCNB,2008-10-24,9.2,9.4,9.2,9.4
LCNB,2008-10-27,9.2,9.2,9.2,9.2
LCNB,2008-10-28,9.25,9.4,9.2,9.4
LCNB,2008-10-29,10.05,10.05,9.5,9.75
LCNB,2008-10-30,9.5,9.5,9.5,9.5
LCNB,2008-10-31,9.75,9.75,9.25,9.75
LCNB,2008-11-03,9.3,9.4,9.3,9.4
LCNB,2008-11-04,9.3,9.3,9.3,9.3
LCNB,2008-11-05,9.3,9.35,9.3,9.35
LCNB,2008-11-06,9.2,9.2,9.2,9.2
LCNB,2008-11-07,9.2,9.2,9.0,9.0
LCNB,2008-11-10,9.4,9.5,9.0,9.0
LCNB,2008-11-11,9.0,9.0,9.0,9.0
LCNB,2008-11-12,8.85,8.85,8.85,8.85
LCNB,2008-11-13,8.8,8.8,8.0,8.3
LCNB,2008-11-14,8.5,8.6,8.35,8.35
LCNB,2008-11-17,9.0,9.0,8.65,8.65
LCNB,2008-11-18,9.0,9.23,9.0,9.23
LCNB,2008-11-19,8.86,10.0,8.86,8.9
LCNB,2008-11-20,9.0,9.0,8.1,8.75
LCNB,2008-11-21,8.7,9.2,8.1,9.2
LCNB,2008-11-24,9.35,9.55,9.35,9.55
LCNB,2008-11-25,10.75,10.75,10.01,10.01
LCNB,2008-11-26,10.01,10.01,10.01,10.01
LCNB,2008-11-28,10.67,10.67,10.67,10.67
LCNB,2008-12-01,10.0,10.01,9.98,10.01
LCNB,2008-12-02,10.01,10.01,10.01,10.01
LCNB,2008-12-03,10.5,10.5,9.9,9.9
LCNB,2008-12-04,9.9,9.9,9.85,9.85
LCNB,2008-12-05,9.85,9.85,9.85,9.85
LCNB,2008-12-08,9.4,9.4,9.4,9.4
LCNB,2008-12-09,10.0,10.0,10.0,10.0
LCNB,2008-12-10,9.35,10.0,9.35,10.0
LCNB,2008-12-11,9.95,9.95,9.95,9.95
LCNB,2008-12-12,9.5,9.5,9.0,9.0
LCNB,2008-12-15,9.5,10.0,9.5,10.0
LCNB,2008-12-16,10.0,10.0,10.0,10.0
LCNB,2008-12-17,9.2,9.2,9.0,9.2
LCNB,2008-12-18,9.2,9.2,9.2,9.2
LCNB,2008-12-19,9.2,9.5,9.2,9.5
LCNB,2008-12-22,9.5,9.5,9.5,9.5
LCNB,2008-12-23,9.7,9.7,9.65,9.65
LCNB,2008-12-24,9.7,9.7,9.65,9.65
LCNB,2008-12-26,9.5,9.95,9.5,9.95
LCNB,2008-12-29,9.5,9.5,9.5,9.5
LCNB,2008-12-30,9.75,9.75,9.5,9.5
LCNB,2008-12-31,9.25,9.25,9.0,9.0
LCNB,2009-01-02,9.15,9.2,9.15,9.2
LCNB,2009-01-05,9.2,9.2,9.2,9.2
LCNB,2009-01-06,9.2,9.2,9.2,9.2
LCNB,2009-01-07,9.2,9.2,9.2,9.2
LCNB,2009-01-08,9.2,9.2,9.2,9.2
LCNB,2009-01-09,9.2,9.2,9.2,9.2
LCNB,2009-01-12,9.45,9.45,9.45,9.45
LCNB,2009-01-13,9.45,9.45,9.45,9.45
LCNB,2009-01-14,9.45,9.45,9.45,9.45
LCNB,2009-01-15,9.45,9.45,8.7,9.25
LCNB,2009-01-16,9.25,9.25,9.25,9.25
LCNB,2009-01-20,9.0,9.0,9.0,9.0
LCNB,2009-01-21,9.0,9.0,9.0,9.0
LCNB,2009-01-22,9.0,9.0,9.0,9.0
LCNB,2009-01-23,9.0,9.0,9.0,9.0
LCNB,2009-01-26,9.0,9.45,8.75,9.45
LCNB,2009-01-27,8.8,8.8,8.8,8.8
LCNB,2009-01-28,8.8,8.8,8.8,8.8
LCNB,2009-01-29,8.8,8.8,8.55,8.8
LCNB,2009-01-30,8.8,8.8,8.8,8.8
LCNB,2009-02-02,8.8,8.8,8.8,8.8
LCNB,2009-02-03,8.5,8.5,8.5,8.5
LCNB,2009-02-04,8.5,8.55,8.5,8.5
LCNB,2009-02-05,8.5,8.8,8.5,8.8
LCNB,2009-02-06,8.8,8.8,8.8,8.8
LCNB,2009-02-09,8.7,8.7,8.5,8.5
LCNB,2009-02-10,8.5,8.5,8.5,8.5
LCNB,2009-02-11,8.5,8.5,8.5,8.5
LCNB,2009-02-12,8.8,8.8,8.8,8.8
LCNB,2009-02-13,8.8,8.8,8.8,8.8
LCNB,2009-02-17,8.8,8.8,8.8,8.8
LCNB,2009-02-18,8.5,8.5,8.25,8.26
LCNB,2009-02-19,8.6,8.6,8.26,8.26
LCNB,2009-02-20,8.3,8.3,8.3,8.3
LCNB,2009-02-23,8.25,8.75,7.9,8.75
LCNB,2009-02-24,8.8,8.8,8.8,8.8
LCNB,2009-02-25,8.8,8.8,8.8,8.8
LCNB,2009-02-26,8.5,8.5,8.5,8.5
LCNB,2009-02-27,8.5,8.5,8.5,8.5
LCNB,2009-03-02,8.05,8.5,8.05,8.5
LCNB,2009-03-03,8.5,8.7,8.36,8.7
LCNB,2009-03-04,8.5,8.5,8.0,8.3
LCNB,2009-03-05,8.3,8.3,8.3,8.3
LCNB,2009-03-06,8.5,8.5,8.0,8.0
LCNB,2009-03-09,8.0,8.0,8.0,8.0
LCNB,2009-03-10,8.5,8.5,7.7,7.9
LCNB,2009-03-11,7.75,8.5,7.75,7.75
LCNB,2009-03-12,8.5,8.5,8.5,8.5
LCNB,2009-03-13,8.5,8.5,8.5,8.5
LCNB,2009-03-16,8.35,8.8,8.35,8.8
LCNB,2009-03-17,8.5,8.5,8.5,8.5
LCNB,2009-03-18,8.5,8.5,8.5,8.5
LCNB,2009-03-19,8.5,8.5,8.5,8.5
LCNB,2009-03-20,8.5,8.5,8.5,8.5
LCNB,2009-03-23,8.2,8.2,8.2,8.2
LCNB,2009-03-24,8.6,8.6,8.6,8.6
LCNB,2009-03-25,8.6,8.6,8.6,8.6
LCNB,2009-03-26,8.6,8.6,8.25,8.6
LCNB,2009-03-27,8.5,8.5,8.5,8.5
LCNB,2009-03-30,9.0,9.25,9.0,9.25
LCNB,2009-03-31,9.5,9.5,9.5,9.5
LCNB,2009-04-01,9.0,9.0,9.0,9.0
LCNB,2009-04-02,9.0,9.0,9.0,9.0
LCNB,2009-04-03,9.5,9.5,9.5,9.5
LCNB,2009-04-06,9.5,9.5,9.1,9.5
LCNB,2009-04-07,9.5,9.5,9.5,9.5
LCNB,2009-04-08,8.75,8.75,8.75,8.75
LCNB,2009-04-09,9.0,9.25,8.99,9.25
LCNB,2009-04-13,9.5,9.5,9.5,9.5
LCNB,2009-04-14,9.5,9.5,9.5,9.5
LCNB,2009-04-15,9.5,9.5,9.5,9.5
LCNB,2009-04-16,9.5,9.5,9.5,9.5
LCNB,2009-04-17,9.3,9.5,9.3,9.5
LCNB,2009-04-20,9.5,9.5,9.5,9.5
LCNB,2009-04-21,9.5,9.5,9.4,9.4
LCNB,2009-04-22,9.29,9.29,9.15,9.15
LCNB,2009-04-23,9.15,9.15,9.15,9.15
LCNB,2009-04-24,9.65,9.65,9.65,9.65
LCNB,2009-04-27,9.3,9.3,9.21,9.21
LCNB,2009-04-28,9.21,9.21,9.21,9.21
LCNB,2009-04-29,9.9,9.9,9.9,9.9
LCNB,2009-04-30,9.9,9.9,9.9,9.9
LCNB,2009-05-01,9.9,9.9,9.9,9.9
LCNB,2009-05-04,9.9,9.9,9.9,9.9
LCNB,2009-05-05,9.75,9.8,9.75,9.8
LCNB,2009-05-06,9.5,9.8,9.5,9.5
LCNB,2009-05-07,9.5,9.8,9.5,9.8
LCNB,2009-05-08,9.5,9.8,9.5,9.8
LCNB,2009-05-11,9.5,9.8,9.5,9.7
LCNB,2009-05-12,9.5,9.5,9.5,9.5
LCNB,2009-05-13,9.5,9.5,9.5,9.5
LCNB,2009-05-14,9.5,9.5,9.5,9.5
LCNB,2009-05-15,9.5,9.5,9.5,9.5
LCNB,2009-05-18,9.5,9.5,9.3,9.3
LCNB,2009-05-19,9.3,9.3,9.3,9.3
LCNB,2009-05-20,9.6,9.6,9.26,9.26
LCNB,2009-05-21,9.8,9.8,9.8,9.8
LCNB,2009-05-22,9.5,9.5,9.5,9.5
LCNB,2009-05-26,9.5,9.5,9.5,9.5
LCNB,2009-05-27,9.5,9.5,9.5,9.5
LCNB,2009-05-28,9.5,9.5,9.5,9.5
LCNB,2009-05-29,9.7,9.7,9.7,9.7
LCNB,2009-06-01,9.85,9.85,9.5,9.5
LCNB,2009-06-02,9.25,9.5,9.25,9.5
LCNB,2009-06-03,9.35,9.35,8.55,9.09
LCNB,2009-06-04,9.12,9.12,9.12,9.12
LCNB,2009-06-05,9.12,9.12,9.12,9.12
LCNB,2009-06-08,9.5,9.5,9.5,9.5
LCNB,2009-06-09,9.85,9.85,9.4,9.85
LCNB,2009-06-10,9.85,9.85,9.5,9.5
LCNB,2009-06-11,9.5,9.5,9.5,9.5
LCNB,2009-06-12,9.5,9.5,9.5,9.5
LCNB,2009-06-15,9.85,9.85,9.85,9.85
LCNB,2009-06-16,9.85,9.85,9.85,9.85
LCNB,2009-06-17,9.85,9.85,9.85,9.85
LCNB,2009-06-18,9.85,9.85,9.85,9.85
LCNB,2009-06-19,9.5,9.5,9.5,9.5
LCNB,2009-06-22,9.15,9.3,9.09,9.3
LCNB,2009-06-23,9.75,9.75,9.75,9.75
LCNB,2009-06-24,9.75,9.75,9.75,9.75
LCNB,2009-06-25,9.75,9.75,9.75,9.75
LCNB,2009-06-26,9.75,9.75,9.75,9.75
LCNB,2009-06-29,9.7,9.7,9.5,9.5
LCNB,2009-06-30,9.65,9.85,9.2,9.85
LCNB,2009-07-01,9.85,9.85,9.65,9.65
LCNB,2009-07-02,9.85,9.85,9.65,9.65
LCNB,2009-07-06,9.65,9.65,9.65,9.65
LCNB,2009-07-07,9.65,9.65,9.65,9.65
LCNB,2009-07-08,9.9,9.9,9.75,9.75
LCNB,2009-07-09,9.65,9.65,9.65,9.65
LCNB,2009-07-10,9.65,9.65,9.65,9.65
LCNB,2009-07-13,9.65,9.65,9.65,9.65
LCNB,2009-07-14,9.9,9.9,9.9,9.9
LCNB,2009-07-15,9.65,10.0,9.65,10.0
LCNB,2009-07-16,10.0,10.0,10.0,10.0
LCNB,2009-07-17,9.65,9.65,9.65,9.65
LCNB,2009-07-20,9.65,9.65,9.65,9.65
LCNB,2009-07-21,9.85,9.95,9.85,9.95
LCNB,2009-07-22,9.5,9.5,9.3,9.3
LCNB,2009-07-23,9.3,9.3,9.3,9.3
LCNB,2009-07-24,9.3,9.3,9.3,9.3
LCNB,2009-07-27,9.3,9.3,9.3,9.3
LCNB,2009-07-28,9.3,9.3,9.3,9.3
LCNB,2009-07-29,9.3,9.3,9.3,9.3
LCNB,2009-07-30,9.4,9.4,9.4,9.4
LCNB,2009-07-31,9.75,9.75,9.75,9.75
LCNB,2009-08-03,9.6,9.75,9.6,9.75
LCNB,2009-08-04,9.6,10.0,9.6,10.0
LCNB,2009-08-05,9.8,9.95,9.8,9.95
LCNB,2009-08-06,9.95,9.95,9.95,9.95
LCNB,2009-08-07,9.95,9.95,9.95,9.95
LCNB,2009-08-10,9.95,9.95,9.95,9.95
LCNB,2009-08-11,10.0,10.75,10.0,10.01
LCNB,2009-08-12,10.26,11.95,10.26,11.95
LCNB,2009-08-13,10.5,10.5,10.01,10.01
LCNB,2009-08-14,10.1,10.1,10.1,10.1
LCNB,2009-08-17,10.1,10.1,10.1,10.1
LCNB,2009-08-18,10.2,10.2,10.2,10.2
LCNB,2009-08-19,10.2,10.2,10.01,10.01
LCNB,2009-08-20,10.01,10.01,10.0,10.0
LCNB,2009-08-21,10.25,10.25,10.0,10.0
LCNB,2009-08-24,10.0,10.0,10.0,10.0
LCNB,2009-08-25,10.2,10.3,10.2,10.3
LCNB,2009-08-26,10.3,10.35,10.3,10.35
LCNB,2009-08-27,10.5,10.5,10.5,10.5
LCNB,2009-08-28,10.5,10.5,10.5,10.5
LCNB,2009-08-31,10.2,10.2,10.2,10.2
LCNB,2009-09-01,10.9,10.9,10.9,10.9
LCNB,2009-09-02,10.9,10.9,10.9,10.9
LCNB,2009-09-03,10.9,10.9,10.9,10.9
LCNB,2009-09-04,10.5,10.5,10.5,10.5
LCNB,2009-09-08,10.5,10.5,10.5,10.5
LCNB,2009-09-09,10.53,10.53,10.0,10.0
LCNB,2009-09-10,11.0,11.0,11.0,11.0
LCNB,2009-09-11,11.0,11.0,11.0,11.0
LCNB,2009-09-14,11.0,11.0,11.0,11.0
LCNB,2009-09-15,10.5,11.5,10.5,11.5
LCNB,2009-09-16,11.0,11.49,11.0,11.25
LCNB,2009-09-17,11.25,11.5,11.25,11.5
LCNB,2009-09-18,11.75,11.75,11.75,11.75
LCNB,2009-09-21,11.75,11.75,11.75,11.75
LCNB,2009-09-22,11.75,11.75,11.75,11.75
LCNB,2009-09-23,11.75,11.75,10.25,10.5
LCNB,2009-09-24,10.5,10.5,10.5,10.5
LCNB,2009-09-25,10.5,10.5,10.5,10.5
LCNB,2009-09-28,10.75,10.75,10.5,10.5
LCNB,2009-09-29,10.65,10.65,10.5,10.5
LCNB,2009-09-30,10.5,10.99,10.25,10.99
LCNB,2009-10-01,11.0,11.0,11.0,11.0
LCNB,2009-10-02,11.0,11.0,11.0,11.0
LCNB,2009-10-05,11.0,11.0,11.0,11.0
LCNB,2009-10-06,10.96,10.96,10.95,10.95
LCNB,2009-10-07,10.99,11.0,10.55,10.55
LCNB,2009-10-08,10.55,10.55,10.55,10.55
LCNB,2009-10-09,10.55,10.55,10.55,10.55
LCNB,2009-10-12,10.55,10.75,10.55,10.75
LCNB,2009-10-13,10.6,10.6,10.35,10.35
LCNB,2009-10-14,10.35,10.5,10.35,10.5
LCNB,2009-10-15,10.5,10.5,10.5,10.5
LCNB,2009-10-16,10.85,10.85,10.85,10.85
LCNB,2009-10-19,10.85,10.85,10.85,10.85
LCNB,2009-10-20,10.5,10.5,10.5,10.5
LCNB,2009-10-21,10.5,10.5,10.5,10.5
LCNB,2009-10-22,10.5,10.5,10.5,10.5
LCNB,2009-10-23,10.95,11.0,10.95,11.0
LCNB,2009-10-26,10.6,11.0,10.6,11.0
LCNB,2009-10-27,10.99,10.99,10.99,10.99
LCNB,2009-10-28,10.99,10.99,10.99,10.99
LCNB,2009-10-29,10.99,10.99,10.99,10.99
LCNB,2009-10-30,10.99,10.99,10.75,10.75
LCNB,2009-11-02,11.0,11.0,10.99,11.0
LCNB,2009-11-03,11.0,11.0,11.0,11.0
LCNB,2009-11-04,10.75,10.75,10.75,10.75
LCNB,2009-11-05,10.6,11.0,10.6,11.0
LCNB,2009-11-06,11.0,11.0,11.0,11.0
LCNB,2009-11-09,11.0,11.0,11.0,11.0
LCNB,2009-11-10,10.75,10.75,10.4,10.4
LCNB,2009-11-11,10.5,10.55,10.5,10.55
LCNB,2009-11-12,10.55,10.55,10.55,10.55
LCNB,2009-11-13,10.5,10.5,10.5,10.5
LCNB,2009-11-16,10.55,10.55,10.55,10.55
LCNB,2009-11-17,10.55,10.55,10.55,10.55
LCNB,2009-11-18,10.5,10.55,10.5,10.55
LCNB,2009-11-19,11.0,11.0,10.5,10.5
LCNB,2009-11-20,11.0,11.0,11.0,11.0
LCNB,2009-11-23,11.1,11.4,11.01,11.4
LCNB,2009-11-24,11.25,11.25,11.0,11.0
LCNB,2009-11-25,11.0,11.0,11.0,11.0
LCNB,2009-11-27,11.0,11.0,11.0,11.0
LCNB,2009-11-30,11.0,11.0,11.0,11.0
LCNB,2009-12-01,11.0,11.0,11.0,11.0
LCNB,2009-12-02,11.0,11.1,11.0,11.1
LCNB,2009-12-03,11.1,11.1,10.3,10.3
LCNB,2009-12-04,10.5,10.5,10.21,10.5
LCNB,2009-12-07,10.5,10.5,10.5,10.5
LCNB,2009-12-08,10.5,10.5,10.5,10.5
LCNB,2009-12-09,10.5,10.5,10.5,10.5
LCNB,2009-12-10,10.5,10.5,10.5,10.5
LCNB,2009-12-11,10.5,10.5,10.5,10.5
LCNB,2009-12-14,10.75,12.5,10.75,11.75
LCNB,2009-12-15,11.75,12.05,11.75,12.0
LCNB,2009-12-16,12.01,12.26,12.0,12.25
LCNB,2009-12-17,12.0,12.0,12.0,12.0
LCNB,2009-12-18,12.0,12.0,12.0,12.0
LCNB,2009-12-21,11.6,11.6,11.6,11.6
LCNB,2009-12-22,11.6,11.6,11.6,11.6
LCNB,2009-12-23,11.65,11.65,11.65,11.65
LCNB,2009-12-24,11.65,11.65,11.65,11.65
LCNB,2009-12-28,11.99,11.99,11.99,11.99
LCNB,2009-12-29,11.05,11.05,11.05,11.05
LCNB,2009-12-30,11.05,11.05,11.05,11.05
LCNB,2009-12-31,11.5,11.5,10.2,10.5
LCNB,2010-01-04,10.5,10.5,10.5,10.5
LCNB,2010-01-05,10.5,10.5,10.5,10.5
LCNB,2010-01-06,11.0,11.0,10.5,10.5
LCNB,2010-01-07,11.5,11.5,11.0,11.0
LCNB,2010-01-08,11.0,11.0,11.0,11.0
LCNB,2010-01-11,10.6,10.6,10.6,10.6
LCNB,2010-01-12,10.6,11.25,10.6,11.25
LCNB,2010-01-13,10.6,10.6,10.6,10.6
LCNB,2010-01-14,10.6,10.6,10.6,10.6
LCNB,2010-01-15,11.25,11.25,11.25,11.25
LCNB,2010-01-19,11.0,11.0,11.0,11.0
LCNB,2010-01-20,11.0,11.25,11.0,11.25
LCNB,2010-01-21,11.09,11.09,11.09,11.09
LCNB,2010-01-22,11.0,11.0,10.6,10.6
LCNB,2010-01-25,10.74,11.0,10.74,11.0
LCNB,2010-01-26,10.99,10.99,10.99,10.99
LCNB,2010-01-27,11.0,11.0,10.95,10.95
LCNB,2010-01-28,11.05,12.25,11.05,11.25
LCNB,2010-01-29,11.25,11.5,11.25,11.5
LCNB,2010-02-01,11.05,11.5,11.0,11.0
LCNB,2010-02-02,11.1,12.5,10.85,11.5
LCNB,2010-02-03,11.4,11.4,11.4,11.4
LCNB,2010-02-04,11.0,11.0,11.0,11.0
LCNB,2010-02-05,11.0,11.0,10.6,10.6
LCNB,2010-02-08,10.7,11.0,10.61,11.0
LCNB,2010-02-09,10.75,10.75,10.61,10.61
LCNB,2010-02-10,10.61,10.61,10.61,10.61
LCNB,2010-02-11,10.61,10.61,10.61,10.61
LCNB,2010-02-12,11.0,11.5,10.85,10.85
LCNB,2010-02-16,11.5,11.5,10.72,10.72
LCNB,2010-02-17,11.5,11.5,11.5,11.5
LCNB,2010-02-18,11.5,11.5,11.5,11.5
LCNB,2010-02-19,11.5,11.5,11.5,11.5
LCNB,2010-02-22,11.5,11.5,11.5,11.5
LCNB,2010-02-23,11.4,11.4,11.4,11.4
LCNB,2010-02-24,11.5,11.5,11.5,11.5
LCNB,2010-02-25,11.5,11.5,11.5,11.5
LCNB,2010-02-26,11.5,11.5,11.5,11.5
LCNB,2010-03-01,11.5,11.5,11.5,11.5
LCNB,2010-03-02,12.25,12.25,11.74,11.74
LCNB,2010-03-03,11.45,11.5,11.45,11.5
LCNB,2010-03-04,11.5,11.5,11.5,11.5
LCNB,2010-03-05,11.5,11.6,11.5,11.5
LCNB,2010-03-08,11.5,11.5,11.5,11.5
LCNB,2010-03-09,11.5,11.5,11.25,11.25
LCNB,2010-03-10,11.5,11.5,11.25,11.25
LCNB,2010-03-11,11.25,11.25,11.25,11.25
LCNB,2010-03-12,11.4,11.7,11.4,11.7
LCNB,2010-03-15,11.5,12.0,11.5,12.0
LCNB,2010-03-16,12.0,12.2,12.0,12.1
LCNB,2010-03-17,12.1,12.25,12.1,12.25
LCNB,2010-03-18,11.51,11.51,11.51,11.51
LCNB,2010-03-19,12.25,12.25,12.25,12.25
LCNB,2010-03-22,11.84,11.84,11.84,11.84
LCNB,2010-03-23,11.84,11.84,11.84,11.84
LCNB,2010-03-24,11.75,12.05,11.75,12.05
LCNB,2010-03-25,12.25,12.25,12.24,12.25
LCNB,2010-03-26,12.25,12.25,12.25,12.25
LCNB,2010-03-29,12.25,12.25,12.25,12.25
LCNB,2010-03-30,12.15,12.15,12.0,12.0
LCNB,2010-03-31,12.25,12.25,11.75,12.0
LCNB,2010-04-01,11.75,11.75,11.75,11.75
LCNB,2010-04-05,11.75,11.75,11.7,11.7
LCNB,2010-04-06,11.7,11.7,11.7,11.7
LCNB,2010-04-07,11.95,11.95,11.95,11.95
LCNB,2010-04-08,12.0,12.0,12.0,12.0
LCNB,2010-04-09,11.9,11.9,11.9,11.9
LCNB,2010-04-12,11.9,11.9,11.9,11.9
LCNB,2010-04-13,11.9,12.0,11.8,11.8
LCNB,2010-04-14,11.85,11.85,11.75,11.75
LCNB,2010-04-15,11.9,11.95,11.8,11.8
LCNB,2010-04-16,11.81,11.81,11.81,11.81
LCNB,2010-04-19,11.95,12.5,11.95,12.5
LCNB,2010-04-20,12.25,12.25,12.25,12.25
LCNB,2010-04-21,12.14,12.14,12.0,12.0
LCNB,2010-04-22,12.0,12.25,11.96,11.96
LCNB,2010-04-23,12.0,12.0,12.0,12.0
LCNB,2010-04-26,12.25,12.25,12.0,12.0
LCNB,2010-04-27,12.0,12.0,11.95,12.0
LCNB,2010-04-28,12.0,12.0,12.0,12.0
LCNB,2010-04-29,12.0,12.0,11.95,11.95
LCNB,2010-04-30,11.95,12.0,11.9,11.9
LCNB,2010-05-03,12.25,12.5,12.25,12.5
LCNB,2010-05-04,12.25,12.25,12.0,12.0
LCNB,2010-05-05,12.15,12.15,11.75,11.75
LCNB,2010-05-06,12.0,12.0,11.75,11.75
LCNB,2010-05-07,12.25,12.25,12.25,12.25
LCNB,2010-05-10,12.25,12.25,12.25,12.25
LCNB,2010-05-11,12.25,12.25,11.75,11.75
LCNB,2010-05-12,12.0,12.0,12.0,12.0
LCNB,2010-05-13,12.0,12.0,12.0,12.0
LCNB,2010-05-14,12.0,12.0,12.0,12.0
LCNB,2010-05-17,11.75,12.25,11.75,12.0
LCNB,2010-05-18,12.0,12.0,12.0,12.0
LCNB,2010-05-19,11.8,11.8,11.75,11.75
LCNB,2010-05-20,11.75,13.0,11.7,13.0
LCNB,2010-05-21,13.0,13.0,13.0,13.0
LCNB,2010-05-24,12.0,12.01,11.8,11.8
LCNB,2010-05-25,11.7,11.7,10.34,11.5
LCNB,2010-05-26,12.0,12.0,12.0,12.0
LCNB,2010-05-27,12.0,12.0,12.0,12.0
LCNB,2010-05-28,12.25,12.25,12.25,12.25
LCNB,2010-06-01,12.25,12.25,12.25,12.25
LCNB,2010-06-02,11.8,12.24,11.8,12.24
LCNB,2010-06-03,12.24,12.24,12.24,12.24
LCNB,2010-06-04,12.24,12.24,12.24,12.24
LCNB,2010-06-07,12.1,12.1,11.8,11.8
LCNB,2010-06-08,12.0,12.0,12.0,12.0
LCNB,2010-06-09,12.0,12.0,12.0,12.0
LCNB,2010-06-10,12.0,12.0,12.0,12.0
LCNB,2010-06-11,12.0,12.0,12.0,12.0
LCNB,2010-06-14,12.0,12.0,11.7,12.0
LCNB,2010-06-15,12.0,12.0,12.0,12.0
LCNB,2010-06-16,12.0,12.0,12.0,12.0
LCNB,2010-06-17,11.8,12.0,11.4,12.0
LCNB,2010-06-18,12.0,12.0,12.0,12.0
LCNB,2010-06-21,11.85,12.1,11.85,12.1
LCNB,2010-06-22,11.75,12.0,11.75,12.0
LCNB,2010-06-23,12.0,12.0,12.0,12.0
LCNB,2010-06-24,11.75,12.0,11.75,11.75
LCNB,2010-06-25,11.75,11.75,11.75,11.75
LCNB,2010-06-28,11.75,11.75,11.75,11.75
LCNB,2010-06-29,12.0,12.0,11.75,11.75
LCNB,2010-06-30,12.0,12.0,11.75,11.75
LCNB,2010-07-01,11.95,11.95,11.85,11.85
LCNB,2010-07-02,11.85,11.85,11.85,11.85
LCNB,2010-07-06,11.85,11.85,11.85,11.85
LCNB,2010-07-07,11.55,12.0,11.3,12.0
LCNB,2010-07-08,12.0,12.0,12.0,12.0
LCNB,2010-07-09,11.75,11.99,11.75,11.99
LCNB,2010-07-12,11.3,11.5,11.3,11.5
LCNB,2010-07-13,11.98,11.98,11.9,11.9
LCNB,2010-07-14,11.99,12.0,11.8,11.8
LCNB,2010-07-15,11.8,11.8,11.8,11.8
LCNB,2010-07-16,11.8,11.8,11.8,11.8
LCNB,2010-07-19,11.98,11.98,11.8,11.8
LCNB,2010-07-20,11.8,12.0,11.8,12.0
LCNB,2010-07-21,12.0,12.0,12.0,12.0
LCNB,2010-07-22,12.0,12.0,12.0,12.0
LCNB,2010-07-23,11.75,11.75,11.6,11.75
LCNB,2010-07-26,11.9,11.9,11.66,11.66
LCNB,2010-07-27,11.65,12.0,11.65,12.0
LCNB,2010-07-28,12.0,12.0,12.0,12.0
LCNB,2010-07-29,12.0,12.0,11.76,11.76
LCNB,2010-07-30,11.9,11.9,11.9,11.9
LCNB,2010-08-02,11.9,11.9,11.9,11.9
LCNB,2010-08-03,11.9,12.0,11.75,11.75
LCNB,2010-08-04,12.0,12.5,12.0,12.5
LCNB,2010-08-05,12.5,12.5,12.5,12.5
LCNB,2010-08-06,12.1,12.1,12.0,12.0
LCNB,2010-08-09,12.0,12.0,12.0,12.0
LCNB,2010-08-10,12.5,12.5,12.4,12.5
LCNB,2010-08-11,12.0,12.5,12.0,12.0
LCNB,2010-08-12,12.0,12.0,11.99,12.0
LCNB,2010-08-13,12.0,12.0,12.0,12.0
LCNB,2010-08-16,12.0,12.0,11.7,12.0
LCNB,2010-08-17,11.9,11.9,11.9,11.9
LCNB,2010-08-18,11.76,11.9,11.76,11.9
LCNB,2010-08-19,11.9,11.9,11.55,11.55
LCNB,2010-08-20,11.75,11.75,11.75,11.75
LCNB,2010-08-23,11.55,11.75,11.5,11.75
LCNB,2010-08-24,11.5,11.75,11.5,11.75
LCNB,2010-08-25,11.5,11.5,11.5,11.5
LCNB,2010-08-26,11.5,11.5,11.5,11.5
LCNB,2010-08-27,11.65,12.0,11.65,12.0
LCNB,2010-08-30,11.6,12.49,11.6,12.49
LCNB,2010-08-31,11.9,11.9,11.75,11.75
LCNB,2010-09-01,11.75,11.9,11.75,11.9
LCNB,2010-09-02,11.9,11.9,11.9,11.9
LCNB,2010-09-03,11.9,11.9,11.9,11.9
LCNB,2010-09-07,12.0,12.0,11.85,11.91
LCNB,2010-09-08,11.9,11.9,11.9,11.9
LCNB,2010-09-09,11.75,11.75,11.75,11.75
LCNB,2010-09-10,11.55,11.75,11.55,11.75
LCNB,2010-09-13,11.75,11.75,11.75,11.75
LCNB,2010-09-14,11.75,11.75,11.75,11.75
LCNB,2010-09-15,11.75,12.25,11.75,12.24
LCNB,2010-09-16,11.75,11.75,11.75,11.75
LCNB,2010-09-17,11.75,11.75,11.75,11.75
LCNB,2010-09-20,11.75,11.75,11.75,11.75
LCNB,2010-09-21,11.85,11.85,11.85,11.85
LCNB,2010-09-22,11.85,11.85,11.85,11.85
LCNB,2010-09-23,11.85,11.85,11.85,11.85
LCNB,2010-09-24,11.8,11.8,11.6,11.6
LCNB,2010-09-27,11.6,11.6,11.6,11.6
LCNB,2010-09-28,11.75,11.75,11.65,11.75
LCNB,2010-09-29,11.65,11.65,11.25,11.3
LCNB,2010-09-30,11.6,11.7,11.6,11.7
LCNB,2010-10-01,11.7,11.7,11.7,11.7
LCNB,2010-10-04,11.7,11.7,11.7,11.7
LCNB,2010-10-05,11.7,11.7,11.7,11.7
LCNB,2010-10-06,11.5,11.7,11.2,11.2
LCNB,2010-10-07,11.5,11.5,11.5,11.5
LCNB,2010-10-08,11.5,11.5,11.5,11.5
LCNB,2010-10-11,11.5,11.5,11.5,11.5
LCNB,2010-10-12,11.75,11.95,11.6,11.63
LCNB,2010-10-13,11.95,11.95,11.55,11.55
LCNB,2010-10-14,11.95,11.95,11.6,11.6
LCNB,2010-10-15,11.95,11.95,11.95,11.95
LCNB,2010-10-18,11.6,11.95,11.6,11.95
LCNB,2010-10-19,11.95,11.95,11.95,11.95
LCNB,2010-10-20,11.96,11.96,11.95,11.95
LCNB,2010-10-21,11.95,11.95,11.95,11.95
LCNB,2010-10-22,11.9,11.9,11.9,11.9
LCNB,2010-10-25,11.8,11.8,11.8,11.8
LCNB,2010-10-26,11.8,11.8,11.6,11.6
LCNB,2010-10-27,11.6,11.6,11.6,11.6
LCNB,2010-10-28,11.6,11.6,11.6,11.6
LCNB,2010-10-29,11.9,11.9,11.9,11.9
LCNB,2010-11-01,11.9,11.9,11.9,11.9
LCNB,2010-11-02,11.6,11.6,11.6,11.6
LCNB,2010-11-03,11.75,11.75,11.75,11.75
LCNB,2010-11-04,11.6,11.6,11.6,11.6
LCNB,2010-11-05,11.8,11.9,11.7,11.9
LCNB,2010-11-08,11.9,11.9,11.75,11.8
LCNB,2010-11-09,11.8,11.8,11.8,11.8
LCNB,2010-11-10,11.8,11.8,11.8,11.8
LCNB,2010-11-11,11.65,11.8,11.65,11.8
LCNB,2010-11-12,11.65,11.65,11.65,11.65
LCNB,2010-11-15,11.75,11.75,11.75,11.75
LCNB,2010-11-16,12.0,12.0,11.75,11.75
LCNB,2010-11-17,11.71,11.75,11.65,11.75
LCNB,2010-11-18,11.9,11.9,11.75,11.75
LCNB,2010-11-19,11.65,11.75,11.65,11.75
LCNB,2010-11-22,11.85,11.85,11.75,11.75
LCNB,2010-11-23,11.75,11.75,11.75,11.75
LCNB,2010-11-24,11.8,11.9,11.8,11.9
LCNB,2010-11-26,11.9,11.9,11.75,11.9
LCNB,2010-11-29,11.9,12.0,11.75,11.75
LCNB,2010-11-30,12.0,12.35,12.0,12.35
LCNB,2010-12-01,12.0,12.0,12.0,12.0
LCNB,2010-12-02,11.82,11.82,11.82,11.82
LCNB,2010-12-03,11.9,11.9,11.6,11.6
LCNB,2010-12-06,11.7,11.7,11.55,11.55
LCNB,2010-12-07,11.7,11.75,11.5,11.55
LCNB,2010-12-08,11.55,11.6,11.44,11.5
LCNB,2010-12-09,11.5,11.6,11.44,11.6
LCNB,2010-12-10,11.6,11.6,11.6,11.6
LCNB,2010-12-13,11.75,11.85,11.6,11.85
LCNB,2010-12-14,11.8,11.8,11.6,11.8
LCNB,2010-12-15,11.6,12.0,11.6,12.0
LCNB,2010-12-16,12.0,12.0,12.0,12.0
LCNB,2010-12-17,12.0,12.0,12.0,12.0
LCNB,2010-12-20,11.9,11.9,11.75,11.75
LCNB,2010-12-21,11.8,12.0,11.75,12.0
LCNB,2010-12-22,12.0,12.0,12.0,12.0
LCNB,2010-12-23,12.0,12.0,12.0,12.0
LCNB,2010-12-27,12.0,12.0,12.0,12.0
LCNB,2010-12-28,11.75,12.0,11.56,11.76
LCNB,2010-12-29,11.76,11.76,11.76,11.76
LCNB,2010-12-30,11.95,11.95,11.81,11.81
LCNB,2010-12-31,11.86,11.99,11.51,11.95
LCNB,2011-01-03,11.9,11.9,11.9,11.9
LCNB,2011-01-04,11.9,11.95,11.9,11.95
LCNB,2011-01-05,11.95,11.95,11.95,11.95
LCNB,2011-01-06,11.77,11.9,11.77,11.9
LCNB,2011-01-07,11.9,11.9,11.9,11.9
LCNB,2011-01-10,11.9,11.91,11.77,11.8
LCNB,2011-01-11,11.9,11.9,11.75,11.75
LCNB,2011-01-12,11.75,12.0,11.75,11.9
LCNB,2011-01-13,12.0,12.0,12.0,12.0
LCNB,2011-01-14,12.0,12.24,12.0,12.0
LCNB,2011-01-18,12.0,12.0,11.9,12.0
LCNB,2011-01-19,12.0,12.0,12.0,12.0
LCNB,2011-01-20,11.9,11.9,11.9,11.9
LCNB,2011-01-21,12.0,12.0,11.76,11.76
LCNB,2011-01-24,12.0,12.0,11.99,11.99
LCNB,2011-01-25,11.95,11.95,11.94,11.94
LCNB,2011-01-26,11.85,11.95,11.8,11.95
LCNB,2011-01-27,11.9,11.9,11.9,11.9
LCNB,2011-01-28,11.85,11.85,11.85,11.85
LCNB,2011-01-31,11.85,12.0,11.85,12.0
LCNB,2011-02-01,12.0,12.0,12.0,12.0
LCNB,2011-02-02,11.9,11.9,11.56,11.8
LCNB,2011-02-03,11.61,11.9,11.61,11.8
LCNB,2011-02-04,11.95,11.95,11.9,11.9
LCNB,2011-02-07,11.9,11.9,11.8,11.8
LCNB,2011-02-08,11.8,11.9,11.8,11.8
LCNB,2011-02-09,11.99,12.0,11.99,12.0
LCNB,2011-02-10,11.8,11.8,11.8,11.8
LCNB,2011-02-11,11.85,11.85,11.85,11.85
LCNB,2011-02-14,11.85,11.85,11.85,11.85
LCNB,2011-02-15,12.0,12.0,11.86,11.9
LCNB,2011-02-16,11.99,12.0,11.95,12.0
LCNB,2011-02-17,12.0,12.0,12.0,12.0
LCNB,2011-02-18,11.99,11.99,11.99,11.99
LCNB,2011-02-22,11.9,11.9,11.83,11.85
LCNB,2011-02-23,11.85,11.85,11.8,11.8
LCNB,2011-02-24,11.8,11.85,11.75,11.85
LCNB,2011-02-25,11.75,11.75,11.73,11.73
LCNB,2011-02-28,11.85,11.85,11.74,11.74
LCNB,2011-03-01,11.75,11.8,11.75,11.8
LCNB,2011-03-02,11.85,12.0,11.75,11.75
LCNB,2011-03-03,12.0,12.0,12.0,12.0
LCNB,2011-03-04,12.0,12.0,11.8,11.8
LCNB,2011-03-07,11.8,11.8,11.8,11.8
LCNB,2011-03-08,11.85,11.85,11.85,11.85
LCNB,2011-03-09,12.0,12.0,12.0,12.0
LCNB,2011-03-10,11.87,11.89,11.87,11.89
LCNB,2011-03-11,11.88,12.0,11.88,12.0
LCNB,2011-03-14,11.94,12.0,11.94,11.94
LCNB,2011-03-15,12.0,12.0,12.0,12.0
LCNB,2011-03-16,12.25,12.25,11.89,11.89
LCNB,2011-03-17,11.9,11.9,11.9,11.9
LCNB,2011-03-18,11.89,12.0,11.88,12.0
LCNB,2011-03-21,12.0,12.0,11.85,11.88
LCNB,2011-03-22,12.0,12.0,12.0,12.0
LCNB,2011-03-23,12.0,12.0,12.0,12.0
LCNB,2011-03-24,11.85,11.9,11.85,11.9
LCNB,2011-03-25,12.0,12.0,11.85,11.85
LCNB,2011-03-28,11.85,12.0,11.85,12.0
LCNB,2011-03-29,12.0,12.0,12.0,12.0
LCNB,2011-03-30,12.0,12.0,11.95,11.95
LCNB,2011-03-31,12.0,12.0,11.7,11.7
LCNB,2011-04-01,11.7,11.7,11.7,11.7
LCNB,2011-04-04,11.85,12.0,11.85,11.85
LCNB,2011-04-05,11.85,12.0,11.85,12.0
LCNB,2011-04-06,11.86,11.99,11.86,11.99
LCNB,2011-04-07,11.99,11.99,11.99,11.99
LCNB,2011-04-08,11.86,12.0,11.75,12.0
LCNB,2011-04-11,11.9,11.9,11.9,11.9
LCNB,2011-04-12,11.9,11.9,11.9,11.9
LCNB,2011-04-13,11.9,11.9,11.9,11.9
LCNB,2011-04-14,11.9,11.9,11.9,11.9
LCNB,2011-04-15,11.85,11.85,11.85,11.85
LCNB,2011-04-18,11.9,11.98,11.9,11.9
LCNB,2011-04-19,11.91,11.95,11.91,11.95
LCNB,2011-04-20,11.9,11.9,11.9,11.9
LCNB,2011-04-21,11.85,11.9,11.85,11.85
LCNB,2011-04-25,11.9,12.0,11.9,12.0
LCNB,2011-04-26,12.0,12.1,12.0,12.1
LCNB,2011-04-27,12.0,12.0,12.0,12.0
LCNB,2011-04-28,12.0,12.0,12.0,12.0
LCNB,2011-04-29,12.1,13.0,12.0,12.95
LCNB,2011-05-02,12.7,12.7,12.7,12.7
LCNB,2011-05-03,12.7,12.7,12.7,12.7
LCNB,2011-05-04,12.5,12.7,12.5,12.7
LCNB,2011-05-05,12.5,12.5,12.5,12.5
LCNB,2011-05-06,12.7,12.8,12.7,12.7
LCNB,2011-05-09,12.7,12.9,12.7,12.9
LCNB,2011-05-10,12.9,12.9,12.32,12.5
LCNB,2011-05-11,12.5,12.5,12.5,12.5
LCNB,2011-05-12,12.5,12.5,12.5,12.5
LCNB,2011-05-13,12.58,12.58,12.58,12.58
LCNB,2011-05-16,12.75,12.75,12.55,12.55
LCNB,2011-05-17,12.55,12.55,12.55,12.55
LCNB,2011-05-18,12.55,12.55,12.55,12.55
LCNB,2011-05-19,12.75,12.75,12.55,12.6
LCNB,2011-05-20,12.6,12.85,12.55,12.85
LCNB,2011-05-23,12.85,12.85,12.85,12.85
LCNB,2011-05-24,12.85,12.85,12.4,12.4
LCNB,2011-05-25,12.4,12.4,12.4,12.4
LCNB,2011-05-26,12.5,12.52,12.3,12.3
LCNB,2011-05-27,12.3,12.3,12.3,12.3
LCNB,2011-05-31,12.3,12.3,12.3,12.3
LCNB,2011-06-01,12.21,12.21,12.15,12.15
LCNB,2011-06-02,12.75,12.75,12.0,12.0
LCNB,2011-06-03,12.25,12.25,12.0,12.0
LCNB,2011-06-06,12.0,12.25,12.0,12.0
LCNB,2011-06-07,12.0,12.0,12.0,12.0
LCNB,2011-06-08,12.0,12.0,12.0,12.0
LCNB,2011-06-09,12.0,12.0,12.0,12.0
LCNB,2011-06-10,12.0,12.0,12.0,12.0
LCNB,2011-06-13,12.0,12.0,12.0,12.0
LCNB,2011-06-14,12.0,12.5,12.0,12.5
LCNB,2011-06-15,12.5,13.0,12.5,12.5
LCNB,2011-06-16,12.5,12.7,12.5,12.7
LCNB,2011-06-17,12.7,12.7,12.7,12.7
LCNB,2011-06-20,12.0,12.0,12.0,12.0
LCNB,2011-06-21,11.95,11.95,11.9,11.9
LCNB,2011-06-22,12.0,12.0,12.0,12.0
LCNB,2011-06-23,12.0,12.0,12.0,12.0
LCNB,2011-06-24,12.0,12.0,12.0,12.0
LCNB,2011-06-27,12.25,12.25,12.25,12.25
LCNB,2011-06-28,12.25,12.25,12.25,12.25
LCNB,2011-06-29,12.05,12.05,11.92,11.92
LCNB,2011-06-30,12.2,12.2,11.92,11.92
LCNB,2011-07-01,12.0,12.0,11.9,11.9
LCNB,2011-07-05,11.9,11.9,11.9,11.9
LCNB,2011-07-06,11.9,12.0,11.85,12.0
LCNB,2011-07-07,12.0,12.0,12.0,12.0
LCNB,2011-07-08,12.0,12.0,12.0,12.0
LCNB,2011-07-11,11.9,12.25,11.9,11.95
LCNB,2011-07-12,12.0,12.0,11.91,11.91
LCNB,2011-07-13,12.0,12.0,12.0,12.0
LCNB,2011-07-14,12.0,12.0,12.0,12.0
LCNB,2011-07-15,12.0,12.0,12.0,12.0
LCNB,2011-07-18,12.0,12.0,12.0,12.0
LCNB,2011-07-19,12.2,12.2,12.0,12.15
LCNB,2011-07-20,12.0,12.05,12.0,12.05
LCNB,2011-07-21,12.05,12.05,12.05,12.05
LCNB,2011-07-22,12.0,12.05,12.0,12.05
LCNB,2011-07-25,12.0,12.05,12.0,12.05
LCNB,2011-07-26,12.0,12.25,12.0,12.25
LCNB,2011-07-27,12.0,12.05,12.0,12.05
LCNB,2011-07-28,12.1,12.1,12.1,12.1
LCNB,2011-07-29,12.25,12.25,12.25,12.25
LCNB,2011-08-01,12.0,12.25,12.0,12.05
LCNB,2011-08-02,12.1,12.1,12.0,12.0
LCNB,2011-08-03,12.05,12.05,12.0,12.05
LCNB,2011-08-04,12.25,12.25,12.05,12.06
LCNB,2011-08-05,12.05,12.05,12.02,12.02
LCNB,2011-08-08,12.02,12.05,12.02,12.04
LCNB,2011-08-09,12.2,12.5,12.2,12.35
LCNB,2011-08-10,12.05,12.05,12.05,12.05
LCNB,2011-08-11,12.05,12.05,12.05,12.05
LCNB,2011-08-12,12.25,12.25,12.08,12.08
LCNB,2011-08-15,12.25,12.5,12.25,12.35
LCNB,2011-08-16,12.35,12.35,12.35,12.35
LCNB,2011-08-17,12.35,12.7,12.35,12.45
LCNB,2011-08-18,12.45,12.45,12.45,12.45
LCNB,2011-08-19,12.45,12.45,12.35,12.35
LCNB,2011-08-22,12.35,12.35,12.35,12.35
LCNB,2011-08-23,12.25,12.7,12.25,12.25
LCNB,2011-08-24,12.65,12.65,12.65,12.65
LCNB,2011-08-25,12.2,12.2,12.2,12.2
LCNB,2011-08-26,12.2,12.2,12.1,12.1
LCNB,2011-08-29,12.4,12.4,12.11,12.11
LCNB,2011-08-30,12.1,12.25,12.1,12.1
LCNB,2011-08-31,12.1,12.1,12.1,12.1
LCNB,2011-09-01,12.1,12.1,12.1,12.1
LCNB,2011-09-02,12.15,12.45,12.15,12.45
LCNB,2011-09-06,12.45,12.45,12.45,12.45
LCNB,2011-09-07,12.4,12.4,12.15,12.15
LCNB,2011-09-08,12.75,12.75,12.5,12.75
LCNB,2011-09-09,7.903,8.06018,7.903,8.03029
LCNB,2011-09-12,7.7435,8.84417,7.7435,8.84417
LCNB,2011-09-13,8.69345,8.69345,8.22576,8.59826
LCNB,2011-09-14,8.57937,8.59826,8.57937,8.59826
LCNB,2011-09-15,8.59278,8.99016,8.53501,8.94416
LCNB,2011-09-16,8.78699,8.78699,7.9784,7.9784
LCNB,2011-09-19,7.903,7.903,7.72586,7.82065
LCNB,2011-09-20,8.19981,8.211,7.72114,7.77601
LCNB,2011-09-21,7.76396,8.37927,7.76396,8.06018
LCNB,2011-09-22,8.17416,8.17416,8.03029,8.03029
LCNB,2011-09-23,8.2058,8.54041,8.2058,8.50916
LCNB,2011-09-26,8.50125,8.50125,8.50125,8.50125
LCNB,2011-09-27,8.59826,8.59826,8.21794,8.21794
LCNB,2011-09-28,13.0,13.0,13.0,13.0
LCNB,2011-09-29,8.40647,8.40647,8.40647,8.40647
LCNB,2011-09-30,8.38101,8.44456,8.38101,8.44456
LCNB,2011-10-03,8.5163,8.5163,8.5163,8.5163
LCNB,2011-10-04,8.37927,8.37927,8.22576,8.22576
LCNB,2011-10-05,8.33183,8.33183,7.903,7.91545
LCNB,2011-10-06,7.91545,8.10589,7.91545,7.93464
LCNB,2011-10-07,12.55,12.55,12.55,12.55
LCNB,2011-10-10,7.81419,7.93464,7.77137,7.79587
LCNB,2011-10-11,7.75729,7.92239,7.72586,7.76396
LCNB,2011-10-12,12.28,12.28,12.28,12.28
LCNB,2011-10-13,7.89075,7.89732,7.73145,7.77601
LCNB,2011-10-14,7.77601,8.06018,7.77601,8.06018
LCNB,2011-10-17,8.29008,8.56982,7.96665,8.49585
LCNB,2011-10-18,8.18767,8.18767,8.18767,8.18767
LCNB,2011-10-19,12.95,12.95,12.95,12.95
LCNB,2011-10-20,8.06018,8.21794,8.04909,8.21794
LCNB,2011-10-21,8.21794,8.21794,7.75083,7.83377
LCNB,2011-10-24,7.82817,7.83377,7.82817,7.83377
LCNB,2011-10-25,12.39,12.39,12.39,12.39
LCNB,2011-10-26,7.903,8.28294,7.89732,8.21794
LCNB,2011-10-27,8.21794,8.21794,8.15632,8.15632
LCNB,2011-10-28,7.903,7.903,7.85768,7.903
LCNB,2011-10-31,8.21457,8.21457,7.93714,8.1246
LCNB,2011-11-01,8.18767,8.21794,8.18767,8.21794
LCNB,2011-11-02,12.75,12.75,12.75,12.75
LCNB,2011-11-03,8.05845,8.05845,7.93637,8.04677
LCNB,2011-11-04,7.92373,8.21794,7.92373,8.21794
LCNB,2011-11-07,13.0,13.0,13.0,13.0
LCNB,2011-11-08,8.6299,8.6299,8.6299,8.6299
LCNB,2011-11-09,8.44456,8.62807,8.38198,8.38198
LCNB,2011-11-10,8.66143,8.66143,8.66143,8.66143
LCNB,2011-11-11,8.47532,8.47532,8.47532,8.47532
LCNB,2011-11-14,13.15,13.15,13.15,13.15
LCNB,2011-11-15,8.21794,8.21794,8.211,8.211
LCNB,2011-11-16,8.22576,8.37927,8.21794,8.21794
LCNB,2011-11-17,8.21794,8.37927,8.21794,8.21794
LCNB,2011-11-18,8.2379,8.2379,8.05845,8.05845
LCNB,2011-11-21,8.05845,8.44456,8.05845,8.44456
LCNB,2011-11-22,8.33347,8.33347,8.21794,8.24986
LCNB,2011-11-23,8.31274,8.31274,8.31274,8.31274
LCNB,2011-11-25,13.15,13.15,13.15,13.15
LCNB,2011-11-28,8.22576,8.22576,8.22576,8.22576
LCNB,2011-11-29,8.16114,8.16808,8.16114,8.16114
LCNB,2011-11-30,8.19384,8.25941,8.15449,8.23877
LCNB,2011-12-01,8.31274,8.32055,8.31274,8.32055
LCNB,2011-12-02,8.32055,8.64243,8.32055,8.32055
LCNB,2011-12-05,13.0,13.0,13.0,13.0
LCNB,2011-12-06,13.0,13.0,13.0,13.0
LCNB,2011-12-07,13.0,13.0,13.0,13.0
LCNB,2011-12-08,8.57656,8.57656,8.57656,8.57656
LCNB,2011-12-09,8.56712,8.57656,8.56712,8.57656
LCNB,2011-12-12,8.47532,8.57656,8.45054,8.45054
LCNB,2011-12-13,8.38449,8.45054,8.32055,8.32055
LCNB,2011-12-14,8.25758,8.25758,8.16114,8.16114
LCNB,2011-12-15,8.16114,8.16114,8.16114,8.16114
LCNB,2011-12-16,8.10502,8.31274,8.10502,8.31274
LCNB,2011-12-19,8.30667,8.30667,8.25758,8.25758
LCNB,2011-12-20,8.16808,8.25758,8.16808,8.25758
LCNB,2011-12-21,8.32055,8.32055,8.32055,8.32055
LCNB,2011-12-22,8.16808,8.16808,8.16114,8.16114
LCNB,2011-12-23,8.15632,8.16114,8.15632,8.16114
LCNB,2011-12-27,8.16114,8.16114,8.07715,8.12875
LCNB,2011-12-28,8.12191,8.16114,8.00097,8.02691
LCNB,2011-12-29,8.0194,8.16114,8.0194,8.16114
LCNB,2011-12-30,8.29085,8.29085,8.2784,8.29085
LCNB,2012-01-03,8.27223,8.27223,8.01361,8.19384
LCNB,2012-01-04,12.8,12.8,12.8,12.8
LCNB,2012-01-05,8.30667,8.30667,8.16114,8.16114
LCNB,2012-01-06,8.30117,8.30667,7.89992,8.2784
LCNB,2012-01-09,12.93,12.93,12.93,12.93
LCNB,2012-01-10,8.08372,8.29085,8.00097,8.2326
LCNB,2012-01-11,8.29085,8.29085,8.29085,8.29085
LCNB,2012-01-12,8.12875,8.2784,8.0974,8.2784
LCNB,2012-01-13,12.93,12.93,12.93,12.93
LCNB,2012-01-17,8.18439,8.24128,8.06694,8.08641
LCNB,2012-01-18,8.09153,8.09153,8.08372,8.08372
LCNB,2012-01-19,12.63,12.63,12.63,12.63
LCNB,2012-01-20,8.24986,8.24986,8.03482,8.06453
LCNB,2012-01-23,12.6,12.6,12.6,12.6
LCNB,2012-01-24,8.08372,8.08372,8.06453,8.08372
LCNB,2012-01-25,8.0974,8.0974,8.0974,8.0974
LCNB,2012-01-26,8.06453,8.06453,8.06453,8.06453
LCNB,2012-01-27,8.25758,8.25758,8.06453,8.25758
LCNB,2012-01-30,8.06453,8.16114,8.06453,8.16114
LCNB,2012-01-31,12.75,12.75,12.75,12.75
LCNB,2012-02-01,8.16114,8.16114,8.12875,8.12875
LCNB,2012-02-02,12.7,12.7,12.7,12.7
LCNB,2012-02-03,8.12875,8.15025,8.06453,8.07127
LCNB,2012-02-06,8.0974,8.0974,8.03983,8.03983
LCNB,2012-02-07,8.06694,8.15786,8.04841,8.15786
LCNB,2012-02-08,8.16481,8.16481,8.15266,8.15266
LCNB,2012-02-09,8.06694,8.16481,8.05518,8.16481
LCNB,2012-02-10,8.07976,8.25584,8.06694,8.06694
LCNB,2012-02-13,8.06453,8.06453,8.06453,8.06453
LCNB,2012-02-14,8.22576,8.22576,8.06453,8.06453
LCNB,2012-02-15,12.6,12.6,12.6,12.6
LCNB,2012-02-16,8.16808,8.16808,8.13569,8.13569
LCNB,2012-02-17,8.27581,8.27581,8.27581,8.27581
LCNB,2012-02-21,8.28921,8.31958,8.28921,8.31958
LCNB,2012-02-22,8.25584,8.25584,8.17745,8.17745
LCNB,2012-02-23,8.19133,8.19133,8.02952,8.06694
LCNB,2012-02-24,8.28921,8.28921,8.13907,8.13907
LCNB,2012-02-27,8.06694,8.47629,8.06694,8.42238
LCNB,2012-02-28,13.16,13.16,13.16,13.16
LCNB,2012-02-29,13.16,13.16,13.16,13.16
LCNB,2012-03-01,13.16,13.16,13.16,13.16
LCNB,2012-03-02,8.17745,8.17745,8.10001,8.16481
LCNB,2012-03-05,8.42238,8.45681,8.42238,8.43039
LCNB,2012-03-06,8.19809,8.31958,7.99683,7.99683
LCNB,2012-03-07,12.5,12.5,12.5,12.5
LCNB,2012-03-08,8.20859,8.20859,8.16481,8.16481
LCNB,2012-03-09,8.23096,8.23096,8.23096,8.23096
LCNB,2012-03-12,8.03579,8.26278,8.03579,8.26278
LCNB,2012-03-13,12.75,12.75,12.75,12.75
LCNB,2012-03-14,12.75,12.75,12.75,12.75
LCNB,2012-03-15,8.23096,8.23096,8.19809,8.19809
LCNB,2012-03-16,8.23096,8.36048,8.23096,8.36048
LCNB,2012-03-19,12.9,12.9,12.9,12.9
LCNB,2012-03-20,8.23096,8.23096,7.99683,8.10001
LCNB,2012-03-21,8.29422,8.29422,8.19809,8.19809
LCNB,2012-03-22,8.3248,8.38101,8.3248,8.36048
LCNB,2012-03-23,8.5136,8.52074,8.36048,8.36048
LCNB,2012-03-26,8.52074,8.52074,8.48342,8.48342
LCNB,2012-03-27,8.52074,8.52074,8.52074,8.52074
LCNB,2012-03-28,8.48342,8.68245,8.48342,8.68245
LCNB,2012-03-29,8.47629,8.70704,8.20232,8.70704
LCNB,2012-03-30,8.55372,8.58564,8.42238,8.58564
LCNB,2012-04-02,8.42238,8.42238,8.42238,8.42238
LCNB,2012-04-03,13.0,13.0,13.0,13.0
LCNB,2012-04-04,8.3248,8.68245,8.3248,8.68245
LCNB,2012-04-05,8.30493,8.58564,8.29422,8.58564
LCNB,2012-04-09,8.42238,8.57937,8.42238,8.57937
LCNB,2012-04-10,13.24,13.24,13.24,13.24
LCNB,2012-04-11,13.24,13.24,13.24,13.24
LCNB,2012-04-12,8.57425,8.58564,8.57425,8.58564
LCNB,2012-04-13,13.25,13.25,13.25,13.25
LCNB,2012-04-16,8.6704,8.68245,8.58564,8.68245
LCNB,2012-04-17,8.4436,8.71813,8.4436,8.71813
LCNB,2012-04-18,8.74716,8.76105,8.74716,8.74716
LCNB,2012-04-19,8.47002,8.47002,8.47002,8.47002
LCNB,2012-04-20,8.67676,8.68245,8.67676,8.68245
LCNB,2012-04-23,9.38852,9.38852,8.68245,8.68245
LCNB,2012-04-24,8.52074,8.58564,8.52074,8.52074
LCNB,2012-04-25,8.58564,8.58564,8.58564,8.58564
LCNB,2012-04-26,8.56181,8.56181,8.55372,8.55372
LCNB,2012-04-27,8.68245,8.68245,8.6704,8.6704
LCNB,2012-04-30,8.83134,8.83134,8.6704,8.6704
LCNB,2012-05-01,13.38,13.38,13.38,13.38
LCNB,2012-05-02,13.38,13.38,13.38,13.38
LCNB,2012-05-03,8.68524,8.68524,8.65334,8.65334
LCNB,2012-05-04,8.63809,8.63809,8.63809,8.63809
LCNB,2012-05-07,8.68245,8.68245,8.66326,8.68245
LCNB,2012-05-08,13.4,13.4,13.4,13.4
LCNB,2012-05-09,8.58651,8.68524,8.58651,8.6325
LCNB,2012-05-10,8.619,9.35478,8.619,8.89644
LCNB,2012-05-11,9.36055,9.36055,9.36055,9.36055
LCNB,2012-05-14,9.03365,9.03365,8.83134,9.01948
LCNB,2012-05-15,13.92,13.92,13.92,13.92
LCNB,2012-05-16,8.81283,8.81283,8.81283,8.81283
LCNB,2012-05-17,8.94128,8.94128,8.94128,8.94128
LCNB,2012-05-18,8.946,8.97512,8.58651,8.619
LCNB,2012-05-21,8.58564,8.58564,8.58564,8.58564
LCNB,2012-05-22,8.946,8.97512,8.946,8.97512
LCNB,2012-05-23,8.88159,8.88159,8.52074,8.52074
LCNB,2012-05-24,8.74369,8.74369,8.74369,8.74369
LCNB,2012-05-25,13.49,13.49,13.49,13.49
LCNB,2012-05-29,8.52074,8.52074,8.52074,8.52074
LCNB,2012-05-30,8.56278,8.56278,8.56278,8.56278
LCNB,2012-05-31,8.56278,8.77657,8.56278,8.77657
LCNB,2012-06-01,8.59278,8.59278,8.54041,8.54041
LCNB,2012-06-04,13.02,13.02,13.02,13.02
LCNB,2012-06-05,8.59278,8.77657,8.59278,8.69884
LCNB,2012-06-06,8.63964,8.63964,8.52788,8.52788
LCNB,2012-06-07,8.75825,8.76279,8.75825,8.76279
LCNB,2012-06-08,13.36,13.36,13.36,13.36
LCNB,2012-06-11,8.77657,8.77657,8.77657,8.77657
LCNB,2012-06-12,8.77657,8.77657,8.77657,8.77657
LCNB,2012-06-13,8.65961,8.65961,8.65961,8.65961
LCNB,2012-06-14,13.2,13.2,13.2,13.2
LCNB,2012-06-15,8.65961,8.7701,8.57425,8.65961
LCNB,2012-06-18,8.75825,8.75825,8.58024,8.58024
LCNB,2012-06-19,13.08,13.08,13.08,13.08
LCNB,2012-06-20,13.08,13.08,13.08,13.08
LCNB,2012-06-21,8.69066,8.7244,8.69066,8.7244
LCNB,2012-06-22,8.75825,8.77657,8.7244,8.7244
LCNB,2012-06-25,8.69066,8.69884,8.69066,8.69066
LCNB,2012-06-26,13.25,13.25,13.25,13.25
LCNB,2012-06-27,8.69066,8.69066,8.69066,8.69066
LCNB,2012-06-28,8.69066,8.7244,8.69066,8.7244
LCNB,2012-06-29,8.78872,8.78872,8.69066,8.74369
LCNB,2012-07-02,8.74369,8.78872,8.74369,8.78872
LCNB,2012-07-03,8.74369,8.78872,8.74369,8.78872
LCNB,2012-07-05,13.4,13.4,13.4,13.4
LCNB,2012-07-06,8.78312,8.82479,8.7701,8.82479
LCNB,2012-07-09,8.75825,8.82479,8.69066,8.69066
LCNB,2012-07-10,8.70261,8.70261,8.69066,8.69066
LCNB,2012-07-11,8.82479,8.95439,8.69066,8.70261
LCNB,2012-07-12,8.78872,8.78872,8.78872,8.78872
LCNB,2012-07-13,8.80897,8.82479,8.7244,8.7244
LCNB,2012-07-16,9.01851,9.01851,8.82479,8.98738
LCNB,2012-07-17,8.93934,8.93934,8.93934,8.93934
LCNB,2012-07-18,8.97512,8.97512,8.97512,8.97512
LCNB,2012-07-19,13.68,13.68,13.68,13.68
LCNB,2012-07-20,8.84138,8.84889,8.84138,8.84889
LCNB,2012-07-23,8.70261,8.70261,8.70261,8.70261
LCNB,2012-07-24,8.84138,8.84138,8.84138,8.84138
LCNB,2012-07-25,8.82479,8.84138,8.82479,8.84138
LCNB,2012-07-26,8.69066,8.84138,8.69066,8.69066
LCNB,2012-07-27,8.69066,8.77657,8.62893,8.62893
LCNB,2012-07-30,8.68524,8.68524,8.52788,8.59278
LCNB,2012-07-31,13.1,13.1,13.1,13.1
LCNB,2012-08-01,8.58651,8.65961,8.58651,8.65961
LCNB,2012-08-02,13.2,13.2,13.2,13.2
LCNB,2012-08-03,8.65961,8.65961,8.65961,8.65961
LCNB,2012-08-06,8.59278,8.59278,8.52788,8.52788
LCNB,2012-08-07,8.52788,8.58651,8.52788,8.56278
LCNB,2012-08-08,8.55652,8.55652,8.55652,8.55652
LCNB,2012-08-09,8.56278,8.56278,8.55739,8.55739
LCNB,2012-08-10,8.56278,8.56278,8.54658,8.56278
LCNB,2012-08-13,8.52788,8.52788,8.42054,8.42054
LCNB,2012-08-14,8.49394,8.49394,8.49394,8.49394
LCNB,2012-08-15,8.63964,8.69066,8.63964,8.69066
LCNB,2012-08-16,8.75825,8.78872,8.75825,8.78872
LCNB,2012-08-17,13.4,13.4,13.4,13.4
LCNB,2012-08-20,8.84138,8.84138,8.79334,8.79334
LCNB,2012-08-21,8.84138,8.84138,8.84138,8.84138
LCNB,2012-08-22,8.84138,8.84138,8.69066,8.84138
LCNB,2012-08-23,8.82942,8.82942,8.7244,8.7244
LCNB,2012-08-24,8.7701,8.77657,8.7701,8.77657
LCNB,2012-08-27,8.77657,8.85622,8.77657,8.85622
LCNB,2012-08-28,8.69066,8.85622,8.69066,8.85622
LCNB,2012-08-29,8.95439,8.95439,8.69066,8.93934
LCNB,2012-08-30,13.63,13.63,13.63,13.63
LCNB,2012-08-31,8.81466,8.81466,8.68969,8.68969
LCNB,2012-09-04,9.02701,9.02701,9.02701,9.02701
LCNB,2012-09-05,8.72064,8.72064,8.70608,8.70608
LCNB,2012-09-06,8.70608,8.70608,8.70608,8.70608
LCNB,2012-09-07,8.90868,8.99402,8.69509,8.69606
LCNB,2012-09-10,8.69509,8.69509,8.68872,8.68872
LCNB,2012-09-11,8.68872,8.68872,8.68872,8.68872
LCNB,2012-09-12,8.80723,8.82305,8.80723,8.80723
LCNB,2012-09-13,8.80723,8.82305,8.7298,8.7298
LCNB,2012-09-14,8.75545,9.06229,8.75545,9.06229
LCNB,2012-09-17,8.74273,8.74273,8.74273,8.74273
LCNB,2012-09-18,8.68872,8.96181,8.68872,8.72064
LCNB,2012-09-19,8.68872,8.74273,8.68872,8.74273
LCNB,2012-09-20,8.74813,8.82942,8.73636,8.82942
LCNB,2012-09-21,8.69509,8.89547,8.69509,8.89547
LCNB,2012-09-24,8.89547,8.89547,8.68872,8.81466
LCNB,2012-09-25,8.76192,8.76192,8.7298,8.7298
LCNB,2012-09-26,8.68872,8.96181,8.68872,8.70608
LCNB,2012-09-27,8.7298,8.7298,8.70608,8.70608
LCNB,2012-09-28,8.71524,8.89547,8.68872,8.89547
LCNB,2012-10-01,8.70068,8.70068,8.70068,8.70068
LCNB,2012-10-02,8.70608,8.70608,8.70608,8.70608
LCNB,2012-10-03,8.72064,8.72064,8.69509,8.69509
LCNB,2012-10-04,8.72064,8.89547,8.69509,8.74813
LCNB,2012-10-05,8.89547,8.89547,8.69509,8.69509
LCNB,2012-10-08,8.69606,8.69606,8.69606,8.69606
LCNB,2012-10-09,8.89547,8.89547,8.89547,8.89547
LCNB,2012-10-10,8.76192,8.99962,8.75545,8.96181
LCNB,2012-10-11,9.41263,9.41842,9.16287,9.22652
LCNB,2012-10-12,9.03935,9.03935,9.03935,9.03935
LCNB,2012-10-15,13.62,13.62,13.62,13.62
LCNB,2012-10-16,8.98168,8.98168,8.98168,8.98168
LCNB,2012-10-17,9.35864,9.35864,9.35187,9.35187
LCNB,2012-10-18,9.12719,9.23423,9.06229,9.22073
LCNB,2012-10-19,9.02701,9.06229,9.02701,9.02701
LCNB,2012-10-22,9.16674,9.19951,9.06809,9.19277
LCNB,2012-10-23,9.05535,9.18505,9.05535,9.18505
LCNB,2012-10-24,9.19277,9.35864,9.18505,9.2786
LCNB,2012-10-25,9.22652,9.29112,9.02701,9.29112
LCNB,2012-10-26,9.16287,9.16287,8.96181,9.12719
LCNB,2012-10-31,9.11292,9.11292,9.11292,9.11292
LCNB,2012-11-01,9.02701,9.02701,9.02701,9.02701
LCNB,2012-11-02,9.12237,9.12237,8.96741,8.96741
LCNB,2012-11-05,8.97512,9.12719,8.96181,8.96181
LCNB,2012-11-06,8.97512,9.0919,8.96181,9.0785
LCNB,2012-11-07,8.99962,9.0919,8.99962,9.08621
LCNB,2012-11-08,13.69,13.69,13.69,13.69
LCNB,2012-11-09,9.0785,9.0919,9.0785,9.0919
LCNB,2012-11-12,9.0919,9.0919,9.08621,9.0919
LCNB,2012-11-13,9.0919,9.0919,8.96181,8.96181
LCNB,2012-11-14,9.06229,9.06229,9.06229,9.06229
LCNB,2012-11-15,9.02701,9.06229,9.02701,9.06229
LCNB,2012-11-16,9.06229,9.35864,9.06229,9.19951
LCNB,2012-11-19,9.22652,9.35864,9.12054,9.35864
LCNB,2012-11-20,9.12719,9.35864,9.12719,9.34513
LCNB,2012-11-21,9.33934,9.55824,9.33259,9.55824
LCNB,2012-11-23,9.1434,9.3297,9.1434,9.2834
LCNB,2012-11-26,9.37502,9.41263,9.2786,9.31428
LCNB,2012-11-27,9.43963,9.55824,9.43963,9.54474
LCNB,2012-11-28,9.12719,9.12719,9.12719,9.12719
LCNB,2012-11-29,13.75,13.75,13.75,13.75
LCNB,2012-11-30,9.6701,9.6701,9.40491,9.40491
LCNB,2012-12-03,9.40491,9.60259,9.40491,9.40491
LCNB,2012-12-04,9.46856,9.46856,9.40491,9.40491
LCNB,2012-12-05,9.40491,9.40491,9.2728,9.2728
LCNB,2012-12-06,9.46085,9.46856,9.46085,9.46856
LCNB,2012-12-07,9.34223,9.46856,9.33548,9.46856
LCNB,2012-12-10,9.29595,9.53509,9.29595,9.40491
LCNB,2012-12-11,9.40491,9.53509,9.40491,9.50424
LCNB,2012-12-12,9.73278,9.73278,9.57077,9.57077
LCNB,2012-12-13,9.5187,9.52063,9.5187,9.52063
LCNB,2012-12-14,9.46085,9.46856,9.42227,9.46856
LCNB,2012-12-17,9.49652,9.49652,9.31234,9.36731
LCNB,2012-12-18,9.46085,9.46085,9.31523,9.38755
LCNB,2012-12-19,13.98,13.98,13.98,13.98
LCNB,2012-12-20,9.36152,9.36731,9.14725,9.15583
LCNB,2012-12-21,9.16287,9.36731,9.15583,9.15583
LCNB,2012-12-24,9.16769,9.26123,9.16769,9.24195
LCNB,2012-12-26,9.34223,9.36731,9.15198,9.18602
LCNB,2012-12-27,9.30077,9.30077,9.28631,9.29305
LCNB,2012-12-28,9.28052,9.30077,9.13288,9.13288
LCNB,2012-12-31,9.16962,9.29305,9.14725,9.20145
LCNB,2013-01-02,9.30077,9.30077,9.23616,9.23616
LCNB,2013-01-03,9.23616,9.30077,9.23616,9.30077
LCNB,2013-01-04,13.85,13.85,13.85,13.85
LCNB,2013-01-07,9.30077,9.30077,9.16769,9.1783
LCNB,2013-01-08,9.29305,9.30077,9.16769,9.30077
LCNB,2013-01-09,13.85,13.85,13.85,13.85
LCNB,2013-01-10,13.85,13.85,13.85,13.85
LCNB,2013-01-11,9.23616,9.33645,9.23616,9.33645
LCNB,2013-01-14,9.35573,9.53509,9.30077,9.30077
LCNB,2013-01-15,9.35573,9.36731,9.34223,9.36731
LCNB,2013-01-16,9.31523,9.38466,9.30077,9.36345
LCNB,2013-01-17,9.33645,9.33645,9.33645,9.33645
LCNB,2013-01-18,9.40491,9.40491,9.40491,9.40491
LCNB,2013-01-22,9.73278,9.73278,9.33645,9.50809
LCNB,2013-01-23,9.33645,9.57077,9.33645,9.57077
LCNB,2013-01-24,9.50424,9.73278,9.50424,9.51581
LCNB,2013-01-25,9.50424,9.50424,9.47627,9.50424
LCNB,2013-01-28,9.40491,9.47627,9.40491,9.43482
LCNB,2013-01-29,9.73278,9.91891,9.43482,9.63924
LCNB,2013-01-30,9.74917,9.80796,9.74917,9.80796
LCNB,2013-01-31,9.75785,9.76842,9.73953,9.76842
LCNB,2013-02-01,9.77038,9.77711,9.57077,9.57077
LCNB,2013-02-04,14.58,14.58,14.58,14.58
LCNB,2013-02-05,9.89193,9.89865,9.80796,9.83111
LCNB,2013-02-06,9.87261,10.0162,9.87261,10.0162
LCNB,2013-02-07,14.92,14.92,14.92,14.92
LCNB,2013-02-08,9.99998,9.99998,9.73953,9.88413
LCNB,2013-02-11,9.73953,9.89865,9.73953,9.74339
LCNB,2013-02-12,14.51,14.51,14.51,14.51
LCNB,2013-02-13,9.74339,9.83697,9.74339,9.83697
LCNB,2013-02-14,14.65,14.65,14.65,14.65
LCNB,2013-02-15,9.83697,10.1522,9.83697,10.1522
LCNB,2013-02-19,10.0336,10.0751,9.74917,10.0664
LCNB,2013-02-20,10.1676,10.1763,10.1609,10.1763
LCNB,2013-02-21,11.1639,11.1803,10.4859,10.4859
LCNB,2013-02-22,10.7646,10.9941,10.7463,10.7463
LCNB,2013-02-25,10.888,10.9247,10.7887,10.9247
LCNB,2013-02-26,10.7463,10.7463,10.6431,10.672
LCNB,2013-02-27,10.6663,10.8552,9.72989,10.8552
LCNB,2013-02-28,10.6122,10.6865,10.5139,10.6865
LCNB,2013-03-01,10.6894,10.8552,10.6865,10.8552
LCNB,2013-03-04,10.7588,10.7857,10.7588,10.7857
LCNB,2013-03-05,10.6219,10.8552,10.6219,10.8552
LCNB,2013-03-06,10.6055,10.8552,10.1329,10.5361
LCNB,2013-03-07,10.8552,10.8552,10.8552,10.8552
LCNB,2013-03-08,10.8552,10.8552,10.7857,10.8552
LCNB,2013-03-11,16.0,16.0,16.0,16.0
LCNB,2013-03-12,10.3461,10.8244,10.3461,10.8244
LCNB,2013-03-13,10.7857,10.8331,10.7588,10.8331
LCNB,2013-03-14,15.97,15.97,15.97,15.97
LCNB,2013-03-15,10.5139,10.8552,10.509,10.5284
LCNB,2013-03-18,10.7308,10.7857,10.7308,10.7857
LCNB,2013-03-19,10.6894,11.0163,10.6894,10.9613
LCNB,2013-03-20,10.9613,10.9903,10.5071,10.9806
LCNB,2013-03-21,10.5554,10.9844,10.5207,10.9844
LCNB,2013-03-22,11.0221,11.0221,10.8678,11.0027
LCNB,2013-03-25,10.862,11.0221,10.6894,11.0027
LCNB,2013-03-26,10.7116,11.0221,10.5207,10.8552
LCNB,2013-03-27,10.8552,12.8553,10.8071,10.9199
LCNB,2013-03-28,11.1706,11.5331,11.1706,11.3085
LCNB,2013-04-01,11.0597,11.5331,11.0221,11.3152
LCNB,2013-04-02,11.4926,11.5254,11.3886,11.4271
LCNB,2013-04-03,11.1263,11.7627,11.1263,11.3306
LCNB,2013-04-04,11.4386,11.4454,11.2612,11.4454
LCNB,2013-04-05,11.2081,11.4647,11.2081,11.4647
LCNB,2013-04-08,11.4454,11.6016,11.2998,11.6016
LCNB,2013-04-09,11.593,11.6016,11.3808,11.5331
LCNB,2013-04-10,11.6074,11.6894,11.4319,11.6363
LCNB,2013-04-11,11.6016,11.6325,11.4386,11.6325
LCNB,2013-04-12,11.5254,11.9276,11.4454,11.9276
LCNB,2013-04-15,11.5197,12.1021,11.5197,11.6016
LCNB,2013-04-16,11.8436,12.1021,11.6016,11.8726
LCNB,2013-04-17,11.859,11.8726,11.6132,11.8476
LCNB,2013-04-18,11.8436,11.9073,11.8389,11.8658
LCNB,2013-04-19,11.9073,11.9073,11.9073,11.9073
LCNB,2013-04-22,12.0886,12.1107,11.9073,12.1107
LCNB,2013-04-23,11.8436,12.646,11.7385,11.8794
LCNB,2013-04-24,12.0828,12.5776,11.7385,12.5776
LCNB,2013-04-25,12.4435,12.4435,11.9941,12.0558
LCNB,2013-04-26,12.0115,12.0115,11.7385,11.7385
LCNB,2013-04-29,11.6701,12.322,11.6074,12.1976
LCNB,2013-04-30,12.1367,12.1889,12.049,12.1889
LCNB,2013-05-01,12.0828,12.0828,12.0356,12.0356
LCNB,2013-05-02,11.9304,12.0742,11.7462,12.0153
LCNB,2013-05-03,11.9478,12.2053,11.9478,12.2053
LCNB,2013-05-06,12.1223,12.1367,11.9391,12.1223
LCNB,2013-05-07,12.1223,12.1773,12.0413,12.1107
LCNB,2013-05-08,12.1773,12.4328,12.0066,12.4328
LCNB,2013-05-09,12.3856,12.5505,12.2111,12.4367
LCNB,2013-05-10,12.2111,12.5428,12.0742,12.4821
LCNB,2013-05-13,12.0742,12.5505,12.0626,12.5505
LCNB,2013-05-14,12.5245,12.5505,12.2449,12.5505
LCNB,2013-05-15,12.3788,12.646,12.2449,12.646
LCNB,2013-05-16,13.0192,13.0384,12.5621,12.8003
LCNB,2013-05-17,12.7935,12.7935,12.5505,12.646
LCNB,2013-05-20,12.509,12.8677,12.509,12.5505
LCNB,2013-05-21,12.5428,12.8803,12.4474,12.727
LCNB,2013-05-22,12.8427,12.888,12.3856,12.7202
LCNB,2013-05-23,12.5977,12.8735,12.3856,12.5428
LCNB,2013-05-24,12.3788,12.7462,12.3788,12.7202
LCNB,2013-05-28,12.888,12.888,12.5176,12.5707
LCNB,2013-05-29,12.5505,12.753,12.5505,12.6584
LCNB,2013-05-30,12.646,12.9806,12.6084,12.9806
LCNB,2013-05-31,12.8436,13.1657,12.5495,12.7616
LCNB,2013-06-03,12.9662,12.9662,12.6258,12.7279
LCNB,2013-06-04,12.7279,12.9594,12.377,12.59
LCNB,2013-06-05,12.59,12.6171,12.377,12.5418
LCNB,2013-06-06,12.4464,12.4464,12.3653,12.3847
LCNB,2013-06-07,12.3711,12.7279,12.3422,12.5303
LCNB,2013-06-10,12.2959,12.8986,12.2825,12.59
LCNB,2013-06-11,12.59,12.915,12.4531,12.6392
LCNB,2013-06-12,12.6584,12.997,12.5843,12.9883
LCNB,2013-06-13,12.3711,13.0664,12.3586,13.0336
LCNB,2013-06-14,12.8986,13.0336,12.5303,12.7539
LCNB,2013-06-17,12.7135,13.1735,12.7135,13.0847
LCNB,2013-06-18,12.9508,13.1657,12.89,13.0249
LCNB,2013-06-19,12.89,13.0703,12.7887,13.0229
LCNB,2013-06-20,13.0539,13.0539,12.7405,13.0539
LCNB,2013-06-21,13.0539,13.5842,13.0539,13.3712
LCNB,2013-06-24,13.2303,15.0259,13.0703,14.8138
LCNB,2013-06-25,14.6643,15.2438,13.4801,14.5388
LCNB,2013-06-26,14.5388,14.7617,14.157,14.3682
LCNB,2013-06-27,13.8899,14.7019,13.8755,14.3277
LCNB,2013-06-28,14.3548,15.5196,13.9593,15.2998
LCNB,2013-07-01,15.2593,15.5649,14.8755,15.5524
LCNB,2013-07-02,15.4984,16.2458,15.4984,16.0142
LCNB,2013-07-03,15.8899,15.8899,15.1012,15.3556
LCNB,2013-07-05,15.7385,15.7385,14.8956,15.3393
LCNB,2013-07-08,15.4907,16.2399,15.2593,15.779
LCNB,2013-07-09,15.6025,18.9197,15.4502,17.9978
LCNB,2013-07-10,17.9275,17.9275,16.0741,16.7356
LCNB,2013-07-11,16.4309,16.4367,15.0712,15.7993
LCNB,2013-07-12,15.6286,15.6286,14.7906,15.1715
LCNB,2013-07-15,15.0876,15.5948,15.0876,15.2825
LCNB,2013-07-16,15.3952,15.3952,14.6797,14.7732
LCNB,2013-07-17,14.9497,14.9497,14.6594,14.7337
LCNB,2013-07-18,14.7675,14.7675,14.5602,14.672
LCNB,2013-07-19,14.5958,14.5958,14.3277,14.5775
LCNB,2013-07-22,14.2178,14.6594,14.1985,14.5264
LCNB,2013-07-23,14.4868,14.8138,14.133,14.7019
LCNB,2013-07-24,14.7019,14.861,14.3027,14.3682
LCNB,2013-07-25,14.6903,14.7019,14.5602,14.6961
LCNB,2013-07-26,14.6517,14.6643,14.3682,14.4657
LCNB,2013-07-29,14.507,15.237,14.507,14.6643
LCNB,2013-07-30,14.726,14.7675,14.2477,14.6343
LCNB,2013-07-31,14.5958,14.971,14.5311,14.9497
LCNB,2013-08-01,14.8061,14.9197,14.0278,14.7096
LCNB,2013-08-02,14.6643,14.9874,14.4734,14.6845
LCNB,2013-08-05,14.7617,14.8436,14.3682,14.8138
LCNB,2013-08-06,15.1715,15.1715,14.4174,14.4734
LCNB,2013-08-07,14.3769,14.7019,14.3769,14.5206
LCNB,2013-08-08,14.5129,14.6797,14.3769,14.6797
LCNB,2013-08-09,14.7183,14.8128,14.4251,14.5311
LCNB,2013-08-12,14.5602,14.7096,14.3682,14.6228
LCNB,2013-08-13,14.672,14.6797,14.3769,14.6343
LCNB,2013-08-14,14.4503,14.6073,14.3769,14.5311
LCNB,2013-08-15,14.4993,14.4993,13.7212,13.7733
LCNB,2013-08-16,13.6912,13.7203,13.5003,13.5147
LCNB,2013-08-19,13.7126,13.7126,13.239,13.3489
LCNB,2013-08-20,13.4289,13.7203,12.9662,13.4946
LCNB,2013-08-21,13.4521,14.0838,13.3075,13.5341
LCNB,2013-08-22,13.5948,13.9989,13.5948,13.9989
LCNB,2013-08-23,13.8166,14.102,13.6161,13.7665
LCNB,2013-08-26,13.9873,13.9873,13.3411,13.4521
LCNB,2013-08-27,13.4185,13.7877,13.0018,13.0144
LCNB,2013-08-28,13.0413,13.1233,12.8986,12.9217
LCNB,2013-08-29,13.0423,13.5823,13.0152,13.5823
LCNB,2013-08-30,13.5688,13.6025,12.9893,13.3451
LCNB,2013-09-03,13.3943,13.6971,13.3943,13.672
LCNB,2013-09-04,13.6633,13.7126,13.3325,13.6094
LCNB,2013-09-05,13.4175,14.0086,13.4175,13.8851
LCNB,2013-09-06,13.9266,14.3209,13.4859,14.0788
LCNB,2013-09-09,13.5283,13.94,12.7877,13.4289
LCNB,2013-09-10,13.4434,13.9082,13.1599,13.9005
LCNB,2013-09-11,13.8765,14.1484,13.4647,13.9198
LCNB,2013-09-12,14.0702,14.0702,13.5688,13.7203
LCNB,2013-09-13,13.7733,13.8011,13.5881,13.7877
LCNB,2013-09-16,14.052,14.4936,13.8919,14.4791
LCNB,2013-09-17,14.458,14.6903,14.0597,14.6903
LCNB,2013-09-18,14.6652,15.0095,14.2698,15.0018
LCNB,2013-09-19,14.9834,14.9834,14.3402,14.7617
LCNB,2013-09-20,14.7481,14.9767,13.995,14.052
LCNB,2013-09-23,14.0702,14.3268,13.4579,13.727
LCNB,2013-09-24,14.1338,14.1407,13.5881,14.0355
LCNB,2013-09-25,14.0848,14.0848,13.7126,13.9198
LCNB,2013-09-26,13.4993,14.0355,13.4993,13.8011
LCNB,2013-09-27,13.5765,13.6902,13.1137,13.3065
LCNB,2013-09-30,13.1763,13.6633,12.9381,13.2255
LCNB,2013-10-01,13.4705,13.7944,13.3325,13.6449
LCNB,2013-10-02,13.5321,13.7385,13.2573,13.2988
LCNB,2013-10-03,13.3248,13.4926,12.9063,13.0152
LCNB,2013-10-04,12.9816,13.5283,12.9594,13.4993
LCNB,2013-10-07,13.3615,13.672,13.0288,13.2082
LCNB,2013-10-08,13.4705,13.5621,12.6624,12.8012
LCNB,2013-10-09,12.864,13.0982,12.6624,12.7733
LCNB,2013-10-10,12.9594,13.1137,12.889,13.0924
LCNB,2013-10-11,12.9381,13.6971,12.538,13.6971
LCNB,2013-10-14,13.5621,13.7944,13.4289,13.7944
LCNB,2013-10-15,13.6218,13.8011,13.2255,13.7327
LCNB,2013-10-16,13.8224,13.8224,13.7066,13.8011
LCNB,2013-10-17,13.6971,13.8011,13.6276,13.6971
LCNB,2013-10-18,13.8301,14.2785,13.6276,14.2785
LCNB,2013-10-21,14.0644,14.2998,14.0644,14.1743
LCNB,2013-10-22,14.2447,14.4232,13.9757,14.1407
LCNB,2013-10-23,14.1407,14.1484,13.94,13.94
LCNB,2013-10-24,14.0702,14.0702,13.9131,14.0307
LCNB,2013-10-25,14.0982,14.3923,14.0788,14.1889
LCNB,2013-10-28,14.237,14.237,13.94,14.1821
LCNB,2013-10-29,14.0644,14.1484,13.9893,14.1484
LCNB,2013-10-30,14.1484,14.1484,13.8108,13.8176
LCNB,2013-10-31,13.7559,13.94,13.7066,13.9082
LCNB,2013-11-01,12.1136,12.3326,12.0066,12.0847
LCNB,2013-11-04,12.2372,12.2496,12.076,12.1136
LCNB,2013-11-05,12.3953,12.401,12.0645,12.2496
LCNB,2013-11-06,12.2496,12.3326,12.1136,12.2564
LCNB,2013-11-07,12.32,12.6768,12.076,12.159
LCNB,2013-11-08,12.159,12.4551,12.1464,12.2081
LCNB,2013-11-11,12.186,12.4087,12.0973,12.3528
LCNB,2013-11-12,12.2766,12.3953,12.2158,12.2902
LCNB,2013-11-13,12.3528,12.4087,12.2698,12.4087
LCNB,2013-11-14,12.4213,12.4213,12.2564,12.401
LCNB,2013-11-15,12.3606,12.3606,12.1523,12.2014
LCNB,2013-11-18,12.159,12.2766,12.076,12.0905
LCNB,2013-11-19,12.076,12.2158,12.076,12.105
LCNB,2013-11-20,12.1397,12.1812,12.076,12.0847
LCNB,2013-11-21,12.186,12.2372,12.076,12.1136
LCNB,2013-11-22,12.1464,12.2902,12.1176,12.1464
LCNB,2013-11-25,12.1136,12.4213,12.1136,12.2979
LCNB,2013-11-26,12.3326,12.3528,12.2225,12.2766
LCNB,2013-11-27,12.321,12.4444,12.321,12.3451
LCNB,2013-11-29,12.403,12.5341,12.373,12.5341
LCNB,2013-12-02,12.4926,12.5341,12.3335,12.4174
LCNB,2013-12-03,12.3673,12.6942,12.3335,12.6266
LCNB,2013-12-04,12.6392,12.673,12.3615,12.5341
LCNB,2013-12-05,12.3798,12.4569,12.2698,12.2698
LCNB,2013-12-06,12.3673,12.5341,12.2564,12.2631
LCNB,2013-12-09,12.2564,12.3875,12.2564,12.3335
LCNB,2013-12-10,12.2698,12.3374,12.2564,12.2698
LCNB,2013-12-11,12.3287,12.3798,12.2419,12.2979
LCNB,2013-12-12,12.5226,12.5226,12.2275,12.2564
LCNB,2013-12-13,12.2564,12.3615,12.2275,12.321
LCNB,2013-12-16,12.3615,12.5226,12.2225,12.3287
LCNB,2013-12-17,12.4637,12.5293,12.2496,12.3335
LCNB,2013-12-18,12.403,12.4849,12.2225,12.373
LCNB,2013-12-19,12.403,12.4107,12.1927,12.2631
LCNB,2013-12-20,12.3133,12.3615,12.1107,12.2225
LCNB,2013-12-23,12.2564,12.5149,12.103,12.2081
LCNB,2013-12-24,12.3451,12.3615,12.2081,12.2564
LCNB,2013-12-26,12.3046,12.3538,12.186,12.2275
LCNB,2013-12-27,12.2825,12.3615,12.2825,12.2979
LCNB,2013-12-30,12.2564,12.3615,12.2564,12.3615
LCNB,2013-12-31,12.3451,12.5341,12.2698,12.4454
LCNB,2014-01-02,12.4502,12.5013,12.2631,12.3133
LCNB,2014-01-03,12.3961,12.4705,12.2081,12.3961
LCNB,2014-01-06,12.3961,12.3961,12.2564,12.2698
LCNB,2014-01-07,12.3287,12.5226,12.3046,12.4926
LCNB,2014-01-08,12.5013,12.5013,12.3451,12.4926
LCNB,2014-01-09,12.4705,12.4705,12.3451,12.4569
LCNB,2014-01-10,12.4637,12.4637,12.3538,12.4387
LCNB,2014-01-13,12.4444,12.4637,12.2698,12.3673
LCNB,2014-01-14,12.4444,12.4444,12.186,12.3133
LCNB,2014-01-15,12.403,12.4569,12.2225,12.321
LCNB,2014-01-16,12.2496,12.4444,12.2004,12.3046
LCNB,2014-01-17,12.2698,12.4926,12.2004,12.3615
LCNB,2014-01-21,12.3374,12.4309,12.3133,12.4309
LCNB,2014-01-22,12.3961,12.3961,12.186,12.3374
LCNB,2014-01-23,12.3374,12.3374,12.2081,12.2766
LCNB,2014-01-24,12.186,12.2564,12.1454,12.2004
LCNB,2014-01-27,12.1667,12.2372,12.0471,12.1735
LCNB,2014-01-28,12.186,12.2225,12.0269,12.1927
LCNB,2014-01-29,12.1454,12.1667,12.0471,12.1233
LCNB,2014-01-30,12.1735,12.3538,12.1735,12.3133
LCNB,2014-01-31,12.186,12.321,12.186,12.2631
LCNB,2014-02-03,12.2564,12.2564,12.0471,12.2564
LCNB,2014-02-04,12.2496,12.2564,12.0471,12.1513
LCNB,2014-02-05,12.186,12.2158,12.0471,12.186
LCNB,2014-02-06,12.1927,12.2081,12.0828,12.1581
LCNB,2014-02-07,12.2275,12.2275,12.1233,12.186
LCNB,2014-02-10,12.2158,12.3615,12.1581,12.3538
LCNB,2014-02-11,12.2564,12.2825,12.1454,12.2631
LCNB,2014-02-12,12.3133,12.3335,12.1802,12.1802
LCNB,2014-02-13,12.1107,12.3615,12.0828,12.3615
LCNB,2014-02-14,12.3798,12.3798,12.1474,12.2419
LCNB,2014-02-18,12.2979,12.3287,12.1176,12.2698
LCNB,2014-02-19,12.2081,12.3615,12.186,12.186
LCNB,2014-02-20,12.2372,12.2409,12.1581,12.2275
LCNB,2014-02-21,12.2766,12.4849,12.2004,12.2004
LCNB,2014-02-24,12.2698,12.3615,12.186,12.2698
LCNB,2014-02-25,12.3036,12.3036,12.186,12.2004
LCNB,2014-02-26,12.2225,12.2564,12.0828,12.2225
LCNB,2014-02-27,12.3634,12.3634,12.2158,12.3335
LCNB,2014-02-28,12.3817,12.4126,12.2158,12.2989
LCNB,2014-03-03,12.2989,12.509,12.1658,12.3683
LCNB,2014-03-04,12.4801,12.8196,12.3461,12.4328
LCNB,2014-03-05,12.3817,12.4464,12.1927,12.3461
LCNB,2014-03-06,12.375,12.3894,12.3143,12.3817
LCNB,2014-03-07,12.3143,12.4048,12.2631,12.2631
LCNB,2014-03-10,12.2372,12.3683,12.2372,12.3683
LCNB,2014-03-11,12.2912,12.3634,12.2496,12.3056
LCNB,2014-03-12,12.2419,12.3683,12.2081,12.3461
LCNB,2014-03-13,12.3335,12.3557,12.2091,12.2989
LCNB,2014-03-14,12.2275,12.3634,12.2208,12.2989
LCNB,2014-03-17,12.3461,12.3683,12.2631,12.3634
LCNB,2014-03-18,12.3683,12.5341,12.2225,12.4878
LCNB,2014-03-19,12.1927,12.4734,12.1503,12.375
LCNB,2014-03-20,12.4598,12.4598,12.2081,12.3634
LCNB,2014-03-21,12.4048,12.4598,12.2544,12.375
LCNB,2014-03-24,12.3683,12.4126,12.2708,12.3335
LCNB,2014-03-25,12.375,12.4598,12.3634,12.4598
LCNB,2014-03-26,12.4598,12.4598,12.2158,12.2158
LCNB,2014-03-27,12.2372,12.4251,12.13,12.1377
LCNB,2014-03-28,12.1571,12.3683,12.1223,12.2834
LCNB,2014-03-31,12.2912,12.3894,12.13,12.1571
LCNB,2014-04-01,12.1725,12.2775,12.13,12.2158
LCNB,2014-04-02,12.2834,12.322,12.1223,12.1792
LCNB,2014-04-03,12.13,12.2775,12.1223,12.13
LCNB,2014-04-04,12.1223,12.2158,11.9488,11.9565
LCNB,2014-04-07,11.9488,12.1098,11.9488,11.9892
LCNB,2014-04-08,12.1156,12.1156,11.9613,11.9835
LCNB,2014-04-09,11.9835,12.0539,11.9488,12.0153
LCNB,2014-04-10,11.9565,12.0028,11.9488,11.9565
LCNB,2014-04-11,11.9488,12.0462,11.9488,11.9565
LCNB,2014-04-14,12.0809,12.0809,11.7839,11.8061
LCNB,2014-04-15,11.8128,11.8707,11.7289,11.8128
LCNB,2014-04-16,11.8986,11.9767,11.8061,11.8061
LCNB,2014-04-17,11.7839,11.8061,11.7704,11.7704
LCNB,2014-04-21,11.7791,11.8157,11.7058,11.7135
LCNB,2014-04-22,11.6537,11.7704,11.2438,11.4617
LCNB,2014-04-23,11.429,11.5254,11.4222,11.429
LCNB,2014-04-24,11.429,11.51,11.4222,11.4222
LCNB,2014-04-25,11.3759,11.3933,11.0703,11.0771
LCNB,2014-04-28,13.2245,13.2757,11.0472,11.4754
LCNB,2014-04-29,11.5197,11.5438,11.0771,11.0818
LCNB,2014-04-30,11.1022,11.3596,11.1022,11.2438
LCNB,2014-05-01,11.2014,11.3759,11.0703,11.1099
LCNB,2014-05-02,11.1253,11.239,10.8359,10.997
LCNB,2014-05-05,10.9006,11.1253,10.9006,10.9266
LCNB,2014-05-06,11.1619,11.3759,10.8939,11.187
LCNB,2014-05-07,11.4068,11.4068,10.9006,11.0703
LCNB,2014-05-08,11.0182,11.3635,10.8939,10.8939
LCNB,2014-05-09,10.8939,11.2014,10.8939,10.9266
LCNB,2014-05-12,11.1803,11.1803,10.8939,10.9564
LCNB,2014-05-13,10.9719,11.0172,10.7511,10.9122
LCNB,2014-05-14,10.8939,10.9854,10.8225,10.8282
LCNB,2014-05-15,10.7877,10.8359,10.7588,10.7877
LCNB,2014-05-16,10.7588,10.7752,10.6132,10.6894
LCNB,2014-05-19,10.6894,10.8504,10.6894,10.7752
LCNB,2014-05-20,10.8726,10.8939,10.6132,10.6132
LCNB,2014-05-21,10.7588,10.8205,10.6132,10.6238
LCNB,2014-05-22,10.6894,10.782,10.6132,10.6181
LCNB,2014-05-23,10.6459,10.8812,10.6459,10.8417
LCNB,2014-05-27,10.8726,10.9122,10.6894,10.8225
LCNB,2014-05-28,10.8822,11.0077,10.7964,10.9025
LCNB,2014-05-29,10.9864,11.0077,10.7096,10.8235
LCNB,2014-05-30,10.8889,10.9825,10.6672,10.9025
LCNB,2014-06-02,10.6884,10.8948,10.6884,10.6884
LCNB,2014-06-03,10.9208,10.9208,10.6528,10.7588
LCNB,2014-06-04,10.6672,10.7636,10.5023,10.6884
LCNB,2014-06-05,10.5881,10.782,10.5881,10.6884
LCNB,2014-06-06,10.7665,10.8822,10.6672,10.8668
LCNB,2014-06-09,10.9285,11.3355,10.8427,11.1445
LCNB,2014-06-10,11.0731,11.4917,11.0345,11.3653
LCNB,2014-06-11,10.9864,11.3653,10.9864,11.1213
LCNB,2014-06-12,11.185,11.4483,11.1243,11.1445
LCNB,2014-06-13,11.2207,11.4425,11.1213,11.1639
LCNB,2014-06-16,11.1407,11.3653,11.1407,11.3489
LCNB,2014-06-17,11.2207,11.4617,11.2198,11.429
LCNB,2014-06-18,11.3904,11.4483,11.1213,11.2072
LCNB,2014-06-19,11.1503,11.2207,10.944,11.1291
LCNB,2014-06-20,11.185,11.3653,10.8427,11.3489
LCNB,2014-06-23,11.3653,11.3653,10.4772,10.6614
LCNB,2014-06-24,10.8822,10.8822,10.4175,10.6181
LCNB,2014-06-25,10.7096,10.7877,10.4956,10.7501
LCNB,2014-06-26,10.8889,11.0432,10.5601,10.944
LCNB,2014-06-27,10.8427,11.3653,10.6528,11.3046
LCNB,2014-06-30,11.2207,11.5331,11.1542,11.4754
LCNB,2014-07-01,11.4425,11.9043,11.3489,11.8822
LCNB,2014-07-02,11.7491,12.0316,11.6836,11.8389
LCNB,2014-07-03,12.0596,12.1735,11.5978,12.0934
LCNB,2014-07-07,11.9892,12.1377,11.7096,11.833
LCNB,2014-07-08,11.8022,12.1503,11.5708,11.9941
LCNB,2014-07-09,12.0934,12.1223,11.7328,11.8022
LCNB,2014-07-10,11.7154,12.0066,11.6951,11.8513
LCNB,2014-07-11,11.7829,11.9458,11.6065,11.6065
LCNB,2014-07-14,11.7328,11.8513,11.4213,11.7096
LCNB,2014-07-15,11.6894,11.8167,11.4617,11.5843
LCNB,2014-07-16,11.5843,11.8022,11.5389,11.5389
LCNB,2014-07-17,11.59,11.6768,10.9825,11.0674
LCNB,2014-07-18,11.0674,11.2294,11.0201,11.0259
LCNB,2014-07-21,11.1378,11.185,10.9825,11.0345
LCNB,2014-07-22,11.0597,11.1049,10.9864,10.9864
LCNB,2014-07-23,10.9998,11.2911,10.9998,11.0077
LCNB,2014-07-24,11.0674,11.647,10.9941,11.0848
LCNB,2014-07-25,11.0674,11.2631,10.9998,11.1445
LCNB,2014-07-28,11.0731,11.0731,11.0077,11.0144
LCNB,2014-07-29,11.2487,11.2487,10.9864,10.9941
LCNB,2014-07-30,11.0731,11.3489,10.9941,11.0345
LCNB,2014-07-31,11.1213,11.1213,10.7994,10.7994
LCNB,2014-08-01,10.8735,10.9651,10.6528,10.7019
LCNB,2014-08-04,12.0394,12.0394,10.7163,10.723
LCNB,2014-08-05,11.8022,11.8022,10.6614,10.6952
LCNB,2014-08-06,10.8427,10.8427,10.6528,10.723
LCNB,2014-08-07,10.8427,11.0144,10.8427,11.0144
LCNB,2014-08-08,11.2168,11.3355,11.1136,11.1136
LCNB,2014-08-11,11.0345,11.7954,10.8282,10.9083
LCNB,2014-08-12,10.8822,11.833,10.8822,11.1099
LCNB,2014-08-13,11.0144,11.2844,11.0077,11.0077
LCNB,2014-08-14,11.0144,11.0201,10.8282,10.8514
LCNB,2014-08-15,11.0674,11.5139,10.8514,10.9864
LCNB,2014-08-18,11.8889,11.8889,10.8359,10.8889
LCNB,2014-08-19,11.1503,11.2072,10.8427,10.8427
LCNB,2014-08-20,10.8427,11.2718,10.8282,10.8282
LCNB,2014-08-21,10.8359,11.0731,10.8282,10.8359
LCNB,2014-08-22,10.9864,11.0077,10.8282,10.8282
LCNB,2014-08-25,10.9903,10.9903,10.8359,10.8359
LCNB,2014-08-26,10.9941,11.0674,10.8359,10.8427
LCNB,2014-08-27,10.9507,11.0077,10.8514,10.8601
LCNB,2014-08-28,10.944,11.0808,10.7867,10.8158
LCNB,2014-08-29,11.0124,11.0124,10.9083,10.913
LCNB,2014-09-02,10.913,10.9217,10.8735,10.9035
LCNB,2014-09-03,10.8601,10.9767,10.7656,10.7656
LCNB,2014-09-04,10.944,10.9671,10.8225,10.8225
LCNB,2014-09-05,10.9497,10.9497,10.8012,10.8735
LCNB,2014-09-08,10.7743,11.1532,10.7743,11.0095
LCNB,2014-09-09,11.1166,11.1166,10.8601,10.9217
LCNB,2014-09-10,11.1619,11.1619,10.8514,10.944
LCNB,2014-09-11,11.0867,11.0935,10.8601,10.913
LCNB,2014-09-12,11.0008,11.0626,10.8957,10.9295
LCNB,2014-09-15,10.9941,11.0221,10.8957,10.9035
LCNB,2014-09-16,10.913,10.9883,10.8822,10.913
LCNB,2014-09-17,11.1243,11.1243,10.8822,10.9767
LCNB,2014-09-18,11.1243,11.1465,10.9671,11.0221
LCNB,2014-09-19,11.0945,11.1676,10.8735,10.8735
LCNB,2014-09-22,11.1532,11.1532,10.8668,10.8889
LCNB,2014-09-23,10.8889,11.0288,10.8889,11.0095
LCNB,2014-09-24,10.9883,11.0684,10.7153,10.7454
LCNB,2014-09-25,10.7656,10.9035,10.6499,10.9035
LCNB,2014-09-26,10.9044,10.9044,10.7867,10.8601
LCNB,2014-09-29,10.7743,10.8822,10.7743,10.7743
LCNB,2014-09-30,10.9035,11.0008,10.7743,10.782
LCNB,2014-10-01,10.7656,10.8668,10.7656,10.7743
LCNB,2014-10-02,10.8957,10.8957,10.7743,10.8562
LCNB,2014-10-03,10.7867,10.8475,10.782,10.782
LCNB,2014-10-06,10.782,10.8601,10.7656,10.7656
LCNB,2014-10-07,10.7656,10.782,10.6595,10.6595
LCNB,2014-10-08,10.7213,10.7954,10.6595,10.6595
LCNB,2014-10-09,10.7153,10.7656,10.6663,10.6663
LCNB,2014-10-10,10.6595,10.7578,10.6499,10.7009
LCNB,2014-10-13,10.8158,10.8225,10.6663,10.6932
LCNB,2014-10-14,10.7656,11.0008,10.5852,10.5852
LCNB,2014-10-15,10.5852,10.5852,10.5139,10.5139
LCNB,2014-10-16,10.8504,10.8514,10.6382,10.6614
LCNB,2014-10-17,10.7367,10.9835,10.673,10.7076
LCNB,2014-10-20,10.8012,10.9083,10.7867,10.8089
LCNB,2014-10-21,10.782,10.782,10.7501,10.7501
LCNB,2014-10-22,10.782,10.782,10.5139,10.5139
LCNB,2014-10-23,10.6276,10.8176,10.4801,10.5139
LCNB,2014-10-24,10.6094,10.6094,10.5563,10.5563
LCNB,2014-10-27,10.5139,10.7501,10.4926,10.4926
LCNB,2014-10-28,10.5428,10.565,10.4859,10.565
LCNB,2014-10-29,10.5852,10.6663,10.5505,10.5804
LCNB,2014-10-30,10.6209,10.6459,10.5852,10.5852
LCNB,2014-10-31,10.6932,10.8282,10.6932,10.7656
LCNB,2014-11-03,10.8359,10.9083,10.8359,10.8359
LCNB,2014-11-04,10.9507,10.9507,10.8359,10.8359
LCNB,2014-11-05,10.9083,11.0751,10.6807,10.7213
LCNB,2014-11-06,10.6209,10.9382,10.6209,10.8514
LCNB,2014-11-07,10.7019,11.0008,10.6422,10.6875
LCNB,2014-11-10,10.7076,10.8668,10.3056,10.3056
LCNB,2014-11-11,10.4088,10.4088,10.375,10.3856
LCNB,2014-11-12,10.3933,10.5139,10.3933,10.3933
LCNB,2014-11-13,10.4088,10.4088,10.321,10.321
LCNB,2014-11-14,10.3856,10.4339,10.3558,10.4088
LCNB,2014-11-17,10.4339,10.4685,10.3335,10.458
LCNB,2014-11-18,10.458,10.4647,10.3712,10.4339
LCNB,2014-11-19,10.4647,10.5804,10.3856,10.4859
LCNB,2014-11-20,10.4185,10.6875,10.3856,10.458
LCNB,2014-11-21,10.7153,10.7153,10.4416,10.673
LCNB,2014-11-24,10.6875,10.7076,10.5274,10.6016
LCNB,2014-11-25,10.7067,10.7067,10.5852,10.5852
LCNB,2014-11-26,10.6817,10.7829,10.6431,10.6672
LCNB,2014-11-28,10.7386,10.7752,10.4859,10.4859
LCNB,2014-12-01,10.6952,10.6952,10.5139,10.5187
LCNB,2014-12-02,10.5563,10.7897,10.5563,10.73
LCNB,2014-12-03,10.8031,10.8552,10.5361,10.7019
LCNB,2014-12-04,10.5852,10.6952,10.5361,10.6952
LCNB,2014-12-05,10.8379,10.8379,10.5563,10.6999
LCNB,2014-12-08,10.6016,10.7163,10.5418,10.592
LCNB,2014-12-09,10.5852,10.8688,10.5852,10.6209
LCNB,2014-12-10,10.7598,10.7598,10.5737,10.7511
LCNB,2014-12-11,10.5505,10.7829,10.5418,10.6142
LCNB,2014-12-12,10.6094,10.7685,10.6016,10.6209
LCNB,2014-12-15,10.7598,10.8185,10.6431,10.674
LCNB,2014-12-16,10.6605,10.7752,10.5563,10.592
LCNB,2014-12-17,10.73,10.7685,10.6209,10.6952
LCNB,2014-12-18,10.6672,10.7598,10.1879,10.2449
LCNB,2014-12-19,10.0867,10.5804,10.0346,10.3027
LCNB,2014-12-22,10.513,10.513,10.2381,10.4252
LCNB,2014-12-23,10.3769,10.5852,10.2747,10.5804
LCNB,2014-12-24,10.3172,10.7096,10.2969,10.5804
LCNB,2014-12-26,10.7019,10.7019,10.3827,10.5852
LCNB,2014-12-29,10.565,10.6672,10.4107,10.6209
LCNB,2014-12-30,10.6016,10.6605,10.4463,10.6605
LCNB,2014-12-31,10.6605,10.9343,10.5264,10.9343
LCNB,2015-01-02,10.8379,10.8688,10.5264,10.7897
LCNB,2015-01-05,10.7163,10.9343,10.5737,10.9063
LCNB,2015-01-06,10.7598,10.9343,10.5264,10.7096
LCNB,2015-01-07,10.7163,10.8552,10.5361,10.6431
LCNB,2015-01-08,10.8775,10.8775,10.5361,10.5418
LCNB,2015-01-09,10.5361,10.7019,10.5361,10.5563
LCNB,2015-01-12,10.6142,10.6286,10.4396,10.4396
LCNB,2015-01-13,10.4175,10.4782,10.3172,10.4058
LCNB,2015-01-14,10.3027,10.4319,10.1204,10.4319
LCNB,2015-01-15,10.3326,10.456,10.1745,10.4396
LCNB,2015-01-16,10.4175,10.5361,10.4107,10.4994
LCNB,2015-01-20,10.2149,10.3914,10.2063,10.3461
LCNB,2015-01-21,10.1745,10.4994,10.1745,10.4647
LCNB,2015-01-22,10.5563,10.7049,10.5061,10.5737
LCNB,2015-01-23,10.7685,10.7829,10.4705,10.7386
LCNB,2015-01-26,10.4926,10.73,10.3769,10.4926
LCNB,2015-01-27,10.7598,10.7829,10.3827,10.6817
LCNB,2015-01-28,10.4175,10.5457,10.4175,10.5361
LCNB,2015-01-29,10.4175,10.5737,10.4175,10.4647
LCNB,2015-01-30,10.5187,10.7598,10.4859,10.4859
LCNB,2015-02-02,10.5187,10.5852,10.4107,10.513
LCNB,2015-02-03,10.5505,10.6884,10.4483,10.6016
LCNB,2015-02-04,10.6952,10.7096,10.5563,10.5737
LCNB,2015-02-05,10.674,10.7019,10.6142,10.674
LCNB,2015-02-06,10.7019,10.7752,10.5814,10.6363
LCNB,2015-02-09,10.6094,10.7511,10.4483,10.6286
LCNB,2015-02-10,10.7096,10.7984,10.5274,10.7009
LCNB,2015-02-11,10.5264,10.7984,10.5264,10.7019
LCNB,2015-02-12,10.7752,10.7984,10.7019,10.7019
LCNB,2015-02-13,10.8775,10.9921,10.8775,10.9854
LCNB,2015-02-17,11.1069,11.1455,10.9921,10.9921
LCNB,2015-02-18,10.9921,11.1666,10.8108,10.8108
LCNB,2015-02-19,10.8842,11.2178,10.8842,10.9247
LCNB,2015-02-20,11.2824,11.2824,10.8929,10.9729
LCNB,2015-02-23,11.1069,11.131,10.8862,10.8986
LCNB,2015-02-24,10.8321,10.9854,10.7386,10.8379
LCNB,2015-02-25,11.1069,11.1069,10.9854,10.9921
LCNB,2015-02-26,11.214,11.2564,10.9536,11.1465
LCNB,2015-02-27,11.1735,11.1735,10.998,11.0626
LCNB,2015-03-02,11.0935,12.0259,11.0674,11.1465
LCNB,2015-03-03,11.1465,11.2795,11.0606,11.0606
LCNB,2015-03-04,11.133,11.2844,11.0606,11.1012
LCNB,2015-03-05,11.1089,11.2198,11.0799,11.189
LCNB,2015-03-06,11.1465,11.2978,11.1243,11.2978
LCNB,2015-03-09,11.1542,11.1542,10.998,11.1407
LCNB,2015-03-10,11.1629,11.242,11.0201,11.1465
LCNB,2015-03-11,11.1166,11.1407,11.0124,11.0731
LCNB,2015-03-12,11.0124,11.1407,10.998,11.0201
LCNB,2015-03-13,11.0124,11.1012,11.0057,11.0731
LCNB,2015-03-16,11.1465,11.1465,10.998,11.1166
LCNB,2015-03-17,11.0799,11.133,11.0124,11.0124
LCNB,2015-03-18,10.998,11.1407,10.998,11.0731
LCNB,2015-03-19,10.998,11.1407,10.998,11.0731
LCNB,2015-03-20,11.1465,11.1465,11.0057,11.0057
LCNB,2015-03-23,11.1012,11.3374,11.0858,11.133
LCNB,2015-03-24,11.0731,11.2921,11.0731,11.2487
LCNB,2015-03-25,11.1976,11.1976,11.1465,11.1465
LCNB,2015-03-26,11.1542,11.1542,11.1166,11.1166
LCNB,2015-03-27,11.214,11.2921,11.0731,11.0731
LCNB,2015-03-30,11.189,11.189,11.0201,11.0858
LCNB,2015-03-31,11.1089,11.2198,11.0057,11.2198
LCNB,2015-04-01,11.1465,11.1821,11.0731,11.0731
LCNB,2015-04-02,11.0731,11.1465,11.0731,11.1465
LCNB,2015-04-06,11.133,11.1465,11.1089,11.1089
LCNB,2015-04-07,11.0414,11.0731,11.0414,11.0606
LCNB,2015-04-08,11.1407,11.1407,11.0057,11.0674
LCNB,2015-04-09,11.0355,11.2795,11.0057,11.2564
LCNB,2015-04-10,11.189,11.2718,11.0606,11.1629
LCNB,2015-04-13,11.2718,11.3663,11.1166,11.3306
LCNB,2015-04-14,11.2921,11.3615,11.2921,11.3615
LCNB,2015-04-15,11.1186,11.3306,11.1089,11.189
LCNB,2015-04-16,11.2467,11.2467,11.2198,11.2198
LCNB,2015-04-17,11.0442,11.0442,11.0442,11.0442
LCNB,2015-04-20,11.1599,11.3663,11.1599,11.2564
LCNB,2015-04-21,11.2718,11.6084,11.0674,11.4117
LCNB,2015-04-22,11.5475,11.6547,11.4985,11.4985
LCNB,2015-04-23,11.4985,11.6276,11.1686,11.214
LCNB,2015-04-24,11.5726,11.5726,11.1821,11.4329
LCNB,2015-04-27,11.5659,11.6016,11.402,11.5149
LCNB,2015-04-28,11.5881,11.6016,11.5216,11.6016
LCNB,2015-04-29,11.7019,11.8658,11.4985,11.8658
LCNB,2015-04-30,16.18,16.18,16.18,16.18
LCNB,2015-05-01,13.1127,13.1127,12.0413,12.2399
LCNB,2015-05-04,12.2457,12.268,12.0568,12.1213
LCNB,2015-05-05,12.1571,12.1571,12.0915,12.0915
LCNB,2015-05-06,12.0105,12.0259,11.9545,12.0259
LCNB,2015-05-07,11.5149,12.0346,11.5149,12.0346
LCNB,2015-05-08,11.645,11.8658,11.4744,11.6941
LCNB,2015-05-11,11.7164,12.0992,11.7164,11.8128
LCNB,2015-05-12,11.7337,11.8051,11.7337,11.7906
LCNB,2015-05-13,11.7906,11.8302,11.7906,11.8128
LCNB,2015-05-14,11.8205,12.2312,11.8205,12.0568
LCNB,2015-05-15,12.0259,12.0259,11.8804,11.9468
LCNB,2015-05-18,12.5746,12.5746,11.7337,11.7501
LCNB,2015-05-19,12.0847,12.0847,11.9468,11.9468
LCNB,2015-05-20,11.9545,12.2101,11.9545,11.968
LCNB,2015-05-21,12.0992,12.0992,11.9961,12.0915
LCNB,2015-05-22,12.049,12.0992,12.0346,12.0346
LCNB,2015-05-26,12.0992,12.0992,12.0346,12.0346
LCNB,2015-05-27,12.0915,12.0992,12.0259,12.0259
LCNB,2015-05-28,12.2208,12.2208,12.1089,12.1089
LCNB,2015-05-29,12.0259,12.0847,12.0259,12.0568
LCNB,2015-06-01,12.1223,12.2208,12.1223,12.1513
LCNB,2015-06-02,12.2208,12.2208,12.1513,12.1513
LCNB,2015-06-03,12.2208,12.2208,12.1464,12.1464
LCNB,2015-06-04,12.1821,12.1821,12.1821,12.1821
LCNB,2015-06-05,12.2208,12.2208,12.0172,12.0712
LCNB,2015-06-08,12.0259,12.2044,11.9284,12.1464
LCNB,2015-06-09,12.1879,12.2044,12.1464,12.2044
LCNB,2015-06-10,12.2208,12.2208,11.4763,11.6594
LCNB,2015-06-11,11.6653,11.7675,11.6653,11.699
LCNB,2015-06-12,11.7385,11.7675,11.6653,11.6653
LCNB,2015-06-15,11.7385,11.8118,11.699,11.7144
LCNB,2015-06-16,11.7742,11.7742,11.3673,11.4425
LCNB,2015-06-17,11.3673,11.6152,11.3673,11.5968
LCNB,2015-06-18,11.6402,11.7675,11.6239,11.7675
LCNB,2015-06-19,11.8022,12.1879,11.7608,11.7608
LCNB,2015-06-22,11.7742,11.9594,11.4203,11.9594
LCNB,2015-06-23,11.8176,12.1464,11.8176,12.1464
LCNB,2015-06-24,11.9594,12.1377,11.9594,12.0413
LCNB,2015-06-25,12.0413,12.0712,11.8563,12.0712
LCNB,2015-06-26,12.1377,12.2999,12.0413,12.2929
LCNB,2015-06-29,12.0847,12.0847,11.8861,12.0346
LCNB,2015-06-30,11.9006,12.3596,11.9006,11.9998
LCNB,2015-07-01,12.0346,12.0346,11.8861,11.8861
LCNB,2015-07-02,11.8861,12.1464,11.8486,11.8929
LCNB,2015-07-06,12.0172,12.13,11.8717,12.1223
LCNB,2015-07-07,11.8486,12.0346,11.8118,11.915
LCNB,2015-07-08,11.8118,11.9671,11.8118,11.8272
LCNB,2015-07-09,11.9961,11.9961,11.8272,11.9545
LCNB,2015-07-10,12.0712,12.0712,11.8272,11.8408
LCNB,2015-07-13,11.8486,11.9207,11.8486,11.8929
LCNB,2015-07-14,11.9594,12.0105,11.8649,11.9362
LCNB,2015-07-15,12.0645,12.0645,11.8861,11.9545
LCNB,2015-07-16,11.8486,12.0105,11.8486,11.9961
LCNB,2015-07-17,11.8563,12.0346,11.8486,11.8486
LCNB,2015-07-20,11.8563,11.8929,11.8486,11.8929
LCNB,2015-07-21,11.9207,12.1377,11.9207,11.9207
LCNB,2015-07-22,11.9207,11.9961,11.8861,11.9961
LCNB,2015-07-23,11.864,12.0105,11.864,11.864
LCNB,2015-07-24,11.8563,12.1002,11.8563,12.0346
LCNB,2015-07-27,12.0346,12.1089,11.8022,11.9006
LCNB,2015-07-28,12.049,12.049,11.8794,11.8794
LCNB,2015-07-29,16.04,16.04,16.04,16.04
LCNB,2015-07-30,11.8486,11.9594,11.8486,11.8486
LCNB,2015-07-31,11.9006,11.9594,11.8486,11.8563
LCNB,2015-08-03,11.8486,11.8861,11.8486,11.8861
LCNB,2015-08-04,11.8176,11.8861,11.8176,11.8794
LCNB,2015-08-05,11.8861,12.0038,11.8486,11.9362
LCNB,2015-08-06,11.9362,12.0259,11.9362,11.9545
LCNB,2015-08-07,12.1089,12.1089,12.0924,12.0924
LCNB,2015-08-10,12.0038,12.1089,12.0038,12.1089
LCNB,2015-08-11,12.1089,12.1089,12.1002,12.1002
LCNB,2015-08-12,12.1002,12.1002,12.1002,12.1002
LCNB,2015-08-13,11.9284,11.9961,11.9284,11.9961
LCNB,2015-08-14,11.9284,11.9284,11.9207,11.9207
LCNB,2015-08-17,11.9594,11.9594,11.9284,11.9545
LCNB,2015-08-18,11.9961,11.9961,11.9594,11.9594
LCNB,2015-08-19,11.9757,11.9757,11.9458,11.9458
LCNB,2015-08-20,11.9902,11.9902,11.9284,11.9284
LCNB,2015-08-21,11.9835,11.9961,11.9362,11.9362
LCNB,2015-08-24,11.9207,12.0346,11.699,11.699
LCNB,2015-08-25,11.8861,11.8861,11.5226,11.6055
LCNB,2015-08-26,11.8861,11.8861,11.6653,11.6855
LCNB,2015-08-27,11.6787,12.0346,11.6499,12.0346
LCNB,2015-08-28,11.6951,12.0924,11.6951,11.7173
LCNB,2015-08-31,11.7578,11.9661,11.7578,11.9661
LCNB,2015-09-01,11.5458,11.9661,11.4145,11.6826
LCNB,2015-09-02,11.7809,11.7809,11.6749,11.7434
LCNB,2015-09-03,11.7809,11.7809,11.645,11.645
LCNB,2015-09-04,11.6691,11.862,11.5458,11.5708
LCNB,2015-09-08,11.8543,11.8543,11.6276,11.8157
LCNB,2015-09-09,11.5458,11.6691,11.5458,11.6276
LCNB,2015-09-10,11.6276,11.6276,11.5766,11.6007
LCNB,2015-09-11,11.6074,11.6074,11.538,11.6074
LCNB,2015-09-14,11.5862,11.8909,11.5862,11.8157
LCNB,2015-09-15,11.8543,11.8842,11.5475,11.809
LCNB,2015-09-16,11.8244,11.862,11.7809,11.8389
LCNB,2015-09-17,11.7809,11.8157,11.7809,11.7809
LCNB,2015-09-18,11.7809,11.8909,11.7809,11.7809
LCNB,2015-09-21,11.8909,11.8909,11.7858,11.8909
LCNB,2015-09-22,11.8909,11.9276,11.8466,11.9276
LCNB,2015-09-23,11.7858,11.9198,11.7809,11.7858
LCNB,2015-09-24,11.7809,11.913,11.7809,11.913
LCNB,2015-09-25,11.8244,11.9276,11.7809,11.7809
LCNB,2015-09-28,11.7809,11.9276,11.7809,11.913
LCNB,2015-09-29,11.9276,12.1387,11.913,12.131
LCNB,2015-09-30,12.1531,12.1531,12.0789,12.1089
LCNB,2015-10-01,12.1223,12.131,11.862,12.0789
LCNB,2015-10-02,12.0568,12.0568,12.0259,12.0413
LCNB,2015-10-05,11.9961,12.0568,11.7819,11.9825
LCNB,2015-10-06,11.8157,12.0038,11.7935,11.9892
LCNB,2015-10-07,11.9961,12.0038,11.8466,11.8466
LCNB,2015-10-08,11.833,11.9594,11.833,11.9594
LCNB,2015-10-09,11.9661,11.9661,11.8986,11.8986
LCNB,2015-10-12,11.9961,11.9961,11.8697,11.9276
LCNB,2015-10-13,11.9536,11.9594,11.8157,11.9198
LCNB,2015-10-14,11.862,11.9961,11.862,11.9661
LCNB,2015-10-15,11.9661,11.9661,11.862,11.8697
LCNB,2015-10-16,11.8012,11.9536,11.7858,11.8543
LCNB,2015-10-19,11.8909,11.9661,11.833,11.8466
LCNB,2015-10-20,11.8012,11.9825,11.7809,11.7935
LCNB,2015-10-21,11.6826,11.9198,11.6691,11.8012
LCNB,2015-10-22,11.8697,11.8909,11.7434,11.7434
LCNB,2015-10-23,11.5187,11.7434,11.4222,11.591
LCNB,2015-10-26,11.455,11.7935,11.455,11.591
LCNB,2015-10-27,11.6007,11.8842,11.591,11.6189
LCNB,2015-10-28,11.591,11.8909,11.4367,11.8543
LCNB,2015-10-29,11.8543,11.8543,11.8157,11.8466
LCNB,2015-10-30,11.8909,12.0346,11.8909,11.9449
LCNB,2015-11-02,11.7173,11.9661,11.6007,11.9536
LCNB,2015-11-03,11.8784,11.9661,11.6276,11.9276
LCNB,2015-11-04,11.9661,12.1387,11.9276,12.0346
LCNB,2015-11-05,12.1156,12.1223,12.0259,12.1223
LCNB,2015-11-06,12.0413,12.2419,12.0413,12.1223
LCNB,2015-11-09,11.9353,12.1156,11.7019,11.9961
LCNB,2015-11-10,11.7858,12.563,11.6353,12.0924
LCNB,2015-11-11,12.131,12.2139,11.9661,12.2139
LCNB,2015-11-12,12.049,12.563,12.0038,12.049
LCNB,2015-11-13,12.0413,12.1464,12.0259,12.1156
LCNB,2015-11-16,12.1156,12.4521,11.9661,12.4164
LCNB,2015-11-17,12.3277,12.3384,12.0924,12.2805
LCNB,2015-11-18,12.377,12.377,12.0172,12.0712
LCNB,2015-11-19,12.3384,12.5572,12.3113,12.5572
LCNB,2015-11-20,12.563,12.6855,12.3384,12.3384
LCNB,2015-11-23,12.4521,12.4521,12.0413,12.0413
LCNB,2015-11-24,12.1156,12.1156,12.1156,12.1156
LCNB,2015-11-25,12.3557,12.5341,12.3384,12.3384
LCNB,2015-11-27,12.5987,12.6489,12.4685,12.4685
LCNB,2015-11-30,12.5062,12.5139,12.4608,12.4994
LCNB,2015-12-01,12.4994,12.4994,12.4387,12.4608
LCNB,2015-12-02,12.4608,12.7183,12.4531,12.4608
LCNB,2015-12-03,12.4908,12.8253,12.4608,12.4994
LCNB,2015-12-04,12.589,12.5967,12.4772,12.4772
LCNB,2015-12-07,12.4608,12.7029,12.4608,12.4608
LCNB,2015-12-08,12.4608,12.5553,12.4608,12.4772
LCNB,2015-12-09,12.2728,12.483,12.0847,12.0982
LCNB,2015-12-10,12.0982,12.3113,12.0847,12.1146
LCNB,2015-12-11,12.0847,12.2728,11.6643,11.6836
LCNB,2015-12-14,11.7038,11.9575,11.3789,11.5458
LCNB,2015-12-15,11.9102,12.0143,11.4781,11.8804
LCNB,2015-12-16,11.7125,12.0847,11.7038,12.0683
LCNB,2015-12-17,12.1281,12.3847,11.9622,11.9622
LCNB,2015-12-18,11.9622,12.9739,11.7193,12.7559
LCNB,2015-12-21,12.6507,12.6507,11.9498,11.9931
LCNB,2015-12-22,12.2121,12.4994,12.159,12.4994
LCNB,2015-12-23,12.4531,12.642,12.2641,12.4454
LCNB,2015-12-24,16.48,16.48,16.48,16.48
LCNB,2015-12-28,12.1821,12.4097,12.1454,12.2362
LCNB,2015-12-29,12.2362,12.4531,12.2362,12.2728
LCNB,2015-12-30,12.2496,12.3943,12.2362,12.2419
LCNB,2015-12-31,12.3693,12.4675,12.2939,12.3557
LCNB,2016-01-04,12.3461,12.3461,12.2795,12.3113
LCNB,2016-01-05,12.2506,12.3113,12.1281,12.2852
LCNB,2016-01-06,12.3113,12.4232,12.2362,12.3693
LCNB,2016-01-07,12.0847,12.3113,12.0847,12.2603
LCNB,2016-01-08,12.3113,12.3113,12.1667,12.1966
LCNB,2016-01-11,12.32,12.377,12.1705,12.1705
LCNB,2016-01-12,12.1966,12.3847,12.0905,12.268
LCNB,2016-01-13,12.3113,12.4232,12.0982,12.2121
LCNB,2016-01-14,12.2362,12.3277,12.159,12.2208
LCNB,2016-01-15,12.0847,12.1407,11.9854,11.9931
LCNB,2016-01-19,12.2044,12.2044,11.8176,11.9575
LCNB,2016-01-20,11.8948,12.2362,11.8176,12.1879
LCNB,2016-01-21,12.1204,12.2728,11.9854,12.1358
LCNB,2016-01-22,13.4038,13.4038,12.1358,12.377
LCNB,2016-01-25,12.2362,12.3461,12.0221,12.1879
LCNB,2016-01-26,12.1744,12.3277,12.159,12.3113
LCNB,2016-01-27,12.3113,12.3162,12.2265,12.3113
LCNB,2016-01-28,12.3461,12.3461,12.1966,12.3461
LCNB,2016-01-29,12.3461,12.3461,12.2728,12.3461
LCNB,2016-02-01,12.2419,12.3461,12.2265,12.3461
LCNB,2016-02-02,12.3461,12.3943,12.2265,12.3943
LCNB,2016-02-03,12.3335,12.3461,12.2728,12.3026
LCNB,2016-02-04,12.2419,12.4772,12.2419,12.4675
LCNB,2016-02-05,12.3557,12.4772,12.2728,12.2939
LCNB,2016-02-08,12.32,12.4772,12.1667,12.3113
LCNB,2016-02-09,12.1667,12.3943,12.1667,12.2208
LCNB,2016-02-10,12.3943,12.3943,11.7125,12.2573
LCNB,2016-02-11,11.9854,12.2641,11.7193,12.0847
LCNB,2016-02-12,12.1204,12.1204,12.0847,12.1069
LCNB,2016-02-16,12.1204,12.2121,11.9854,12.2121
LCNB,2016-02-17,12.2362,12.2362,12.0008,12.1609
LCNB,2016-02-18,12.2044,12.2044,11.8948,12.0847
LCNB,2016-02-19,12.0847,12.2208,11.9237,12.0905
LCNB,2016-02-22,12.0847,12.1966,12.0847,12.1966
LCNB,2016-02-23,12.1204,12.2044,12.0982,12.1513
LCNB,2016-02-24,12.159,12.401,12.1454,12.3461
LCNB,2016-02-25,12.2728,12.4608,12.1358,12.4174
LCNB,2016-02-26,12.3943,12.5072,12.3683,12.5072
LCNB,2016-02-29,12.4309,12.4839,12.2024,12.2024
LCNB,2016-03-01,12.3547,12.5669,12.2486,12.4916
LCNB,2016-03-02,12.5072,12.5072,12.3847,12.4916
LCNB,2016-03-03,12.4685,12.5669,12.3683,12.3683
LCNB,2016-03-04,12.3547,12.4647,12.2409,12.3384
LCNB,2016-03-07,12.2631,12.4309,12.2486,12.3103
LCNB,2016-03-08,12.3547,12.5833,12.3547,12.3847
LCNB,2016-03-09,12.0915,12.5833,12.049,12.5072
LCNB,2016-03-10,12.5072,12.5833,12.4309,12.5833
LCNB,2016-03-11,12.5833,12.5833,12.4482,12.4482
LCNB,2016-03-14,12.4618,12.5833,12.4618,12.5235
LCNB,2016-03-15,12.5582,12.5582,12.5072,12.5467
LCNB,2016-03-16,12.5072,12.5756,12.4685,12.4839
LCNB,2016-03-17,12.4685,12.5072,12.2805,12.4916
LCNB,2016-03-18,12.4232,12.5072,12.3683,12.4685
LCNB,2016-03-21,12.5003,12.5003,12.2245,12.3683
LCNB,2016-03-22,12.3943,12.4232,12.0269,12.3384
LCNB,2016-03-23,12.3451,12.4309,12.3374,12.377
LCNB,2016-03-24,12.3267,12.3943,12.2188,12.2834
LCNB,2016-03-28,12.2929,12.3943,12.2834,12.3683
LCNB,2016-03-29,12.3683,12.377,12.2554,12.2785
LCNB,2016-03-30,12.3384,12.4309,12.2708,12.4097
LCNB,2016-03-31,12.3943,12.401,12.2486,12.2554
LCNB,2016-04-01,12.4309,12.5833,12.2785,12.5467
LCNB,2016-04-04,12.5235,12.5833,12.4782,12.5833
LCNB,2016-04-05,12.5534,12.8861,12.5534,12.8292
LCNB,2016-04-06,12.7887,12.8504,12.7135,12.7819
LCNB,2016-04-07,12.7588,12.8861,12.6894,12.7819
LCNB,2016-04-08,12.7742,12.8127,12.7057,12.7135
LCNB,2016-04-11,12.7135,12.8127,12.7135,12.7375
LCNB,2016-04-12,12.7742,12.8581,12.7742,12.8127
LCNB,2016-04-13,12.8504,12.8861,12.8292,12.8861
LCNB,2016-04-14,12.9285,12.9285,12.7964,12.8794
LCNB,2016-04-15,12.8754,12.9285,12.8214,12.8292
LCNB,2016-04-18,12.8726,12.9285,12.8301,12.8436
LCNB,2016-04-19,12.8032,12.9334,12.8032,12.9285
LCNB,2016-04-20,12.8369,12.9285,12.8369,12.9285
LCNB,2016-04-21,12.8861,12.9285,12.8794,12.9285
LCNB,2016-04-22,12.8861,12.9285,12.8794,12.8958
LCNB,2016-04-25,12.8581,13.0548,12.7849,12.9285
LCNB,2016-04-26,12.9334,13.0809,12.9334,13.0809
LCNB,2016-04-27,13.0192,13.1175,13.0192,13.1175
LCNB,2016-04-28,13.0953,13.1175,12.997,13.0635
LCNB,2016-04-29,13.0259,13.0403,12.9806,13.0403
LCNB,2016-05-02,12.997,13.1175,12.9044,12.9044
LCNB,2016-05-03,12.8658,13.0635,12.7964,12.9806
LCNB,2016-05-04,12.8726,13.0047,12.8726,12.9709
LCNB,2016-05-05,12.9044,13.0047,12.8861,12.8958
LCNB,2016-05-06,12.8861,13.0047,12.8861,13.0047
LCNB,2016-05-09,12.9285,13.0047,12.9285,12.9883
LCNB,2016-05-10,13.0047,13.0047,12.997,13.0047
LCNB,2016-05-11,13.0008,13.0403,13.0008,13.0259
LCNB,2016-05-12,13.0403,13.0433,12.9709,12.9709
LCNB,2016-05-13,13.0403,13.0886,13.0307,13.0403
LCNB,2016-05-16,13.0809,13.1455,12.9709,13.1378
LCNB,2016-05-17,13.1455,13.1455,13.0403,13.047
LCNB,2016-05-18,13.0124,13.0809,12.9334,13.0635
LCNB,2016-05-19,13.1098,13.1098,12.8214,13.0809
LCNB,2016-05-20,13.0403,13.0403,13.0037,13.0403
LCNB,2016-05-23,13.0635,13.0635,12.997,13.0403
LCNB,2016-05-24,13.0886,13.0886,13.0259,13.0403
LCNB,2016-05-25,13.0809,13.1175,12.9555,13.1021
LCNB,2016-05-26,12.9488,13.1098,12.8958,12.9421
LCNB,2016-05-27,13.0202,13.0973,13.0057,13.0895
LCNB,2016-05-31,13.0654,13.2332,12.8012,12.914
LCNB,2016-06-01,12.9709,13.2197,12.8196,12.8948
LCNB,2016-06-02,12.8427,12.9632,12.8427,12.8648
LCNB,2016-06-03,12.8504,12.9044,12.8282,12.8504
LCNB,2016-06-06,12.8369,12.8369,12.6266,12.6353
LCNB,2016-06-07,12.6199,13.0557,12.5949,12.7579
LCNB,2016-06-08,12.8851,13.0124,12.7579,12.8012
LCNB,2016-06-09,12.9285,12.9285,12.5794,12.5794
LCNB,2016-06-10,12.6412,12.9285,12.5871,12.8196
LCNB,2016-06-13,12.6035,12.8851,12.5871,12.78
LCNB,2016-06-14,12.6353,12.7502,12.5871,12.6199
LCNB,2016-06-15,12.6498,12.6961,12.5949,12.6961
LCNB,2016-06-16,12.7762,12.78,12.6199,12.7433
LCNB,2016-06-17,12.6912,12.998,12.6412,12.9044
LCNB,2016-06-20,12.8282,13.0316,12.8282,12.9488
LCNB,2016-06-21,12.8571,13.0124,12.753,12.9421
LCNB,2016-06-22,12.864,12.9806,12.8504,12.9709
LCNB,2016-06-23,13.0124,13.104,13.0124,13.0895
LCNB,2016-06-24,12.5099,12.8571,12.2419,12.2419
LCNB,2016-06-27,12.321,12.4724,12.0809,12.0867
LCNB,2016-06-28,12.2024,12.3036,12.0847,12.2024
LCNB,2016-06-29,12.2419,12.2795,12.1417,12.2352
LCNB,2016-06-30,12.2795,12.2852,12.1503,12.1648
LCNB,2016-07-01,12.2198,12.3036,12.1117,12.1243
LCNB,2016-07-05,12.1947,12.1947,12.1243,12.1503
LCNB,2016-07-06,12.1648,12.1648,12.1417,12.1648
LCNB,2016-07-07,12.133,12.2225,12.133,12.1802
LCNB,2016-07-08,12.2419,12.5099,12.2419,12.5099
LCNB,2016-07-11,12.4425,12.9217,12.3036,12.914
LCNB,2016-07-12,12.78,13.047,12.7656,13.0316
LCNB,2016-07-13,13.3585,13.3585,13.1117,13.2332
LCNB,2016-07-14,12.9488,13.2737,12.9421,13.211
LCNB,2016-07-15,13.2409,13.2409,13.0202,13.2409
LCNB,2016-07-18,13.1339,13.2824,13.104,13.2737
LCNB,2016-07-19,13.3585,13.3585,13.3411,13.3585
LCNB,2016-07-20,13.2969,13.5408,13.2969,13.5283
LCNB,2016-07-21,13.4116,13.8061,13.3904,13.8061
LCNB,2016-07-22,13.729,13.729,12.9893,13.0828
LCNB,2016-07-25,13.2824,13.5283,12.9709,13.3904
LCNB,2016-07-26,13.3046,13.6392,13.2824,13.5187
LCNB,2016-07-27,13.6508,14.3431,13.6421,13.7357
LCNB,2016-07-28,13.6662,13.7598,13.5755,13.7039
LCNB,2016-07-29,13.3827,13.8504,13.158,13.6594
LCNB,2016-08-01,13.6594,13.8061,13.4483,13.5042
LCNB,2016-08-02,13.566,13.729,13.5341,13.6344
LCNB,2016-08-03,13.5823,13.8417,13.5582,13.7126
LCNB,2016-08-04,13.6884,13.6884,13.1879,13.4202
LCNB,2016-08-05,13.3334,13.4329,13.2486,13.3113
LCNB,2016-08-08,13.2496,13.3334,13.1397,13.1879
LCNB,2016-08-09,13.1744,13.566,13.1744,13.4897
LCNB,2016-08-10,13.6045,13.6045,13.266,13.3585
LCNB,2016-08-11,13.319,13.482,13.2969,13.4329
LCNB,2016-08-12,13.1667,13.6546,13.1667,13.5341
LCNB,2016-08-15,13.4329,13.6662,13.3952,13.6045
LCNB,2016-08-16,13.266,13.4531,13.1667,13.2409
LCNB,2016-08-17,13.2573,13.3334,13.2197,13.2255
LCNB,2016-08-18,13.2496,13.6045,13.2255,13.566
LCNB,2016-08-19,13.5119,13.5283,13.3411,13.4579
LCNB,2016-08-22,13.4926,13.4926,13.319,13.3952
LCNB,2016-08-23,13.2901,13.5187,13.2901,13.4329
LCNB,2016-08-24,13.3827,13.5495,13.3046,13.482
LCNB,2016-08-25,13.3952,13.566,13.3952,13.5119
LCNB,2016-08-26,13.5341,13.8417,13.4483,13.4666
LCNB,2016-08-29,13.4666,13.6335,13.4666,13.5187
LCNB,2016-08-30,13.5119,13.6604,13.5119,13.5668
LCNB,2016-08-31,13.4106,13.9468,13.4106,13.6681
LCNB,2016-09-01,13.5668,13.9748,13.5668,13.7308
LCNB,2016-09-02,13.6517,13.9873,13.6354,13.9082
LCNB,2016-09-06,13.8611,13.9015,13.482,13.6681
LCNB,2016-09-07,13.7135,13.9468,13.5958,13.7993
LCNB,2016-09-08,13.6131,13.8688,13.6131,13.8688
LCNB,2016-09-09,13.7656,13.9382,13.6825,13.6825
LCNB,2016-09-12,13.8378,13.9873,13.6054,13.9873
LCNB,2016-09-13,13.8301,13.914,13.7444,13.7752
LCNB,2016-09-14,13.8688,13.9382,13.6267,13.8688
LCNB,2016-09-15,13.9545,13.9873,13.7665,13.9873
LCNB,2016-09-16,14.0326,14.1407,13.782,13.9931
LCNB,2016-09-19,13.8765,14.0249,13.7993,14.0249
LCNB,2016-09-20,14.0153,14.0249,13.9082,13.9931
LCNB,2016-09-21,14.2342,14.8638,13.914,14.0394
LCNB,2016-09-22,14.0634,14.212,13.9305,14.1484
LCNB,2016-09-23,14.1175,14.2033,14.1175,14.1261
LCNB,2016-09-26,13.9082,14.1407,13.8611,13.9776
LCNB,2016-09-27,13.8928,13.9931,13.7907,13.8765
LCNB,2016-09-28,13.9227,14.2428,13.8378,14.1725
LCNB,2016-09-29,14.1561,14.1561,13.8765,13.9873
LCNB,2016-09-30,14.0875,14.1561,13.9776,14.1561
LCNB,2016-10-03,14.102,14.1648,13.9082,13.9545
LCNB,2016-10-04,14.0249,14.1802,13.914,14.102
LCNB,2016-10-05,13.8765,14.1802,13.8765,14.1484
LCNB,2016-10-06,14.1802,14.373,14.1802,14.2728
LCNB,2016-10-07,14.2728,14.373,14.1802,14.2178
LCNB,2016-10-10,14.3431,14.4289,13.9873,14.2728
LCNB,2016-10-11,14.1338,14.1338,13.9632,13.9776
LCNB,2016-10-12,14.0153,14.0875,13.9545,14.0634
LCNB,2016-10-13,13.9873,14.2515,13.9873,14.048
LCNB,2016-10-14,14.1089,14.2274,13.9873,14.0086
LCNB,2016-10-17,14.0634,14.2139,14.0008,14.0798
LCNB,2016-10-18,14.102,14.3538,13.8301,13.9545
LCNB,2016-10-19,13.7907,14.373,13.7907,13.9873
LCNB,2016-10-20,13.941,14.0634,13.8765,13.8765
LCNB,2016-10-21,13.7907,13.9873,13.7907,13.9382
LCNB,2016-10-24,13.9468,13.9545,13.8195,13.914
LCNB,2016-10-25,13.7993,13.8166,13.7907,13.8166
LCNB,2016-10-26,13.9709,14.1561,13.7907,13.8611
LCNB,2016-10-27,13.8533,13.8533,13.3952,13.6189
LCNB,2016-10-28,13.6449,13.9305,13.4058,13.9305
LCNB,2016-10-31,13.9082,13.9082,13.3239,13.3653
LCNB,2016-11-01,13.3239,13.3239,13.0144,13.0144
LCNB,2016-11-02,13.051,13.239,12.8591,12.8977
LCNB,2016-11-03,12.8591,13.6748,12.8591,13.5582
LCNB,2016-11-04,13.5891,13.6354,13.482,13.5187
LCNB,2016-11-07,13.6354,13.6354,12.9749,13.3653
LCNB,2016-11-08,13.5187,13.7135,13.5187,13.6354
LCNB,2016-11-09,13.5582,14.0634,13.5582,14.0634
LCNB,2016-11-10,14.1407,15.3056,13.6189,15.3056
LCNB,2016-11-11,15.2275,15.4627,13.6449,15.3836
LCNB,2016-11-14,15.345,15.8118,13.4656,15.8118
LCNB,2016-11-15,15.7346,15.7346,14.3566,15.5775
LCNB,2016-11-16,15.6179,15.6179,14.5861,14.997
LCNB,2016-11-17,14.997,15.5775,13.3653,15.5408
LCNB,2016-11-18,15.6179,16.0837,15.3056,15.8513
LCNB,2016-11-21,15.7713,16.2766,15.7182,15.9304
LCNB,2016-11-22,16.0442,17.2496,15.7713,17.0172
LCNB,2016-11-23,16.9776,17.6362,16.6275,16.7442
LCNB,2016-11-25,16.9005,16.9005,16.5476,16.7819
LCNB,2016-11-28,16.7442,16.7442,16.0442,16.0442
LCNB,2016-11-29,16.1725,16.5225,15.9739,16.0924
LCNB,2016-11-30,16.3287,16.6392,16.131,16.2081
LCNB,2016-12-01,16.3287,16.4444,16.131,16.2081
LCNB,2016-12-02,16.5611,16.5611,15.6604,15.9739
LCNB,2016-12-05,16.0529,19.5774,16.0529,19.4202
LCNB,2016-12-06,19.2265,19.2265,17.698,18.6758
LCNB,2016-12-07,18.3643,18.7905,18.1676,18.5977
LCNB,2016-12-08,18.5977,18.7568,18.4,18.6758
LCNB,2016-12-09,18.8339,19.1454,18.5592,19.0663
LCNB,2016-12-12,18.8687,18.8687,18.0905,18.6363
LCNB,2016-12-13,18.5592,18.5592,18.1541,18.4424
LCNB,2016-12-14,18.3228,18.9506,18.3228,18.6363
LCNB,2016-12-15,18.7134,19.0287,18.5592,18.5592
LCNB,2016-12-16,18.7134,18.911,18.2852,18.4791
LCNB,2016-12-19,18.2651,19.0287,18.2042,18.911
LCNB,2016-12-20,18.911,19.1454,18.6758,19.1454
LCNB,2016-12-21,19.0287,19.0663,18.6806,18.7905
LCNB,2016-12-22,18.6758,18.7905,18.2852,18.3228
LCNB,2016-12-23,18.4,18.4,17.8909,18.4
LCNB,2016-12-27,18.2852,18.4424,18.2852,18.4
LCNB,2016-12-28,18.4791,18.4791,17.9323,18.2042
LCNB,2016-12-29,18.2042,19.3421,17.97,19.2265
LCNB,2016-12-30,19.1454,19.1454,17.97,18.2042
LCNB,2017-01-03,18.2042,18.2042,17.5804,17.6179
LCNB,2017-01-04,17.8542,18.048,17.5804,17.8542
LCNB,2017-01-05,16.5697,17.8542,16.5697,17.5033
LCNB,2017-01-06,17.7366,17.78,17.3402,17.3826
LCNB,2017-01-09,17.3084,17.3084,16.9729,17.0692
LCNB,2017-01-10,16.8368,17.2274,16.7973,17.0306
LCNB,2017-01-11,17.0306,17.2274,16.8368,17.1492
LCNB,2017-01-12,17.0692,17.2274,16.992,16.992
LCNB,2017-01-13,17.1879,17.8542,17.1879,17.8138
LCNB,2017-01-17,17.6179,18.048,17.2274,17.2274
LCNB,2017-01-18,17.2274,17.5398,17.1879,17.3055
LCNB,2017-01-19,17.3826,17.3826,16.9506,16.9506
LCNB,2017-01-20,16.9149,17.0847,16.3133,16.5611
LCNB,2017-01-23,16.6797,17.1879,16.5225,16.8368
LCNB,2017-01-24,16.8368,16.8368,16.5225,16.6392
LCNB,2017-01-25,16.7973,16.8368,16.5871,16.7569
LCNB,2017-01-26,16.8368,17.1492,16.5997,17.0692
LCNB,2017-01-27,16.9506,17.6179,16.9506,17.5804
LCNB,2017-01-30,17.347,17.5601,17.0885,17.4242
LCNB,2017-01-31,17.4607,17.8542,17.4607,17.698
LCNB,2017-02-01,17.6179,17.6179,16.992,17.2274
LCNB,2017-02-02,17.2274,17.347,16.8368,16.992
LCNB,2017-02-03,16.992,17.3055,16.992,17.3055
LCNB,2017-02-06,17.267,17.4607,17.267,17.347
LCNB,2017-02-07,17.5033,17.5033,17.0692,17.1879
LCNB,2017-02-08,17.267,17.4607,16.6007,17.3826
LCNB,2017-02-09,17.4242,17.5398,17.267,17.4607
LCNB,2017-02-10,17.6179,17.8542,17.5033,17.7366
LCNB,2017-02-13,17.8542,17.8542,17.4607,17.698
LCNB,2017-02-14,17.6575,18.4424,17.5398,18.2852
LCNB,2017-02-15,18.2042,18.5592,18.0982,18.3228
LCNB,2017-02-16,18.7568,18.7568,18.4,18.6363
LCNB,2017-02-17,18.7134,18.8687,18.616,18.7568
LCNB,2017-02-21,18.5592,19.0663,18.5592,18.8339
LCNB,2017-02-22,18.7134,18.7905,18.4424,18.7905
LCNB,2017-02-23,18.6758,18.7568,18.0982,18.2467
LCNB,2017-02-24,18.0905,18.1146,17.1107,17.5398
LCNB,2017-02-27,18.102,18.102,16.7211,17.8638
LCNB,2017-02-28,17.7847,17.8889,17.1532,17.1936
LCNB,2017-03-01,17.4694,18.1387,17.4694,18.0606
LCNB,2017-03-02,17.8233,18.102,17.6266,18.022
LCNB,2017-03-03,17.9439,18.102,17.5659,17.7057
LCNB,2017-03-06,17.7057,17.8233,17.3904,17.8233
LCNB,2017-03-07,17.7057,17.7847,17.3904,17.7452
LCNB,2017-03-08,17.7452,17.7452,17.0346,17.1146
LCNB,2017-03-09,16.997,17.511,16.997,17.3518
LCNB,2017-03-10,17.4694,17.7452,16.4058,16.5234
LCNB,2017-03-13,16.7596,17.1532,16.4058,16.6815
LCNB,2017-03-14,16.7596,17.6662,16.4444,17.2332
LCNB,2017-03-15,17.4694,17.4694,16.6007,17.3904
LCNB,2017-03-16,17.537,18.102,17.537,17.59
LCNB,2017-03-17,17.511,18.102,17.3682,18.0606
LCNB,2017-03-20,17.8638,17.8638,17.3904,17.511
LCNB,2017-03-21,17.8233,17.8233,16.7596,17.0346
LCNB,2017-03-22,16.997,17.7057,16.7596,17.5485
LCNB,2017-03-23,17.3904,17.8233,17.3904,17.511
LCNB,2017-03-24,17.59,17.9824,17.4694,17.7847
LCNB,2017-03-27,17.59,17.8638,17.1936,17.7847
LCNB,2017-03-28,17.6266,17.9033,17.3518,17.4694
LCNB,2017-03-29,17.4694,17.7452,17.1532,17.6266
LCNB,2017-03-30,17.5485,17.9824,17.5485,17.9824
LCNB,2017-03-31,17.7847,19.0085,17.7847,18.8098
LCNB,2017-04-03,18.6527,18.8523,18.3383,18.5736
LCNB,2017-04-04,18.5736,18.6527,18.022,18.1387
LCNB,2017-04-05,18.2591,18.3383,17.2332,17.3113
LCNB,2017-04-06,17.3904,17.401,17.2717,17.3518
LCNB,2017-04-07,17.59,17.6266,17.1936,17.3518
LCNB,2017-04-10,17.3518,17.5485,16.6815,17.1936
LCNB,2017-04-11,17.1146,17.9227,17.1146,17.7057
LCNB,2017-04-12,17.59,18.1387,17.0741,17.4694
LCNB,2017-04-13,17.4694,17.8233,17.1146,17.4319
LCNB,2017-04-17,17.4319,17.59,16.9555,16.997
LCNB,2017-04-18,17.1936,17.7452,16.6815,17.7057
LCNB,2017-04-19,17.7452,18.0027,17.4473,17.4694
LCNB,2017-04-20,17.6266,17.6266,17.1936,17.3518
LCNB,2017-04-21,17.3113,17.3113,17.1146,17.1936
LCNB,2017-04-24,17.3518,17.9033,17.3518,17.9033
LCNB,2017-04-25,17.9033,18.5331,17.6662,17.8233
LCNB,2017-04-26,17.7847,18.6527,17.7847,18.1387
LCNB,2017-04-27,18.2591,18.2591,17.8051,17.8233
LCNB,2017-04-28,22.1,22.35,22.1,22.15
LCNB,2017-05-01,17.511,17.7452,17.2717,17.3518
LCNB,2017-05-02,17.6633,17.6633,17.4319,17.511
LCNB,2017-05-03,17.3904,17.8638,17.3904,17.6662
LCNB,2017-05-04,17.9179,17.9824,17.7452,17.7452
LCNB,2017-05-05,17.5485,17.7057,17.4319,17.59
LCNB,2017-05-08,17.6266,17.7384,17.3904,17.4694
LCNB,2017-05-09,17.3113,17.59,17.1532,17.1936
LCNB,2017-05-10,17.1532,17.511,17.1532,17.3113
LCNB,2017-05-11,17.1936,17.1936,16.997,17.0346
LCNB,2017-05-12,16.8784,17.0346,16.6402,16.6815
LCNB,2017-05-15,16.7596,16.997,16.6815,16.9555
LCNB,2017-05-16,16.997,16.997,16.6815,16.9555
LCNB,2017-05-17,16.7596,17.2717,16.3643,16.3643
LCNB,2017-05-18,16.2486,16.4839,16.0896,16.3643
LCNB,2017-05-19,16.2834,16.8784,15.7722,15.8118
LCNB,2017-05-22,15.8118,15.8908,15.4714,15.8908
LCNB,2017-05-23,15.9699,15.9699,15.5379,15.7356
LCNB,2017-05-24,15.7616,15.7722,15.6556,15.6961
LCNB,2017-05-25,15.9294,15.9294,15.617,15.7356
LCNB,2017-05-26,15.5843,15.7356,15.5756,15.617
LCNB,2017-05-30,15.5843,15.6247,15.267,15.4656
LCNB,2017-05-31,15.5061,15.5495,15.2834,15.5457
LCNB,2017-06-01,15.6247,15.6633,15.5457,15.5843
LCNB,2017-06-02,15.6633,15.9411,15.427,15.7829
LCNB,2017-06-05,15.5437,15.9411,15.427,15.4656
LCNB,2017-06-06,15.3056,15.5331,15.1454,15.1454
LCNB,2017-06-07,15.267,15.3556,15.1089,15.188
LCNB,2017-06-08,15.188,16.1001,15.188,15.7038
LCNB,2017-06-09,15.7829,16.5794,15.7829,16.4993
LCNB,2017-06-12,16.4993,17.3334,16.4993,17.293
LCNB,2017-06-13,17.293,17.4926,17.1358,17.3334
LCNB,2017-06-14,16.7491,17.4135,16.7491,17.2544
LCNB,2017-06-15,17.2544,17.6131,17.1743,17.3334
LCNB,2017-06-16,17.1358,17.2901,16.2602,16.2602
LCNB,2017-06-19,16.1802,16.4193,15.7829,15.8234
LCNB,2017-06-20,15.8407,15.9411,15.7269,15.8234
LCNB,2017-06-21,15.862,15.862,15.3846,15.427
LCNB,2017-06-22,15.5061,15.7433,15.5061,15.7433
LCNB,2017-06-23,15.7433,16.021,15.5061,15.8234
LCNB,2017-06-26,15.9411,15.9411,15.5843,15.6247
LCNB,2017-06-27,15.5843,15.9015,15.5843,15.6633
LCNB,2017-06-28,15.6633,15.9824,15.6633,15.8234
LCNB,2017-06-29,15.9015,15.9411,15.7433,15.862
LCNB,2017-06-30,15.9411,15.9411,15.5061,15.9015
LCNB,2017-07-03,15.8234,16.021,15.8234,15.9015
LCNB,2017-07-05,15.7829,15.9411,15.6633,15.862
LCNB,2017-07-06,15.8234,16.021,15.7433,16.021
LCNB,2017-07-07,16.2988,17.0953,16.2988,17.0953
LCNB,2017-07-10,16.8966,16.8966,16.2988,16.2988
LCNB,2017-07-11,16.3778,16.3778,15.9824,16.021
LCNB,2017-07-12,15.9824,16.2602,15.9824,16.2206
LCNB,2017-07-13,16.1001,16.1802,16.0625,16.1416
LCNB,2017-07-14,16.1618,16.2602,15.9015,16.1001
LCNB,2017-07-17,16.021,16.4569,15.9824,16.1001
LCNB,2017-07-18,15.9824,16.2939,15.9824,16.021
LCNB,2017-07-19,16.1001,16.2206,15.9824,16.1001
LCNB,2017-07-20,15.9824,16.2988,15.9824,16.1802
LCNB,2017-07-21,16.4569,16.4569,15.9824,16.021
LCNB,2017-07-24,16.0625,16.1416,15.7829,15.7829
LCNB,2017-07-25,15.9411,16.0625,15.5457,15.7829
LCNB,2017-07-26,15.7829,16.3392,15.7829,15.9824
LCNB,2017-07-27,16.0625,16.1416,15.7038,15.7829
LCNB,2017-07-28,15.7829,15.9411,15.7829,15.9411
LCNB,2017-07-31,15.7829,16.0625,15.7829,15.9411
LCNB,2017-08-01,15.9824,15.9824,15.862,15.9411
LCNB,2017-08-02,15.6633,15.8821,15.6633,15.7829
LCNB,2017-08-03,15.862,15.9015,15.6633,15.6633
LCNB,2017-08-04,15.7038,15.7829,15.7038,15.7829
LCNB,2017-08-07,15.5843,15.8022,15.5061,15.7038
LCNB,2017-08-08,15.6247,16.0625,15.6247,15.9015
LCNB,2017-08-09,15.5843,15.7829,15.427,15.5061
LCNB,2017-08-10,15.5457,15.5843,15.345,15.345
LCNB,2017-08-11,15.4656,15.4656,15.1089,15.1089
LCNB,2017-08-14,15.1089,15.3846,15.1089,15.3846
LCNB,2017-08-15,15.3056,15.3056,15.0673,15.0673
LCNB,2017-08-16,15.3056,15.3056,14.591,14.8302
LCNB,2017-08-17,14.8687,15.1089,14.4329,14.5505
LCNB,2017-08-18,14.3508,14.7867,14.3508,14.591
LCNB,2017-08-21,14.6296,14.7867,14.6296,14.7867
LCNB,2017-08-22,14.9083,15.1454,14.8638,15.0278
LCNB,2017-08-23,14.9468,15.0211,14.7501,14.8302
LCNB,2017-08-24,14.8687,15.1089,14.8687,14.8687
LCNB,2017-08-25,14.9883,15.1089,14.9468,15.0278
LCNB,2017-08-28,14.8302,14.9883,14.7867,14.7867
LCNB,2017-08-29,14.9371,14.9979,14.7086,14.8302
LCNB,2017-08-30,14.5958,14.8349,14.5958,14.7163
LCNB,2017-08-31,14.9979,15.1156,14.7964,14.7964
LCNB,2017-09-01,14.8379,16.0008,14.5157,15.1984
LCNB,2017-09-05,14.5552,15.5196,14.5552,14.9564
LCNB,2017-09-06,15.0355,15.0355,14.8379,14.9189
LCNB,2017-09-07,14.9603,15.888,14.6767,14.7964
LCNB,2017-09-08,14.4762,15.1156,14.4762,14.7964
LCNB,2017-09-11,14.7964,14.9979,14.7964,14.9979
LCNB,2017-09-12,15.0355,15.8784,14.9564,15.1984
LCNB,2017-09-13,15.1984,15.9854,15.157,15.237
LCNB,2017-09-14,15.4762,15.4762,15.237,15.4395
LCNB,2017-09-15,15.4762,16.2419,15.4395,15.8784
LCNB,2017-09-18,15.9583,16.4405,15.9583,16.3605
LCNB,2017-09-19,16.2419,16.5206,16.2419,16.402
LCNB,2017-09-20,16.4405,16.6007,16.321,16.402
LCNB,2017-09-21,16.481,16.4839,16.2785,16.4405
LCNB,2017-09-22,16.321,16.8417,16.321,16.8417
LCNB,2017-09-25,16.9226,17.4406,16.402,16.6007
LCNB,2017-09-26,16.7221,17.0741,16.7221,16.9226
LCNB,2017-09-27,16.9612,17.5234,16.8031,17.0808
LCNB,2017-09-28,17.2429,17.2429,16.1618,16.8417
LCNB,2017-09-29,16.8031,16.8581,16.2785,16.8031
LCNB,2017-10-02,16.8031,17.0808,16.8031,17.0423
LCNB,2017-10-03,17.1628,17.1628,16.6825,16.9226
LCNB,2017-10-04,16.9226,16.9226,16.7221,16.7221
LCNB,2017-10-05,16.8417,16.8417,16.5206,16.6411
LCNB,2017-10-06,16.6007,17.0808,16.4405,16.8417
LCNB,2017-10-09,16.7616,16.7616,16.5611,16.6825
LCNB,2017-10-10,16.8417,16.9612,16.6411,16.7616
LCNB,2017-10-11,16.751,17.0423,16.751,17.0017
LCNB,2017-10-12,16.9612,17.2429,16.4405,16.6007
LCNB,2017-10-13,16.6007,16.9612,16.6007,16.7616
LCNB,2017-10-16,16.8822,17.2023,16.8417,17.1628
LCNB,2017-10-17,17.3248,17.3248,16.5312,16.7616
LCNB,2017-10-18,16.5206,16.9825,16.3605,16.8417
LCNB,2017-10-19,16.7616,17.2814,16.7616,17.2814
LCNB,2017-10-20,17.4829,17.4829,17.1233,17.2429
LCNB,2017-10-23,17.2429,17.2429,16.726,17.0017
LCNB,2017-10-24,16.8822,17.1233,16.8494,17.0017
LCNB,2017-10-25,16.1445,17.1628,16.1445,17.1233
LCNB,2017-10-26,17.0808,17.1628,16.9699,17.1628
LCNB,2017-10-27,16.9612,17.4038,16.6825,17.2429
LCNB,2017-10-30,17.0229,17.0229,16.321,16.4405
LCNB,2017-10-31,16.6007,16.6007,16.321,16.3605
LCNB,2017-11-01,16.5206,16.5206,16.0809,16.481
LCNB,2017-11-02,16.3605,17.0808,16.3605,17.0808
LCNB,2017-11-03,16.8822,17.4424,16.8822,17.2429
LCNB,2017-11-06,17.1233,17.2023,17.1233,17.2023
LCNB,2017-11-07,16.9699,17.049,15.9583,16.0383
LCNB,2017-11-08,16.0383,16.2419,15.5572,15.6383
LCNB,2017-11-09,15.6383,16.1975,15.6383,16.0383
LCNB,2017-11-10,16.1618,16.4405,16.0383,16.0809
LCNB,2017-11-13,16.0809,16.1937,16.0008,16.0008
LCNB,2017-11-14,15.9207,16.0008,15.6922,16.0008
LCNB,2017-11-15,15.8417,16.3605,15.6035,15.7182
LCNB,2017-11-16,16.402,16.402,15.8784,16.321
LCNB,2017-11-17,16.1618,16.321,15.9796,16.321
LCNB,2017-11-20,16.1975,16.402,16.1975,16.321
LCNB,2017-11-21,16.1975,16.4405,16.1975,16.3605
LCNB,2017-11-22,16.4405,16.5206,16.402,16.402
LCNB,2017-11-24,16.321,16.402,16.1618,16.2785
LCNB,2017-11-27,16.0383,16.2419,16.0383,16.2419
LCNB,2017-11-28,16.2419,16.9612,16.2419,16.9612
LCNB,2017-11-29,17.0423,17.2023,16.3605,17.0808
LCNB,2017-11-30,17.3325,17.3325,16.6875,16.9689
LCNB,2017-12-01,16.5649,16.9689,16.4058,16.8879
LCNB,2017-12-04,17.0094,17.0953,16.7278,16.7278
LCNB,2017-12-05,16.4849,16.6054,16.4434,16.4849
LCNB,2017-12-06,16.4849,16.8089,16.4849,16.5244
LCNB,2017-12-07,16.4434,16.7664,16.4434,16.6469
LCNB,2017-12-08,16.4058,16.7664,16.4058,16.4849
LCNB,2017-12-11,16.3633,16.6469,16.3633,16.5649
LCNB,2017-12-12,16.8484,17.1917,16.7664,17.049
LCNB,2017-12-13,17.4145,17.6151,17.049,17.4511
LCNB,2017-12-14,17.4511,17.4511,16.9285,17.049
LCNB,2017-12-15,17.2129,17.6556,17.0094,17.1715
LCNB,2017-12-18,17.8138,17.8138,17.292,17.5331
LCNB,2017-12-19,17.2524,17.5755,17.131,17.292
LCNB,2017-12-20,17.3711,17.3711,16.5649,16.5649
LCNB,2017-12-21,16.7278,18.456,16.7278,17.778
LCNB,2017-12-22,17.8165,17.8165,17.6151,17.6151
LCNB,2017-12-26,17.5755,17.6005,17.0094,17.3711
LCNB,2017-12-27,17.4511,17.4511,16.4849,16.7278
LCNB,2017-12-28,16.8879,16.9285,16.6875,16.8879
LCNB,2017-12-29,16.3633,16.7664,16.3633,16.5244
LCNB,2018-01-02,16.6875,16.8484,16.2795,16.4434
LCNB,2018-01-03,16.4434,16.6266,16.2439,16.3238
LCNB,2018-01-04,16.3238,16.9689,16.3238,16.6469
LCNB,2018-01-05,16.6469,16.8089,16.6469,16.8089
LCNB,2018-01-08,17.049,17.049,16.6875,16.8089
LCNB,2018-01-09,16.7278,16.7664,16.3633,16.4058
LCNB,2018-01-10,16.4849,16.6054,16.4849,16.5649
LCNB,2018-01-11,16.4849,17.049,16.4849,17.049
LCNB,2018-01-12,16.8089,17.049,16.8089,17.049
LCNB,2018-01-16,17.049,17.4511,16.8879,16.8879
LCNB,2018-01-17,17.0905,17.4511,16.8879,17.4511
LCNB,2018-01-18,17.292,17.292,16.9285,16.9285
LCNB,2018-01-19,16.7664,17.049,16.6469,16.9689
LCNB,2018-01-22,16.4897,16.8879,15.6363,16.1618
LCNB,2018-01-23,16.1994,16.3633,16.1001,16.3238
LCNB,2018-01-24,16.4849,16.4849,15.9197,15.9197
LCNB,2018-01-25,15.9391,16.1194,15.9391,15.9575
LCNB,2018-01-26,15.9575,16.1107,15.8774,15.9575
LCNB,2018-01-29,15.8774,16.0008,15.8397,15.8397
LCNB,2018-01-30,16.0383,16.1628,15.5957,15.9197
LCNB,2018-01-31,15.9575,16.2795,14.9902,15.7578
LCNB,2018-02-01,15.7963,15.9197,15.5157,15.8397
LCNB,2018-02-02,15.7963,15.9575,15.6363,15.6363
LCNB,2018-02-05,15.4724,15.7164,15.3547,15.3547
LCNB,2018-02-06,14.9478,15.4357,14.7867,15.2313
LCNB,2018-02-07,15.6768,16.0818,15.6768,15.6768
LCNB,2018-02-08,15.4357,15.7164,15.1917,15.1917
LCNB,2018-02-09,15.3547,15.7578,15.3547,15.5157
LCNB,2018-02-12,15.5157,15.6768,15.1117,15.1117
LCNB,2018-02-13,15.0712,15.2111,15.0712,15.1503
LCNB,2018-02-14,15.3547,16.5244,15.1503,15.2738
LCNB,2018-02-15,15.5957,15.5957,15.3123,15.3923
LCNB,2018-02-16,15.2738,15.3547,15.2111,15.2111
LCNB,2018-02-20,15.1917,15.2911,14.9478,14.9902
LCNB,2018-02-21,15.0712,15.5157,15.0712,15.4357
LCNB,2018-02-22,15.1117,15.1917,14.9478,15.0288
LCNB,2018-02-23,15.1917,15.2738,14.9093,15.1917
LCNB,2018-02-26,15.1503,15.3123,14.9902,15.3123
LCNB,2018-02-27,15.6363,15.6363,15.3923,15.5157
LCNB,2018-02-28,15.5629,15.7259,14.9951,15.0751
LCNB,2018-03-01,15.1551,15.6054,15.0751,15.3614
LCNB,2018-03-02,15.1454,15.4425,15.1146,15.3614
LCNB,2018-03-05,15.1551,16.0142,15.1358,15.5234
LCNB,2018-03-06,15.6874,15.8079,15.2805,15.5234
LCNB,2018-03-07,15.3614,15.4,15.1551,15.1551
LCNB,2018-03-08,15.3181,15.8484,15.1146,15.5629
LCNB,2018-03-09,15.5629,15.9314,15.3614,15.8484
LCNB,2018-03-12,15.9709,16.0953,15.8484,15.9314
LCNB,2018-03-13,15.6874,16.0519,15.6874,15.7684
LCNB,2018-03-14,15.8899,16.0142,15.4425,15.8484
LCNB,2018-03-15,15.9709,16.0953,15.8899,15.8899
LCNB,2018-03-16,15.8899,16.4193,15.8484,16.2158
LCNB,2018-03-19,16.2959,16.5823,15.9709,16.2563
LCNB,2018-03-20,16.318,16.4511,15.9709,16.0519
LCNB,2018-03-21,16.2563,16.4193,16.0953,16.2959
LCNB,2018-03-22,16.2959,16.7847,16.1763,16.4588
LCNB,2018-03-23,16.2563,16.2563,15.6874,15.6874
LCNB,2018-03-26,15.8484,16.3769,15.6054,15.7684
LCNB,2018-03-27,15.7713,15.7983,15.4811,15.5234
LCNB,2018-03-28,15.6874,15.9709,15.4811,15.8484
LCNB,2018-03-29,15.7684,16.1338,15.4811,15.4811
LCNB,2018-04-02,15.5629,15.5629,15.1146,15.237
LCNB,2018-04-03,15.2178,15.3614,15.2178,15.2805
LCNB,2018-04-04,15.3614,15.8899,15.3614,15.8079
LCNB,2018-04-05,15.7259,15.8484,15.5234,15.644
LCNB,2018-04-06,15.7684,15.8079,15.2805,15.3614
LCNB,2018-04-09,14.8321,15.3586,14.8321,14.9951
LCNB,2018-04-10,14.9951,15.4425,14.9951,15.3614
LCNB,2018-04-11,15.1984,15.3181,15.1146,15.1984
LCNB,2018-04-12,15.4425,15.5408,15.2805,15.4
LCNB,2018-04-13,15.3614,15.4,15.1984,15.3181
LCNB,2018-04-16,15.3181,15.4,15.1984,15.2805
LCNB,2018-04-17,15.5234,15.5234,15.0751,15.1984
LCNB,2018-04-18,15.237,15.3614,15.1146,15.2805
LCNB,2018-04-19,15.3614,15.3614,15.0751,15.237
LCNB,2018-04-20,15.3181,15.3614,15.0751,15.237
LCNB,2018-04-23,15.3614,15.3614,15.0751,15.237
LCNB,2018-04-24,15.3528,15.3614,15.0751,15.2805
LCNB,2018-04-25,15.2805,15.3614,15.0326,15.1146
LCNB,2018-04-26,15.0751,15.3181,15.0751,15.1551
LCNB,2018-04-27,15.1146,15.2593,15.1146,15.1984
LCNB,2018-04-30,15.2805,15.3614,15.1551,15.237
LCNB,2018-05-01,15.1984,15.3181,15.1551,15.2805
LCNB,2018-05-02,15.1984,15.3181,15.1984,15.2805
LCNB,2018-05-03,15.2805,15.2805,15.1984,15.2805
LCNB,2018-05-04,15.1146,15.4811,15.1146,15.4425
LCNB,2018-05-07,15.4425,15.4425,15.3181,15.4
LCNB,2018-05-08,15.4811,15.4811,15.3181,15.4425
LCNB,2018-05-09,15.3181,15.4811,15.3181,15.4
LCNB,2018-05-10,15.4811,15.4811,15.4,15.4425
LCNB,2018-05-11,15.4811,15.4811,15.3181,15.4425
LCNB,2018-05-14,15.3614,15.4811,15.237,15.3181
LCNB,2018-05-15,15.2805,15.4,15.2805,15.3181
LCNB,2018-05-16,15.1551,15.3181,15.1551,15.2805
LCNB,2018-05-17,15.4811,15.4811,15.2805,15.3614
LCNB,2018-05-18,15.5234,15.5234,15.237,15.4
LCNB,2018-05-21,15.3181,15.4425,15.237,15.4
LCNB,2018-05-22,15.2805,15.5234,15.237,15.3614
LCNB,2018-05-23,15.644,15.8079,15.4811,15.8079
LCNB,2018-05-24,15.4811,15.7259,15.3614,15.644
LCNB,2018-05-25,15.6054,15.6054,15.4,15.5234
LCNB,2018-05-29,15.7259,15.7259,15.4,15.4811
LCNB,2018-05-30,15.6874,16.2158,15.6874,16.0953
LCNB,2018-05-31,16.1831,16.3074,16.0615,16.0615
LCNB,2018-06-01,16.2245,16.4705,16.1474,16.3074
LCNB,2018-06-04,16.4705,16.4705,16.1831,16.3894
LCNB,2018-06-05,16.2245,16.2245,16.101,16.1425
LCNB,2018-06-06,16.1425,16.1425,16.101,16.101
LCNB,2018-06-07,16.7596,16.7596,16.0192,16.1425
LCNB,2018-06-08,16.1425,16.1425,16.0615,16.0615
LCNB,2018-06-11,16.1425,16.1425,16.0192,16.101
LCNB,2018-06-12,16.0192,16.101,15.7771,16.0615
LCNB,2018-06-13,15.9525,16.3894,15.9525,16.2245
LCNB,2018-06-14,16.266,16.266,16.0192,16.1425
LCNB,2018-06-15,16.1831,16.3074,15.8127,16.1425
LCNB,2018-06-18,16.0192,16.3894,16.0192,16.1831
LCNB,2018-06-19,15.9786,16.2245,15.7722,16.101
LCNB,2018-06-20,16.3894,16.5524,16.2245,16.4705
LCNB,2018-06-21,16.4705,16.9642,16.4705,16.9642
LCNB,2018-06-22,16.9236,16.9236,16.8002,16.8822
LCNB,2018-06-25,16.8407,16.8822,16.4309,16.8407
LCNB,2018-06-26,16.6778,16.9642,16.4791,16.8002
LCNB,2018-06-27,16.6343,16.8002,16.5119,16.7596
LCNB,2018-06-28,16.6343,16.8407,16.5119,16.7173
LCNB,2018-06-29,16.7173,16.9236,16.1425,16.1831
LCNB,2018-07-02,16.2245,16.5957,16.2245,16.4705
LCNB,2018-07-03,16.5524,16.6343,16.3894,16.4309
LCNB,2018-07-05,16.3894,16.7173,16.3894,16.6778
LCNB,2018-07-06,16.5957,16.6778,16.3074,16.6778
LCNB,2018-07-09,16.7173,16.7596,16.4309,16.5119
LCNB,2018-07-10,16.4705,16.4705,15.9381,16.0615
LCNB,2018-07-11,16.266,16.3797,16.1831,16.1831
LCNB,2018-07-12,16.0192,16.0192,15.7395,15.8957
LCNB,2018-07-13,15.8957,16.0192,15.7365,16.0192
LCNB,2018-07-16,15.9506,16.0192,15.7771,15.8957
LCNB,2018-07-17,15.7318,15.7365,15.6488,15.6488
LCNB,2018-07-18,15.7983,15.7983,15.6488,15.6912
LCNB,2018-07-19,15.6488,15.9786,15.6488,15.7722
LCNB,2018-07-20,15.8127,15.9786,15.6488,15.7722
LCNB,2018-07-23,15.617,15.7385,15.4454,15.5273
LCNB,2018-07-24,15.5659,15.5659,15.32,15.3643
LCNB,2018-07-25,15.3943,15.4848,15.2911,15.402
LCNB,2018-07-26,15.5273,15.5659,15.402,15.5273
LCNB,2018-07-27,15.4241,15.4241,15.1146,15.2825
LCNB,2018-07-30,15.4848,15.5485,15.32,15.32
LCNB,2018-07-31,15.402,15.4848,15.1146,15.2825
LCNB,2018-08-01,15.3643,15.4848,15.0317,15.1561
LCNB,2018-08-02,15.2825,15.6084,15.1984,15.6084
LCNB,2018-08-03,15.6084,15.6084,15.402,15.4454
LCNB,2018-08-06,15.5659,16.0615,15.4454,15.6084
LCNB,2018-08-07,15.6084,16.4705,15.589,16.3479
LCNB,2018-08-08,16.2245,16.5524,16.2245,16.5119
LCNB,2018-08-09,16.4309,16.8407,16.2245,16.6343
LCNB,2018-08-10,16.7173,16.9642,16.266,16.3479
LCNB,2018-08-13,16.4309,16.4309,15.0317,15.238
LCNB,2018-08-14,15.238,15.7318,15.238,15.6912
LCNB,2018-08-15,15.9381,15.9381,15.6084,15.6488
LCNB,2018-08-16,15.6247,15.8127,15.5659,15.7318
LCNB,2018-08-17,15.6488,15.7318,15.4848,15.5659
LCNB,2018-08-20,15.7722,15.7722,15.2825,15.402
LCNB,2018-08-21,15.4848,15.8957,15.4848,15.6488
LCNB,2018-08-22,15.6912,15.6912,15.4454,15.6084
LCNB,2018-08-23,15.5273,15.6084,15.4454,15.5273
LCNB,2018-08-24,15.4434,15.5273,15.3643,15.4848
LCNB,2018-08-27,15.4848,15.8127,15.3643,15.402
LCNB,2018-08-28,15.402,15.6054,15.2825,15.402
LCNB,2018-08-29,15.402,15.402,15.32,15.32
LCNB,2018-08-30,15.3643,15.4598,15.2651,15.3643
LCNB,2018-08-31,15.374,15.537,15.3711,15.4116
LCNB,2018-09-04,15.4116,15.4116,14.859,14.916
LCNB,2018-09-05,14.8735,15.1203,14.8543,15.1203
LCNB,2018-09-06,14.9555,15.2872,14.916,15.2024
LCNB,2018-09-07,15.2024,15.3287,14.9979,15.2024
LCNB,2018-09-10,15.2024,15.454,15.2024,15.454
LCNB,2018-09-11,15.537,15.7019,15.537,15.6199
LCNB,2018-09-12,15.6199,15.7433,15.5766,15.6604
LCNB,2018-09-13,15.7433,15.8272,15.6199,15.6199
LCNB,2018-09-14,15.2872,15.7848,15.2467,15.6604
LCNB,2018-09-17,15.7019,15.7433,15.5562,15.7019
LCNB,2018-09-18,15.6806,15.7019,15.3287,15.3287
LCNB,2018-09-19,15.6604,15.9102,15.4116,15.4935
LCNB,2018-09-20,15.6199,15.9488,15.6199,15.6199
LCNB,2018-09-21,15.5766,15.8657,15.537,15.7433
LCNB,2018-09-24,15.7848,15.7848,15.454,15.4935
LCNB,2018-09-25,15.5766,15.5766,15.1203,15.1638
LCNB,2018-09-26,15.3287,15.3711,15.1638,15.1638
LCNB,2018-09-27,15.1984,15.4116,15.1888,15.3287
LCNB,2018-09-28,15.454,15.6604,15.3287,15.454
LCNB,2018-10-01,15.454,15.454,15.3383,15.346
LCNB,2018-10-02,15.4231,15.6604,15.3287,15.3383
LCNB,2018-10-03,15.3287,15.5766,15.3287,15.4858
LCNB,2018-10-04,15.5321,15.7433,15.4935,15.5457
LCNB,2018-10-05,15.5861,15.5861,15.3287,15.3287
LCNB,2018-10-08,15.4598,15.6517,15.4203,15.5283
LCNB,2018-10-09,15.537,15.7356,15.537,15.643
LCNB,2018-10-10,15.5515,15.6942,15.3711,15.3711
LCNB,2018-10-11,15.429,15.5948,15.3287,15.3287
LCNB,2018-10-12,15.6286,15.6778,15.3287,15.402
LCNB,2018-10-15,15.402,15.6681,15.2554,15.3643
LCNB,2018-10-16,15.4386,15.643,15.4386,15.5602
LCNB,2018-10-17,15.4694,15.6778,15.2206,15.3287
LCNB,2018-10-18,15.4116,15.4116,15.1203,15.1638
LCNB,2018-10-19,15.0722,15.3287,15.0722,15.129
LCNB,2018-10-22,15.0384,15.1783,14.9555,15.023
LCNB,2018-10-23,14.9623,14.9719,14.6662,14.6662
LCNB,2018-10-24,14.7588,14.7588,14.1281,14.1281
LCNB,2018-10-25,14.1696,14.4675,13.7733,13.9873
LCNB,2018-10-26,13.9121,14.2921,13.9121,13.9873
LCNB,2018-10-29,14.0858,14.4839,14.0858,14.2853
LCNB,2018-10-30,14.3595,14.3595,14.0066,14.0548
LCNB,2018-10-31,14.102,14.1281,13.9362,14.0781
LCNB,2018-11-01,14.0548,14.0935,13.9053,13.9536
LCNB,2018-11-02,14.2593,14.2593,13.9198,13.9536
LCNB,2018-11-05,13.9622,14.3923,13.9536,13.9536
LCNB,2018-11-06,14.133,14.133,13.9613,13.9622
LCNB,2018-11-07,14.0616,14.0616,13.8793,13.8793
LCNB,2018-11-08,13.8793,13.9536,13.7964,13.8138
LCNB,2018-11-09,13.8706,13.8706,13.7126,13.7126
LCNB,2018-11-12,13.7462,14.1368,13.6295,13.7559
LCNB,2018-11-13,13.6884,14.0452,13.6556,13.7636
LCNB,2018-11-14,13.7462,13.8957,13.6295,13.672
LCNB,2018-11-15,13.6633,13.8128,13.5563,13.7221
LCNB,2018-11-16,13.6633,13.9198,13.3576,13.8619
LCNB,2018-11-19,13.9198,13.9198,13.4647,13.6054
LCNB,2018-11-20,13.5563,13.8793,13.048,13.0992
LCNB,2018-11-21,13.1754,13.5052,13.1754,13.4907
LCNB,2018-11-23,13.4222,13.4222,13.1908,13.4222
LCNB,2018-11-26,13.1329,13.5466,13.1329,13.3325
LCNB,2018-11-27,13.5737,13.5891,13.2062,13.3817
LCNB,2018-11-28,13.4058,13.7964,13.4058,13.7221
LCNB,2018-11-29,13.778,13.8619,13.6633,13.7317
LCNB,2018-11-30,13.8638,13.8638,13.3615,13.4279
LCNB,2018-12-03,13.5293,13.6199,13.3952,13.4782
LCNB,2018-12-04,13.6035,13.6035,13.1435,13.1522
LCNB,2018-12-06,12.9276,13.8976,12.9276,13.3277
LCNB,2018-12-07,13.6199,13.6199,13.0693,13.1936
LCNB,2018-12-10,13.1261,13.4202,13.1261,13.4202
LCNB,2018-12-11,13.5293,13.5293,13.4366,13.4956
LCNB,2018-12-12,13.4879,13.6556,13.2689,13.3692
LCNB,2018-12-13,13.4782,13.4782,13.1011,13.1011
LCNB,2018-12-14,13.1011,13.1098,12.8591,12.943
LCNB,2018-12-17,12.9015,13.1561,12.7829,12.8918
LCNB,2018-12-18,12.9757,13.3113,12.7752,13.1098
LCNB,2018-12-19,13.1522,13.3113,12.8176,12.8513
LCNB,2018-12-20,12.808,13.2362,12.7279,12.995
LCNB,2018-12-21,12.943,13.1522,12.5572,13.1522
LCNB,2018-12-24,13.1011,13.1011,12.1879,12.2882
LCNB,2018-12-26,12.4753,13.1184,12.4309,13.1184
LCNB,2018-12-27,12.7511,12.995,12.5794,12.808
LCNB,2018-12-28,12.9854,13.2197,12.5987,12.7993
LCNB,2018-12-31,13.1261,13.1619,12.5987,12.6835
LCNB,2019-01-02,12.7251,12.9757,12.6248,12.9757
LCNB,2019-01-03,12.9498,12.995,12.7646,12.7675
LCNB,2019-01-04,13.1773,13.1773,12.5949,13.0259
LCNB,2019-01-07,13.0326,13.185,12.8523,13.05
LCNB,2019-01-08,13.0597,13.185,12.8918,13.0182
LCNB,2019-01-09,13.0037,13.1773,12.9015,13.1773
LCNB,2019-01-10,13.0693,13.211,13.0693,13.185
LCNB,2019-01-11,13.1011,13.294,13.1011,13.2689
LCNB,2019-01-14,13.1011,13.4202,13.05,13.3113
LCNB,2019-01-15,13.319,13.5244,13.319,13.4956
LCNB,2019-01-16,13.4453,13.6382,13.4366,13.6382
LCNB,2019-01-17,13.563,13.6633,13.2535,13.4116
LCNB,2019-01-18,13.5717,13.5717,13.4366,13.4879
LCNB,2019-01-22,13.5119,13.7221,13.4453,13.6131
LCNB,2019-01-23,13.7221,13.7703,13.6469,13.7221
LCNB,2019-01-24,13.7317,13.7636,13.5544,13.6952
LCNB,2019-01-25,13.7703,13.7703,13.5196,13.7636
LCNB,2019-01-28,13.7636,13.7636,13.5196,13.7559
LCNB,2019-01-29,13.6875,13.8147,13.6556,13.6633
LCNB,2019-01-30,13.8061,13.8976,13.6556,13.8889
LCNB,2019-01-31,13.8976,13.9826,13.7317,13.8147
LCNB,2019-02-01,13.8147,13.9729,13.6952,13.9729
LCNB,2019-02-04,13.9729,14.2457,13.9391,14.2323
LCNB,2019-02-05,14.2081,14.2785,14.1656,14.1656
LCNB,2019-02-06,14.2564,14.2564,14.1156,14.1484
LCNB,2019-02-07,14.1985,14.2737,14.1484,14.2737
LCNB,2019-02-08,14.0721,14.4,14.0721,14.2236
LCNB,2019-02-11,14.2737,14.3161,14.1656,14.1656
LCNB,2019-02-12,14.2988,14.2988,14.1156,14.2081
LCNB,2019-02-13,14.0895,14.2236,14.0771,14.2236
LCNB,2019-02-14,14.1656,14.1656,14.0577,14.0577
LCNB,2019-02-15,14.0721,14.2323,14.0721,14.1898
LCNB,2019-02-19,14.1561,14.2737,14.1561,14.2651
LCNB,2019-02-20,14.2737,14.2737,14.0326,14.0818
LCNB,2019-02-21,14.2534,14.2737,14.1734,14.1985
LCNB,2019-02-22,14.2651,14.3489,14.1821,14.3489
LCNB,2019-02-25,14.3576,14.4396,14.3393,14.4
LCNB,2019-02-26,14.4396,14.4396,14.1069,14.1734
LCNB,2019-02-27,14.237,14.241,14.1484,14.1561
LCNB,2019-02-28,14.3287,14.4607,14.2698,14.3759
LCNB,2019-03-01,14.3856,14.5457,14.3856,14.5361
LCNB,2019-03-04,14.4704,14.6296,14.4607,14.5543
LCNB,2019-03-05,14.5052,14.5968,14.5052,14.5052
LCNB,2019-03-06,14.5813,14.5813,14.3181,14.4704
LCNB,2019-03-07,14.1734,14.5361,14.1656,14.1734
LCNB,2019-03-08,14.1656,14.3595,14.1656,14.1656
LCNB,2019-03-11,14.1656,14.3499,14.1656,14.3499
LCNB,2019-03-12,14.2651,14.428,14.1821,14.2419
LCNB,2019-03-13,14.3268,14.4348,14.2333,14.3759
LCNB,2019-03-14,14.4965,14.4965,14.3759,14.3856
LCNB,2019-03-15,14.4203,14.5438,14.3084,14.4965
LCNB,2019-03-18,14.4425,14.563,14.4048,14.4607
LCNB,2019-03-19,14.5197,14.5197,14.3094,14.3094
LCNB,2019-03-20,14.3287,14.3354,14.1146,14.1734
LCNB,2019-03-21,14.2246,14.2843,13.9545,13.996
LCNB,2019-03-22,14.2091,14.2091,13.8263,13.9362
LCNB,2019-03-25,13.8601,14.1898,13.6989,14.0808
LCNB,2019-03-26,14.1656,14.2911,13.9989,14.0808
LCNB,2019-03-27,14.1243,14.3759,14.0037,14.0972
LCNB,2019-03-28,14.0307,14.5052,14.0211,14.5052
LCNB,2019-03-29,14.3662,14.5457,14.3662,14.5052
LCNB,2019-04-01,14.5457,14.5813,14.3007,14.4107
LCNB,2019-04-02,14.3007,14.3268,14.1821,14.2506
LCNB,2019-04-03,14.2506,14.2843,14.0972,14.0972
LCNB,2019-04-04,13.9642,14.2564,13.9642,14.1243
LCNB,2019-04-05,14.1734,14.3595,13.9796,14.3007
LCNB,2019-04-08,14.1734,14.3595,14.0634,14.2911
LCNB,2019-04-09,14.3354,14.3548,14.1561,14.1561
LCNB,2019-04-10,14.2911,14.3007,14.1146,14.2333
LCNB,2019-04-11,14.3055,14.3055,14.0567,14.0567
LCNB,2019-04-12,14.1243,14.3354,14.0567,14.2506
LCNB,2019-04-15,14.1773,14.2506,14.0808,14.2333
LCNB,2019-04-16,14.1656,14.3759,14.1484,14.1995
LCNB,2019-04-17,14.2091,14.2091,13.941,13.9545
LCNB,2019-04-18,13.8957,14.3316,13.8021,13.9112
LCNB,2019-04-22,13.7838,14.133,13.7838,14.0808
LCNB,2019-04-23,14.1898,14.1898,13.996,14.1243
LCNB,2019-04-24,14.1204,14.3759,14.1204,14.2506
LCNB,2019-04-25,14.2564,14.2911,14.2564,14.2843
LCNB,2019-04-26,14.2149,14.2149,14.2149,14.2149
LCNB,2019-04-29,14.1995,14.3662,14.1947,14.3595
LCNB,2019-04-30,14.3662,14.3759,14.2333,14.3759
LCNB,2019-05-01,14.3007,14.3499,14.0674,14.1243
LCNB,2019-05-02,14.1821,14.3268,14.1445,14.2333
LCNB,2019-05-03,14.2506,14.3759,14.2506,14.3662
LCNB,2019-05-06,14.2651,14.5813,14.2651,14.3662
LCNB,2019-05-07,14.2853,14.4425,14.1561,14.2149
LCNB,2019-05-08,14.2246,14.4965,14.2246,14.4425
LCNB,2019-05-09,14.2506,14.4868,14.2506,14.3094
LCNB,2019-05-10,14.3662,14.4607,14.3508,14.4511
LCNB,2019-05-13,14.3759,14.5052,14.2333,14.403
LCNB,2019-05-14,14.4203,14.5052,14.3856,14.4965
LCNB,2019-05-15,14.5274,14.5457,14.4251,14.5274
LCNB,2019-05-16,14.4607,14.5457,14.3759,14.5129
LCNB,2019-05-17,14.3856,14.5361,14.3759,14.4203
LCNB,2019-05-20,14.5197,14.5457,14.4791,14.5457
LCNB,2019-05-21,14.5457,14.5891,14.5052,14.5274
LCNB,2019-05-22,14.5891,14.5891,14.3856,14.5891
LCNB,2019-05-23,14.4791,14.5891,14.4348,14.5361
LCNB,2019-05-24,14.5891,14.5891,14.3354,14.5813
LCNB,2019-05-28,14.5813,14.5891,14.5129,14.5129
LCNB,2019-05-29,14.4868,14.5813,14.3316,14.4107
LCNB,2019-05-30,14.4203,14.5891,14.2149,14.2246
LCNB,2019-05-31,14.4222,14.7375,14.4048,14.4984
LCNB,2019-06-03,14.4811,14.4984,14.2419,14.4299
LCNB,2019-06-04,14.5224,14.5224,14.3875,14.4366
LCNB,2019-06-05,14.4348,14.5138,14.3518,14.4453
LCNB,2019-06-06,14.4366,14.4734,14.1812,14.2091
LCNB,2019-06-07,14.3875,14.4366,14.3017,14.3431
LCNB,2019-06-10,14.454,14.5224,14.3104,14.4366
LCNB,2019-06-11,14.4366,14.5138,14.3518,14.4366
LCNB,2019-06-12,14.4366,14.4811,14.4126,14.4366
LCNB,2019-06-13,14.4811,14.5224,14.3643,14.4811
LCNB,2019-06-14,14.4811,14.5224,14.4126,14.4811
LCNB,2019-06-17,14.4366,14.5996,13.9333,14.5842
LCNB,2019-06-18,14.5669,14.6941,14.4984,14.6845
LCNB,2019-06-19,14.5996,14.7548,14.5138,14.7462
LCNB,2019-06-20,14.7462,15.2506,14.6941,15.2148
LCNB,2019-06-21,15.1203,15.9179,14.6672,15.4791
LCNB,2019-06-24,16.2872,17.0355,15.4916,15.779
LCNB,2019-06-25,15.7375,15.863,15.6179,15.863
LCNB,2019-06-26,15.5679,15.8466,15.5679,15.8099
LCNB,2019-06-27,15.7703,16.6257,15.6942,16.3605
LCNB,2019-06-28,16.3267,16.4897,16.1965,16.2332
LCNB,2019-07-01,16.2496,16.3006,16.0886,16.2158
LCNB,2019-07-02,16.0172,16.1772,15.7028,15.7963
LCNB,2019-07-03,15.9179,15.9179,15.7963,15.8821
LCNB,2019-07-05,15.8224,15.8821,15.779,15.8311
LCNB,2019-07-08,15.8127,16.0028,15.8127,15.9411
LCNB,2019-07-09,15.9256,15.9324,15.5572,15.6343
LCNB,2019-07-10,15.6594,15.8821,15.456,15.5649
LCNB,2019-07-11,15.7876,15.7963,15.4714,15.642
LCNB,2019-07-12,15.642,15.805,15.5736,15.6507
LCNB,2019-07-15,15.591,15.591,15.2842,15.3441
LCNB,2019-07-16,15.2322,15.4965,15.2322,15.429
LCNB,2019-07-17,15.3441,15.3991,15.2765,15.3354
LCNB,2019-07-18,15.3441,15.4473,15.2506,15.3856
LCNB,2019-07-19,15.3094,15.5234,15.0616,15.182
LCNB,2019-07-22,15.1203,15.4386,15.0355,15.4203
LCNB,2019-07-23,15.4203,15.4203,15.0885,15.1464
LCNB,2019-07-24,15.1126,15.5997,15.1126,15.4965
LCNB,2019-07-25,15.4203,15.591,15.1897,15.3769
LCNB,2019-07-26,15.2765,15.5823,15.2765,15.5148
LCNB,2019-07-29,15.5148,15.5418,15.3769,15.3769
LCNB,2019-07-30,15.3528,15.591,15.3258,15.5823
LCNB,2019-07-31,15.5418,15.7067,15.3769,15.3856
LCNB,2019-08-01,15.402,15.4116,15.182,15.182
LCNB,2019-08-02,15.182,15.182,15.0355,15.0712
LCNB,2019-08-05,14.8561,15.3943,14.4811,14.4984
LCNB,2019-08-06,14.5669,14.7877,14.508,14.5669
LCNB,2019-08-07,14.4811,14.9757,14.4811,14.508
LCNB,2019-08-08,14.5996,14.8648,14.5302,14.5398
LCNB,2019-08-09,14.6343,14.7019,14.5302,14.5398
LCNB,2019-08-12,14.5669,14.6643,14.4898,14.4898
LCNB,2019-08-13,14.508,14.6613,14.508,14.643
LCNB,2019-08-14,14.5302,14.5756,14.3104,14.3191
LCNB,2019-08-15,14.3422,14.5224,14.2853,14.4299
LCNB,2019-08-16,14.4811,15.0355,14.3191,14.9083
LCNB,2019-08-19,14.9083,14.9083,14.3779,14.6767
LCNB,2019-08-20,14.6643,14.7193,14.5669,14.6343
LCNB,2019-08-21,14.5756,14.5842,14.2091,14.3431
LCNB,2019-08-22,14.454,14.5669,14.3122,14.3682
LCNB,2019-08-23,14.4366,14.508,13.8475,13.8475
LCNB,2019-08-26,14.0694,14.6083,14.0694,14.5996
LCNB,2019-08-27,14.5495,14.5495,14.1995,14.2091
LCNB,2019-08-28,14.2246,14.3595,13.8919,14.0094
LCNB,2019-08-29,13.9931,14.4637,13.9931,14.2149
LCNB,2019-08-30,14.3538,14.4752,14.1425,14.4752
LCNB,2019-09-03,14.428,14.7163,14.2862,14.4242
LCNB,2019-09-04,14.3798,14.5438,14.32,14.4926
LCNB,2019-09-05,14.6479,14.8879,14.5438,14.5534
LCNB,2019-09-06,14.6479,14.7163,14.3374,14.3971
LCNB,2019-09-09,14.4155,15.0519,14.4155,14.916
LCNB,2019-09-10,14.9747,15.2477,14.8677,15.0712
LCNB,2019-09-11,15.1059,15.1657,14.9584,15.0885
LCNB,2019-09-12,15.1474,15.7009,15.0972,15.4338
LCNB,2019-09-13,15.5379,15.5379,14.9024,15.0105
LCNB,2019-09-16,15.0885,15.2245,14.8879,15.0616
LCNB,2019-09-17,14.9497,15.1136,14.5438,15.0616
LCNB,2019-09-18,15.0972,15.0972,14.6382,14.7684
LCNB,2019-09-19,14.7607,14.9324,14.4667,14.4926
LCNB,2019-09-20,14.4829,15.3981,14.3702,15.3981
LCNB,2019-09-23,15.3663,15.4511,15.0008,15.3566
LCNB,2019-09-24,15.4839,15.4839,14.9747,15.1561
LCNB,2019-09-25,15.2929,15.5012,15.1793,15.4743
LCNB,2019-09-26,15.347,15.4511,15.2515,15.2929
LCNB,2019-09-27,15.347,15.4145,15.0885,15.0885
LCNB,2019-09-30,15.1387,15.4338,15.1387,15.3123
LCNB,2019-10-01,15.3123,15.32,14.9237,14.9324
LCNB,2019-10-02,14.293,15.1753,14.293,14.9844
LCNB,2019-10-03,14.5611,14.9584,14.5611,14.7607
LCNB,2019-10-04,14.753,14.9497,14.6219,14.8389
LCNB,2019-10-07,14.8466,15.0201,14.7607,14.8389
LCNB,2019-10-08,14.8389,14.9747,14.7221,14.7684
LCNB,2019-10-09,14.9266,15.0201,14.7424,14.9324
LCNB,2019-10-10,15.0008,15.0519,14.6903,14.916
LCNB,2019-10-11,15.0519,15.2611,14.8292,14.8543
LCNB,2019-10-14,14.7511,14.8976,14.7511,14.8879
LCNB,2019-10-15,14.8118,15.0355,14.6826,15.0201
LCNB,2019-10-16,15.0972,15.3123,15.0432,15.2515
LCNB,2019-10-17,15.0943,15.3123,14.9063,15.1753
LCNB,2019-10-18,15.0519,15.32,15.0519,15.1753
LCNB,2019-10-21,15.3123,15.5244,15.2071,15.5012
LCNB,2019-10-22,14.5534,15.5379,14.5534,15.4598
LCNB,2019-10-23,15.4916,15.6324,15.4916,15.5379
LCNB,2019-10-24,15.6064,15.6064,15.2611,15.2698
LCNB,2019-10-25,15.3345,15.5109,15.3345,15.4338
LCNB,2019-10-28,15.4791,15.6738,15.4791,15.6238
LCNB,2019-10-29,15.6228,15.7009,15.6151,15.6574
LCNB,2019-10-30,15.4068,15.6324,15.4068,15.6151
LCNB,2019-10-31,15.588,15.6392,15.2795,15.6064
LCNB,2019-11-01,15.6064,15.6238,15.5534,15.6151
LCNB,2019-11-04,15.6238,15.6643,15.5466,15.6392
LCNB,2019-11-05,15.6064,15.6643,15.6064,15.6643
LCNB,2019-11-06,15.5783,15.6643,15.4241,15.4241
LCNB,2019-11-07,15.5697,15.6574,15.5196,15.6392
LCNB,2019-11-08,15.5283,15.6305,15.3287,15.3287
LCNB,2019-11-11,15.3663,15.6151,15.2795,15.5466
LCNB,2019-11-12,15.5833,15.6643,15.5697,15.5697
LCNB,2019-11-13,15.4916,15.7009,15.4916,15.6738
LCNB,2019-11-14,15.6922,15.778,15.5783,15.5783
LCNB,2019-11-15,15.7096,15.7259,15.5534,15.5534
LCNB,2019-11-18,15.4916,15.7519,15.4058,15.7433
LCNB,2019-11-19,15.7953,15.8388,15.7356,15.8118
LCNB,2019-11-20,15.7606,15.9941,15.7009,15.8466
LCNB,2019-11-21,15.9179,15.9593,15.7096,15.8301
LCNB,2019-11-22,15.9411,15.9411,15.7953,15.8466
LCNB,2019-11-25,15.9498,16.1416,15.8995,16.0452
LCNB,2019-11-26,16.0548,16.1233,15.8899,16.0192
LCNB,2019-11-27,16.105,16.1416,16.0722,16.1416
LCNB,2019-11-29,16.1493,16.1493,16.0442,16.1137
LCNB,2019-12-02,16.0625,16.105,15.9757,16.0115
LCNB,2019-12-03,15.9053,16.2284,15.8793,16.1233
LCNB,2019-12-04,16.1667,16.2892,16.0712,16.0712
LCNB,2019-12-05,15.888,16.0442,15.888,15.9844
LCNB,2019-12-06,16.1233,16.4454,16.0982,16.3392
LCNB,2019-12-09,16.1387,16.2979,16.0538,16.2284
LCNB,2019-12-10,16.0973,16.3392,15.6961,16.3392
LCNB,2019-12-11,16.2979,16.5591,16.2979,16.5591
LCNB,2019-12-12,16.4983,16.8899,16.4115,16.8465
LCNB,2019-12-13,16.5851,16.8985,16.4038,16.8899
LCNB,2019-12-16,16.9429,16.9429,16.7337,16.8041
LCNB,2019-12-17,16.6999,16.9159,16.6999,16.9159
LCNB,2019-12-18,16.9863,16.9863,16.6151,16.8985
LCNB,2019-12-19,16.8108,16.9429,16.7596,16.7596
LCNB,2019-12-20,16.6979,16.9776,16.2352,16.9776
LCNB,2019-12-23,16.8638,16.8822,16.6372,16.7337
LCNB,2019-12-24,16.8735,16.9516,16.8079,16.9516
LCNB,2019-12-26,16.8735,16.9863,16.8735,16.8899
LCNB,2019-12-27,16.725,16.9776,16.725,16.9776
LCNB,2019-12-30,16.9072,16.994,16.7288,16.9516
LCNB,2019-12-31,16.6285,16.9333,16.6285,16.8205
LCNB,2020-01-02,16.9333,16.9333,16.5851,16.5851
LCNB,2020-01-03,16.5851,16.5851,16.3856,16.4115
LCNB,2020-01-06,16.4038,16.5408,16.2284,16.4367
LCNB,2020-01-07,16.3586,16.4618,16.1754,16.1754
LCNB,2020-01-08,16.2612,16.3856,16.2284,16.316
LCNB,2020-01-09,16.2795,16.2795,15.7665,16.1831
LCNB,2020-01-10,16.1754,16.1754,15.7838,15.9662
LCNB,2020-01-13,15.9324,16.0625,15.9053,16.0625
LCNB,2020-01-14,16.0115,16.0461,15.915,15.915
LCNB,2020-01-15,15.8697,15.9931,15.7308,15.8272
LCNB,2020-01-16,15.8523,16.1233,15.8523,15.8793
LCNB,2020-01-17,16.0799,16.0799,15.7395,15.8176
LCNB,2020-01-21,15.7221,15.862,15.7221,15.7742
LCNB,2020-01-22,15.8012,15.8012,15.6092,15.6092
LCNB,2020-01-23,15.3393,15.6961,15.2834,15.6527
LCNB,2020-01-24,15.888,15.888,15.4261,15.4771
LCNB,2020-01-27,15.2862,15.6276,15.2862,15.3393
LCNB,2020-01-28,15.4945,15.5736,15.4704,15.5736
LCNB,2020-01-29,15.562,15.562,15.3913,15.3913
LCNB,2020-01-30,15.2698,15.5823,15.2698,15.3479
LCNB,2020-01-31,15.2515,15.2795,14.2573,14.4396
LCNB,2020-02-03,14.6065,14.7115,14.563,14.6151
LCNB,2020-02-04,14.807,15.0413,14.5234,14.9033
LCNB,2020-02-05,15.0336,15.5592,14.9207,15.1994
LCNB,2020-02-06,15.2862,15.3123,14.6767,14.8339
LCNB,2020-02-07,14.912,14.9719,14.7462,14.7809
LCNB,2020-02-10,14.8842,14.9033,14.6767,14.8938
LCNB,2020-02-11,14.9815,15.1743,14.912,15.0075
LCNB,2020-02-12,15.1126,15.1126,14.9294,14.9911
LCNB,2020-02-13,14.9033,15.1039,14.9033,15.0596
LCNB,2020-02-14,15.0201,15.0422,14.6412,14.7019
LCNB,2020-02-18,14.911,14.911,14.4338,14.7635
LCNB,2020-02-19,15.0693,15.0866,14.7722,14.8339
LCNB,2020-02-20,14.9294,15.0645,14.9207,14.9294
LCNB,2020-02-21,14.9555,14.9719,14.8339,14.8339
LCNB,2020-02-24,14.8339,14.8339,14.3798,14.4945
LCNB,2020-02-25,14.5726,14.6681,14.3325,14.4762
LCNB,2020-02-26,14.5032,14.7193,14.4338,14.6412
LCNB,2020-02-27,14.3981,14.673,14.1706,14.1706
LCNB,2020-02-28,14.3239,14.3239,13.5003,13.9516
LCNB,2020-03-02,14.0731,14.5938,13.8745,14.347
LCNB,2020-03-03,14.2062,14.267,13.5717,13.5717
LCNB,2020-03-04,13.9227,14.4348,13.6208,14.2419
LCNB,2020-03-05,13.3374,14.4357,13.1841,13.7385
LCNB,2020-03-06,13.7317,14.1378,13.4926,13.9776
LCNB,2020-03-09,13.211,14.0741,12.5437,13.1928
LCNB,2020-03-10,13.51,13.7039,12.6903,13.6604
LCNB,2020-03-11,13.2275,13.2526,12.4705,12.7877
LCNB,2020-03-12,12.0125,12.3384,10.6373,11.3605
LCNB,2020-03-13,11.456,14.0731,11.2892,14.0731
LCNB,2020-03-16,13.211,14.9641,12.3384,12.778
LCNB,2020-03-17,14.0818,14.1002,12.3817,14.0818
LCNB,2020-03-18,13.3875,13.3875,11.5891,11.5891
LCNB,2020-03-19,11.6152,13.1841,11.3162,13.1841
LCNB,2020-03-20,12.8754,13.2197,10.5033,10.699
LCNB,2020-03-23,10.8485,12.1879,8.83964,11.8359
LCNB,2020-03-24,12.3817,13.0249,11.1484,13.0162
LCNB,2020-03-25,12.7703,12.7703,11.7472,12.1263
LCNB,2020-03-26,12.7703,12.7703,11.7742,12.3384
LCNB,2020-03-27,11.6864,12.3384,11.2371,11.2371
LCNB,2020-03-30,11.5013,11.5891,10.3191,10.9025
LCNB,2020-03-31,11.0154,11.1031,9.27955,11.1031
LCNB,2020-04-01,10.0037,11.1484,9.70193,9.74724
LCNB,2020-04-02,9.8273,10.4531,9.53509,9.83501
LCNB,2020-04-03,9.64986,9.80894,9.4917,9.51774
LCNB,2020-04-06,10.1339,11.0154,10.1339,11.0154
LCNB,2020-04-07,11.0154,11.2621,9.72989,10.0635
LCNB,2020-04-08,10.4956,11.2805,10.4406,11.2111
LCNB,2020-04-09,11.3769,12.134,10.9266,12.0125
LCNB,2020-04-13,11.863,12.1802,11.5612,12.0125
LCNB,2020-04-14,12.2225,12.833,11.6951,11.7472
LCNB,2020-04-15,11.0858,11.0858,10.2767,10.2767
LCNB,2020-04-16,10.1619,10.3287,9.27955,10.2767
LCNB,2020-04-17,10.7076,11.0067,10.4695,10.7964
LCNB,2020-04-20,10.3904,11.456,10.2767,10.4252
LCNB,2020-04-21,10.5755,10.5755,10.2053,10.513
LCNB,2020-04-22,10.9893,10.9893,10.3374,10.7337
LCNB,2020-04-23,10.6546,11.2323,10.3817,10.5824
LCNB,2020-04-24,10.5505,11.0067,10.3287,11.0067
LCNB,2020-04-27,11.132,12.6634,11.132,12.5582
LCNB,2020-04-28,13.0423,13.104,11.4059,12.9535
LCNB,2020-04-29,13.2197,14.0017,12.9121,13.2911
LCNB,2020-04-30,12.9217,13.2197,12.1531,12.6383
LCNB,2020-05-01,12.1879,12.347,11.3866,11.4926
LCNB,2020-05-04,11.456,12.3914,11.456,12.3721
LCNB,2020-05-05,12.6547,12.9911,12.0732,12.0828
LCNB,2020-05-06,12.0915,12.5312,11.5013,11.5013
LCNB,2020-05-07,11.809,11.809,11.4386,11.7559
LCNB,2020-05-08,12.0732,12.4521,11.9093,11.9237
LCNB,2020-05-11,11.7385,12.1263,11.5264,11.6864
LCNB,2020-05-12,11.7202,11.7202,11.0684,11.2371
LCNB,2020-05-13,11.1484,11.294,10.3817,10.8571
LCNB,2020-05-14,10.5321,10.5408,9.94106,10.4627
LCNB,2020-05-15,10.4627,11.2111,10.4627,11.2111
LCNB,2020-05-18,11.5187,12.5582,11.5187,12.4001
LCNB,2020-05-19,12.2053,12.2053,11.1223,11.2284
LCNB,2020-05-20,11.511,12.2506,11.511,12.1618
LCNB,2020-05-21,11.8012,12.2506,11.7472,12.2139
LCNB,2020-05-22,12.3817,12.3817,11.8262,12.0028
LCNB,2020-05-26,12.6199,13.0249,12.5408,12.6547
LCNB,2020-05-27,13.0423,14.7173,12.9025,14.2766
LCNB,2020-05-28,14.4888,14.6209,13.4579,13.5003
LCNB,2020-05-29,13.3943,13.6449,12.7347,13.2603
LCNB,2020-06-01,13.3133,13.402,12.4048,12.4048
LCNB,2020-06-02,12.752,12.9749,12.4936,12.5553
LCNB,2020-06-03,12.9227,13.9478,12.7964,13.7153
LCNB,2020-06-04,13.4473,13.7066,13.2882,13.4202
LCNB,2020-06-05,13.618,14.7144,13.5573,14.4289
LCNB,2020-06-08,14.5177,14.5938,14.1358,14.5003
LCNB,2020-06-09,14.2149,14.642,13.5814,14.3229
LCNB,2020-06-10,14.1522,14.2246,13.7337,14.0557
LCNB,2020-06-11,13.3056,13.781,12.5032,12.6266
LCNB,2020-06-12,13.3769,13.5457,13.0075,13.2516
LCNB,2020-06-15,13.0028,13.3498,12.805,13.2072
LCNB,2020-06-16,13.5457,13.8581,13.0548,13.8581
LCNB,2020-06-17,13.6527,13.6527,13.0462,13.0548
LCNB,2020-06-18,12.8948,13.0597,12.7212,12.8677
LCNB,2020-06-19,13.0644,13.0644,12.6199,12.834
LCNB,2020-06-22,12.6537,13.2786,12.6537,12.8581
LCNB,2020-06-23,13.1348,13.1348,12.592,12.9749
LCNB,2020-06-24,12.7703,12.9478,12.5553,12.5649
LCNB,2020-06-25,12.4936,13.1445,12.4936,13.1445
LCNB,2020-06-26,12.8754,14.2149,12.2795,13.9285
LCNB,2020-06-29,13.6884,14.4203,13.6884,14.3566
LCNB,2020-06-30,14.2766,14.3132,14.0885,14.2333
LCNB,2020-07-01,14.1522,14.1522,12.699,13.0028
LCNB,2020-07-02,13.1184,13.4434,12.914,12.9565
LCNB,2020-07-06,13.2236,13.2236,12.7616,13.0462
LCNB,2020-07-07,12.8417,12.9941,12.5293,12.5293
LCNB,2020-07-08,12.592,12.7616,11.9594,12.3866
LCNB,2020-07-09,12.2621,12.2621,11.459,11.5843
LCNB,2020-07-10,11.7608,12.4579,11.7164,12.4482
LCNB,2020-07-13,12.592,12.999,12.3076,12.8147
LCNB,2020-07-14,12.7164,13.1348,12.7164,13.1348
LCNB,2020-07-15,13.3595,13.8765,13.0731,13.0828
LCNB,2020-07-16,13.0279,13.3548,12.7347,12.8581
LCNB,2020-07-17,12.778,13.238,12.778,13.0731
LCNB,2020-07-20,12.9844,13.0279,12.8244,12.9314
LCNB,2020-07-21,13.0548,13.618,13.0548,13.618
LCNB,2020-07-22,13.4299,13.4299,12.9391,12.9391
LCNB,2020-07-23,12.8677,13.1184,12.8677,13.0028
LCNB,2020-07-24,13.0028,13.2072,12.8754,12.8754
LCNB,2020-07-27,12.8851,13.0144,12.7164,12.7877
LCNB,2020-07-28,12.6894,12.7964,12.4839,12.4839
LCNB,2020-07-29,12.646,12.6507,12.3307,12.3519
LCNB,2020-07-30,12.2081,12.2399,11.6026,11.6276
LCNB,2020-07-31,11.7714,11.7983,11.0838,11.1648
LCNB,2020-08-03,11.3519,11.6189,11.2834,11.6189
LCNB,2020-08-04,11.5303,11.9931,11.5216,11.9507
LCNB,2020-08-05,12.0924,12.2718,11.7983,12.2718
LCNB,2020-08-06,12.0655,12.2255,12.0519,12.1281
LCNB,2020-08-07,12.1821,12.6721,12.1821,12.6363
LCNB,2020-08-10,12.6624,12.8417,12.5062,12.6094
LCNB,2020-08-11,12.778,13.0828,12.4048,12.4482
LCNB,2020-08-12,12.7433,13.1088,12.5649,13.0992
LCNB,2020-08-13,12.9044,12.9941,12.8948,12.9749
LCNB,2020-08-14,12.9749,13.2516,12.805,13.1628
LCNB,2020-08-17,13.2159,13.457,13.0616,13.3498
LCNB,2020-08-18,13.2476,13.2476,13.0366,13.0366
LCNB,2020-08-19,12.9844,13.3981,12.9565,12.9565
LCNB,2020-08-20,12.8754,13.2882,12.8754,13.2882
LCNB,2020-08-21,13.0828,13.1137,12.4579,12.6094
LCNB,2020-08-24,12.8417,12.9749,12.6054,12.8417
LCNB,2020-08-25,12.9478,12.9594,12.7433,12.7433
LCNB,2020-08-26,12.8147,13.2603,12.8147,13.0279
LCNB,2020-08-27,12.752,13.3769,12.752,13.1088
LCNB,2020-08-28,13.2603,13.3682,13.1966,13.3595
LCNB,2020-08-31,13.3046,13.5119,13.0221,13.2313
LCNB,2020-09-01,13.1782,13.2216,13.051,13.051
LCNB,2020-09-02,12.9612,13.2216,12.8707,13.1869
LCNB,2020-09-03,13.1782,13.322,13.0423,13.1782
LCNB,2020-09-04,13.3403,13.4483,13.0423,13.4483
LCNB,2020-09-08,13.1869,13.3123,12.9334,13.3123
LCNB,2020-09-09,13.3943,13.51,13.3317,13.3943
LCNB,2020-09-10,13.4675,13.4675,13.0973,13.1782
LCNB,2020-09-11,13.0886,13.1657,13.0789,13.0973
LCNB,2020-09-14,13.1194,13.4309,13.0075,13.2216
LCNB,2020-09-15,13.4125,13.4125,12.861,12.861
LCNB,2020-09-16,12.999,13.1329,12.8321,13.1233
LCNB,2020-09-17,13.0886,13.3123,12.9073,13.3123
LCNB,2020-09-18,13.4483,13.5389,13.1416,13.1416
LCNB,2020-09-21,12.7366,12.8446,12.4647,12.4647
LCNB,2020-09-22,12.5553,12.6952,11.969,12.0857
LCNB,2020-09-23,12.402,12.6007,11.7521,11.7521
LCNB,2020-09-24,11.8051,12.023,11.7424,11.8784
LCNB,2020-09-25,11.78,12.0587,11.78,11.8871
LCNB,2020-09-28,12.077,12.2747,12.077,12.2208
LCNB,2020-09-29,12.1223,12.2024,12.077,12.2024
LCNB,2020-09-30,12.429,12.456,12.321,12.321
LCNB,2020-10-01,12.3653,12.6181,12.3653,12.456
LCNB,2020-10-02,12.2121,12.9893,12.2121,12.8523
LCNB,2020-10-05,12.9334,12.9334,12.592,12.8359
LCNB,2020-10-06,12.943,13.0886,12.4695,12.7452
LCNB,2020-10-07,12.8176,13.322,12.4743,12.727
LCNB,2020-10-08,12.7173,13.1782,12.7173,12.9699
LCNB,2020-10-09,13.1599,13.1599,12.7452,12.7983
LCNB,2020-10-12,12.8273,12.9516,12.7636,12.861
LCNB,2020-10-13,12.7983,12.7983,12.4194,12.6007
LCNB,2020-10-14,12.5013,12.9256,12.5013,12.7077
LCNB,2020-10-15,12.5245,12.9516,12.5245,12.6094
LCNB,2020-10-16,12.5467,12.8176,12.4916,12.5467
LCNB,2020-10-19,12.916,12.916,12.673,12.6999
LCNB,2020-10-20,12.646,12.808,12.592,12.6903
LCNB,2020-10-21,12.6266,12.8938,12.5553,12.78
LCNB,2020-10-22,12.8127,12.9381,12.7713,12.8523
LCNB,2020-10-23,12.8523,13.051,12.7742,12.889
LCNB,2020-10-26,12.9256,13.1011,12.6634,12.6634
LCNB,2020-10-27,12.6865,12.6865,12.2834,12.2834
LCNB,2020-10-28,12.2024,12.8446,11.2921,11.861
LCNB,2020-10-29,11.8235,12.3576,11.7154,12.267
LCNB,2020-10-30,12.2979,12.6007,12.2718,12.4194
LCNB,2020-11-02,12.6007,13.0326,12.6007,13.0326
LCNB,2020-11-03,13.2062,13.7203,13.0152,13.4212
LCNB,2020-11-04,13.2689,13.2689,12.5639,12.7713
LCNB,2020-11-05,12.6363,13.1155,12.4985,12.7366
LCNB,2020-11-06,12.8523,12.8523,12.456,12.5196
LCNB,2020-11-09,13.3682,13.9816,12.6181,13.0789
LCNB,2020-11-10,13.2872,13.8504,13.1416,13.4675
LCNB,2020-11-11,13.2689,13.5023,13.1502,13.5023
LCNB,2020-11-12,13.2506,13.5023,13.2139,13.4029
LCNB,2020-11-13,13.5303,13.7203,13.4212,13.5842
LCNB,2020-11-16,13.7203,14.4329,13.6016,14.1532
LCNB,2020-11-17,14.0355,14.0808,13.8359,13.8735
LCNB,2020-11-18,13.9005,13.9642,13.322,13.3595
LCNB,2020-11-19,13.3991,13.5755,13.2409,13.566
LCNB,2020-11-20,13.3769,13.6835,13.3123,13.6835
LCNB,2020-11-23,13.6922,13.783,13.4406,13.6922
LCNB,2020-11-24,13.8359,14.4193,13.8359,14.3075
LCNB,2020-11-25,14.1619,14.3971,14.1261,14.2264
LCNB,2020-11-27,14.2718,14.2718,13.6739,14.0711
LCNB,2020-11-30,14.0066,14.0066,13.5234,13.5234
LCNB,2020-12-01,13.779,13.779,13.4512,13.6971
LCNB,2020-12-02,13.5688,13.6508,13.3952,13.5871
LCNB,2020-12-03,13.5688,13.779,13.5688,13.7153
LCNB,2020-12-04,13.833,14.2091,13.7066,14.2091
LCNB,2020-12-07,14.0885,14.4145,13.7424,13.7511
LCNB,2020-12-08,13.6604,13.9439,13.6604,13.8619
LCNB,2020-12-09,13.9806,14.0625,13.4695,13.6788
LCNB,2020-12-10,13.7066,13.9439,13.6788,13.8619
LCNB,2020-12-11,13.6739,13.915,13.6151,13.6508
LCNB,2020-12-14,13.6788,13.6788,13.3498,13.4038
LCNB,2020-12-15,13.6335,14.0163,13.4598,13.6054
LCNB,2020-12-16,13.7337,13.915,13.3952,13.3952
LCNB,2020-12-17,13.5139,13.6971,13.3682,13.6335
LCNB,2020-12-18,13.7887,14.0452,13.4502,13.6151
LCNB,2020-12-21,13.5418,13.6151,13.3498,13.4222
LCNB,2020-12-22,13.3595,13.4038,13.2496,13.2583
LCNB,2020-12-23,13.5167,13.6508,13.4869,13.5688
LCNB,2020-12-24,13.5514,13.6431,13.3317,13.3403
LCNB,2020-12-28,13.5514,13.6875,13.3779,13.4869
LCNB,2020-12-29,13.3403,13.5234,13.2863,13.3498
LCNB,2020-12-30,13.2949,13.5234,13.2949,13.4319
LCNB,2020-12-31,13.4319,13.5601,13.3498,13.4222
LCNB,2021-01-04,13.4859,13.6007,13.0037,13.0384
LCNB,2021-01-05,13.0037,13.2863,12.8553,12.8553
LCNB,2021-01-06,13.0124,13.8041,13.0124,13.3682
LCNB,2021-01-07,13.5418,13.7153,13.3866,13.5234
LCNB,2021-01-08,13.4733,13.9806,13.4396,13.9343
LCNB,2021-01-11,13.7761,13.8619,13.6604,13.725
LCNB,2021-01-12,13.7887,14.2621,13.509,14.2621
LCNB,2021-01-13,14.1629,14.2457,13.9073,14.1079
LCNB,2021-01-14,14.0711,15.0307,13.9912,14.7115
LCNB,2021-01-15,14.5929,14.6566,14.5284,14.5649
LCNB,2021-01-19,14.8398,14.8426,14.2323,14.4453
LCNB,2021-01-20,14.3923,14.3923,13.807,13.8889
LCNB,2021-01-21,13.9536,14.2457,13.8889,14.0885
LCNB,2021-01-22,14.0355,14.0885,13.8889,14.0885
LCNB,2021-01-25,13.9536,14.4357,13.8802,14.3635
LCNB,2021-01-26,14.3191,14.4357,14.2284,14.4357
LCNB,2021-01-27,14.1629,14.2911,13.4416,14.0808
LCNB,2021-01-28,14.3007,14.3007,13.915,14.0355
LCNB,2021-01-29,13.9719,14.1898,13.9719,14.0548
LCNB,2021-02-01,14.1079,14.2139,13.7066,13.7887
LCNB,2021-02-02,13.9246,14.2564,13.7607,14.0548
LCNB,2021-02-03,13.997,14.4357,13.779,14.4357
LCNB,2021-02-04,14.3923,14.8398,14.3923,14.8398
LCNB,2021-02-05,14.9314,15.1589,14.6566,15.1589
LCNB,2021-02-08,15.4878,15.5341,15.1213,15.4338
LCNB,2021-02-09,15.5157,15.5157,15.0268,15.2862
LCNB,2021-02-10,15.2795,15.2795,14.8118,15.077
LCNB,2021-02-11,15.2034,15.3325,15.077,15.2949
LCNB,2021-02-12,15.2409,15.5783,15.2409,15.3961
LCNB,2021-02-16,15.3519,15.3961,15.0866,15.3519
LCNB,2021-02-17,15.2506,15.3046,15.1686,15.2601
LCNB,2021-02-18,15.2129,15.2129,14.9314,14.9951
LCNB,2021-02-19,15.0037,15.3866,15.0037,15.3866
LCNB,2021-02-22,15.3519,15.6797,15.2129,15.6074
LCNB,2021-02-23,15.5611,17.2689,15.5437,15.8359
LCNB,2021-02-24,15.9632,16.4328,15.8523,16.0269
LCNB,2021-02-25,16.0269,16.2198,15.3866,15.4048
LCNB,2021-02-26,15.5263,15.7655,14.8919,15.6825
LCNB,2021-03-01,15.8118,16.0152,15.7115,15.9237
LCNB,2021-03-02,15.9411,15.9411,15.4878,15.4975
LCNB,2021-03-03,15.8214,16.6343,15.7202,16.2101
LCNB,2021-03-04,16.0152,16.6343,15.9043,15.9873
LCNB,2021-03-05,16.1725,17.3007,15.9458,16.9217
LCNB,2021-03-08,16.8928,17.2264,16.644,17.0962
LCNB,2021-03-09,17.0962,17.5591,17.0326,17.402
LCNB,2021-03-10,17.5224,18.0162,17.456,17.9188
LCNB,2021-03-11,18.0866,18.0866,17.67,17.9564
LCNB,2021-03-12,17.9564,18.4743,17.9564,18.4463
LCNB,2021-03-15,18.0866,18.0866,17.1619,17.4396
LCNB,2021-03-16,17.3836,17.3836,16.6815,16.8474
LCNB,2021-03-17,17.051,17.2631,16.6815,16.9217
LCNB,2021-03-18,16.9497,17.3884,16.8011,16.8928
LCNB,2021-03-19,16.8571,16.8928,16.3856,16.8658
LCNB,2021-03-22,16.7086,16.8619,16.1908,16.5611
LCNB,2021-03-23,16.3384,16.4782,16.1725,16.1821
LCNB,2021-03-24,16.4048,16.7433,16.1174,16.1174
LCNB,2021-03-25,16.1725,16.644,16.1358,16.6161
LCNB,2021-03-26,16.727,17.0962,16.5611,17.0607
LCNB,2021-03-29,16.94,17.2717,16.4001,16.5417
LCNB,2021-03-30,16.6989,17.2911,16.5794,17.1251
LCNB,2021-03-31,17.1156,17.1156,16.1541,16.1725
LCNB,2021-04-01,16.2101,16.8928,16.1821,16.8841
LCNB,2021-04-05,17.1532,17.1532,16.4501,16.644
LCNB,2021-04-06,16.6257,17.5591,16.5417,16.8195
LCNB,2021-04-07,16.9217,16.9217,16.3479,16.4125
LCNB,2021-04-08,16.6161,16.7462,16.376,16.6257
LCNB,2021-04-09,16.6536,16.8523,16.5417,16.6536
LCNB,2021-04-12,16.6815,16.727,16.1908,16.6161
LCNB,2021-04-13,16.5138,16.6343,16.2747,16.4309
LCNB,2021-04-14,16.6343,16.6633,16.3297,16.6161
LCNB,2021-04-15,16.6343,16.8474,16.2553,16.672
LCNB,2021-04-16,16.8195,17.2544,16.4965,16.9497
LCNB,2021-04-19,16.9121,16.9121,16.2852,16.6161
LCNB,2021-04-20,16.6902,16.6902,16.1821,16.5417
LCNB,2021-04-21,16.6815,16.7549,16.2004,16.5138
LCNB,2021-04-22,16.4878,16.8291,16.2747,16.4878
LCNB,2021-04-23,16.5514,16.7462,16.5417,16.6064
LCNB,2021-04-26,16.6343,16.8378,16.4222,16.4685
LCNB,2021-04-27,16.5052,16.6161,15.997,16.1725
LCNB,2021-04-28,16.265,16.4222,16.0896,16.4222
LCNB,2021-04-29,16.5417,16.5987,16.4309,16.5611
LCNB,2021-04-30,16.4222,16.9497,16.4222,16.7462
LCNB,2021-05-03,16.9217,17.0047,16.0799,16.5611
LCNB,2021-05-04,16.4222,16.5938,16.3576,16.4588
LCNB,2021-05-05,16.5417,16.6111,16.2284,16.3479
LCNB,2021-05-06,16.3123,16.4685,15.9873,16.2834
LCNB,2021-05-07,16.2371,16.2929,16.0896,16.2198
LCNB,2021-05-10,16.265,16.4501,16.1271,16.1821
LCNB,2021-05-11,15.9237,16.1725,15.8677,15.997
LCNB,2021-05-12,15.858,16.1725,15.6092,15.7848
LCNB,2021-05-13,15.804,16.4125,15.804,16.2834
LCNB,2021-05-14,16.2747,16.995,16.2553,16.9024
LCNB,2021-05-17,16.6989,16.8841,16.5052,16.6257
LCNB,2021-05-18,16.6633,16.727,16.1908,16.2101
LCNB,2021-05-19,16.1078,16.5099,16.0799,16.1628
LCNB,2021-05-20,16.1725,16.4405,15.8118,16.3479
LCNB,2021-05-21,16.5707,16.8754,16.4088,16.5514
LCNB,2021-05-24,16.6536,16.94,16.6064,16.7915
LCNB,2021-05-25,16.9121,16.9766,16.265,16.265
LCNB,2021-05-26,16.2834,16.5052,16.1772,16.3951
LCNB,2021-05-27,16.5052,16.7173,16.3807,16.644
LCNB,2021-05-28,16.7183,16.7183,16.3451,16.4762
LCNB,2021-06-01,16.6392,16.6392,16.3924,16.4289
LCNB,2021-06-02,16.5601,16.5601,16.1908,16.3083
LCNB,2021-06-03,16.3451,16.5977,16.3451,16.5504
LCNB,2021-06-04,16.5408,16.6257,16.4859,16.4859
LCNB,2021-06-07,16.5225,16.5225,16.1677,16.2235
LCNB,2021-06-08,16.2235,16.3924,16.2052,16.317
LCNB,2021-06-09,16.2612,16.2775,16.1117,16.1772
LCNB,2021-06-10,16.3547,16.3643,16.1117,16.1397
LCNB,2021-06-11,16.1484,16.2052,16.1117,16.1397
LCNB,2021-06-14,16.2235,16.2235,15.9719,15.9998
LCNB,2021-06-15,16.13,16.13,15.9256,16.0182
LCNB,2021-06-16,15.9343,16.0837,15.9256,15.9428
LCNB,2021-06-17,15.9256,16.0095,15.8784,15.9428
LCNB,2021-06-18,15.7192,15.8764,15.131,15.1783
LCNB,2021-06-21,15.3827,16.0279,15.2148,15.617
LCNB,2021-06-22,15.6912,15.6912,15.3509,15.4858
LCNB,2021-06-23,15.4858,15.888,15.4858,15.6816
LCNB,2021-06-24,15.8494,15.9806,15.672,15.7655
LCNB,2021-06-25,15.7752,15.9478,15.0375,15.2892
LCNB,2021-06-28,15.3171,15.832,15.3171,15.645
LCNB,2021-06-29,15.645,15.7385,15.374,15.4588
LCNB,2021-06-30,15.4588,15.4791,15.1917,15.2892
LCNB,2021-07-01,15.3827,15.832,15.3605,15.7385
LCNB,2021-07-02,15.672,15.7848,15.6074,15.6266
LCNB,2021-07-06,15.5783,15.588,15.0943,15.1686
LCNB,2021-07-07,15.2245,15.3084,15.0558,15.1589
LCNB,2021-07-08,14.9911,15.1126,14.8041,14.9536
LCNB,2021-07-09,15.1397,15.4588,15.1397,15.2621
LCNB,2021-07-12,15.1783,15.4762,14.8784,15.3827
LCNB,2021-07-13,15.2815,15.3364,15.1493,15.2052
LCNB,2021-07-14,15.188,15.5139,15.1686,15.4107
LCNB,2021-07-15,15.2892,15.672,15.2718,15.588
LCNB,2021-07-16,15.7385,15.7385,15.374,15.3923
LCNB,2021-07-19,15.2524,15.2524,14.9911,15.0191
LCNB,2021-07-20,15.0943,15.4762,15.0943,15.2815
LCNB,2021-07-21,15.346,15.5428,15.346,15.3827
LCNB,2021-07-22,15.3084,15.374,15.0134,15.2429
LCNB,2021-07-23,15.2815,15.5042,15.2332,15.3653
LCNB,2021-07-26,15.3556,15.5089,15.2342,15.4107
LCNB,2021-07-27,15.2892,15.7009,15.2892,15.6353
LCNB,2021-07-28,15.5697,15.6633,15.374,15.6266
LCNB,2021-07-29,15.6266,15.7433,15.4945,15.6912
LCNB,2021-07-30,15.7105,15.8687,15.6074,15.7288
LCNB,2021-08-02,15.7655,16.1117,15.7288,15.9719
LCNB,2021-08-03,16.0182,16.13,15.8687,15.9901
LCNB,2021-08-04,16.1994,16.1994,15.9256,15.9806
LCNB,2021-08-05,16.1069,16.8957,16.0229,16.6343
LCNB,2021-08-06,16.6999,16.8591,16.5977,16.7183
LCNB,2021-08-09,16.7183,16.7375,16.4115,16.5697
LCNB,2021-08-10,16.6815,16.8031,16.5601,16.7559
LCNB,2021-08-11,16.7096,16.831,16.5504,16.7096
LCNB,2021-08-12,16.6912,16.8031,16.5225,16.6343
LCNB,2021-08-13,16.5765,16.5765,16.373,16.5321
LCNB,2021-08-16,16.4106,16.5399,16.3451,16.373
LCNB,2021-08-17,16.3451,16.5042,16.3451,16.4386
LCNB,2021-08-18,16.4569,16.6257,16.2148,16.402
LCNB,2021-08-19,16.2148,16.6257,16.2148,16.5042
LCNB,2021-08-20,16.5225,16.5225,16.2516,16.3354
LCNB,2021-08-23,16.2756,16.3924,16.2235,16.2516
LCNB,2021-08-24,16.2612,16.373,16.1677,16.2516
LCNB,2021-08-25,16.2516,16.3595,16.1397,16.1397
LCNB,2021-08-26,16.2419,16.5321,16.1677,16.373
LCNB,2021-08-27,16.5042,16.9053,16.2004,16.6343
LCNB,2021-08-30,16.7559,16.7559,16.3083,16.3643
LCNB,2021-08-31,16.4492,16.7887,15.9941,16.5052
LCNB,2021-09-01,16.402,16.6565,16.1898,16.4868
LCNB,2021-09-02,16.6806,16.6806,16.4115,16.4492
LCNB,2021-09-03,16.3354,16.562,16.3354,16.4772
LCNB,2021-09-07,16.373,16.4492,16.2602,16.317
LCNB,2021-09-08,16.2602,16.4115,16.1927,16.4115
LCNB,2021-09-09,16.4492,16.4868,16.0712,16.0712
LCNB,2021-09-10,16.2409,16.317,15.9575,16.0519
LCNB,2021-09-13,16.0712,16.1184,15.9575,16.0142
LCNB,2021-09-14,15.9575,15.9911,15.5987,15.778
LCNB,2021-09-15,15.8726,15.967,15.8359,15.967
LCNB,2021-09-16,15.9391,15.9391,15.7588,15.9015
LCNB,2021-09-17,15.778,16.4965,15.778,16.3827
LCNB,2021-09-20,16.0423,16.0423,15.7414,16.0239
LCNB,2021-09-21,16.1001,16.1001,15.8166,15.9478
LCNB,2021-09-22,16.0856,16.0856,15.9294,15.9863
LCNB,2021-09-23,16.0712,16.2602,15.996,16.0336
LCNB,2021-09-24,16.0142,16.317,16.0142,16.0336
LCNB,2021-09-27,16.265,16.7134,16.2409,16.3924
LCNB,2021-09-28,16.4675,16.6661,16.373,16.4965
LCNB,2021-09-29,16.5957,16.7221,16.5196,16.6093
LCNB,2021-09-30,16.5813,16.751,16.4965,16.5052
LCNB,2021-10-01,16.7317,16.7317,16.4675,16.6372
LCNB,2021-10-04,16.534,16.6372,16.4299,16.4299
LCNB,2021-10-05,16.562,16.591,16.4396,16.5813
LCNB,2021-10-06,16.4782,16.6758,16.4675,16.6093
LCNB,2021-10-07,16.6469,16.751,16.4579,16.6942
LCNB,2021-10-08,16.6188,16.7317,16.4579,16.7317
LCNB,2021-10-11,16.7009,16.7317,16.5813,16.6285
LCNB,2021-10-12,16.4579,16.6892,16.4299,16.5244
LCNB,2021-10-13,16.6942,16.6942,16.4202,16.4579
LCNB,2021-10-14,16.6093,16.6188,16.4675,16.5997
LCNB,2021-10-15,16.6188,16.6188,16.4396,16.4396
LCNB,2021-10-18,16.4868,16.5244,16.4579,16.4675
LCNB,2021-10-19,16.4396,16.4463,16.3354,16.4115
LCNB,2021-10-20,16.2979,16.5244,16.2979,16.5244
LCNB,2021-10-21,16.8879,16.8879,16.2506,16.4492
LCNB,2021-10-22,16.373,16.4772,16.2506,16.4772
LCNB,2021-10-25,16.5244,16.5244,16.3354,16.4115
LCNB,2021-10-26,16.3924,16.5003,16.3827,16.4396
LCNB,2021-10-27,16.3924,16.4396,16.1001,16.1184
LCNB,2021-10-28,16.1368,16.2409,16.1368,16.185
LCNB,2021-10-29,16.1937,16.2506,16.1001,16.1001
LCNB,2021-11-01,16.2033,16.5244,16.1001,16.4115
LCNB,2021-11-02,16.4772,16.4772,16.2255,16.3643
LCNB,2021-11-03,16.2553,16.4299,16.2033,16.4115
LCNB,2021-11-04,16.2245,16.4347,16.2245,16.3924
LCNB,2021-11-05,16.3874,16.4675,16.3257,16.4492
LCNB,2021-11-08,16.3874,16.6469,16.2439,16.6469
LCNB,2021-11-09,16.5524,16.6469,16.4202,16.6372
LCNB,2021-11-10,16.6565,16.7606,16.402,16.6758
LCNB,2021-11-11,16.6469,16.7317,16.4675,16.591
LCNB,2021-11-12,16.5717,16.7134,16.4367,16.6469
LCNB,2021-11-15,16.7039,16.8359,16.6661,16.7983
LCNB,2021-11-16,16.8831,17.0905,16.6768,17.0442
LCNB,2021-11-17,17.0075,18.0075,16.8648,17.6199
LCNB,2021-11-18,17.9169,18.8851,17.1898,18.4029
LCNB,2021-11-19,18.0442,18.8657,18.0258,18.4704
LCNB,2021-11-22,18.7625,18.8851,18.2814,18.8851
LCNB,2021-11-23,18.696,18.856,18.3759,18.6487
LCNB,2021-11-24,18.5736,19.536,18.3209,19.2909
LCNB,2021-11-26,18.9602,19.1117,18.7057,18.913
LCNB,2021-11-29,19.0548,19.2708,18.6487,18.8098
LCNB,2021-11-30,18.724,18.724,17.9506,18.266
LCNB,2021-12-01,18.3807,19.1907,18.0838,18.2852
LCNB,2021-12-02,18.2852,18.6806,18.1897,18.6661
LCNB,2021-12-03,18.6382,19.2862,18.1937,18.7337
LCNB,2021-12-06,18.8474,19.0769,18.6951,19.0287
LCNB,2021-12-07,19.0769,19.3528,18.9622,19.2486
LCNB,2021-12-08,19.3441,19.401,18.7182,18.7616
LCNB,2021-12-09,18.8379,19.1387,18.8379,18.857
LCNB,2021-12-10,18.9053,19.2292,18.8667,19.0673
LCNB,2021-12-13,18.9814,19.0769,18.857,18.9334
LCNB,2021-12-14,18.9719,19.0105,18.6854,18.9334
LCNB,2021-12-15,19.0953,19.4482,18.8379,18.9053
LCNB,2021-12-16,19.0856,19.129,18.7144,18.7144
LCNB,2021-12-17,18.7424,18.886,18.0461,18.0461
LCNB,2021-12-20,17.9796,18.3518,17.9323,18.1609
LCNB,2021-12-21,18.1897,18.6382,18.0557,18.0557
LCNB,2021-12-22,18.0751,18.5706,18.0751,18.3036
LCNB,2021-12-23,18.6122,18.6951,18.2168,18.4848
LCNB,2021-12-27,18.3615,19.2496,18.3518,19.1146
LCNB,2021-12-28,18.8841,19.2197,18.8841,19.0673
LCNB,2021-12-29,18.9844,18.9844,18.671,18.8667
LCNB,2021-12-30,18.9525,18.9525,18.7424,18.8667
LCNB,2021-12-31,18.8379,18.9053,18.3422,18.6286
LCNB,2022-01-03,18.7337,18.752,18.4376,18.7047
LCNB,2022-01-04,18.857,18.886,18.4473,18.6092
LCNB,2022-01-05,18.6286,19.1811,18.588,19.1811
LCNB,2022-01-06,19.0576,19.4202,19.0576,19.1434
LCNB,2022-01-07,18.9998,19.1194,18.9959,19.1049
LCNB,2022-01-10,18.9334,19.0769,18.8379,19.0095
LCNB,2022-01-11,19.0769,19.0856,18.9814,19.0383
LCNB,2022-01-12,19.0046,19.1531,18.8379,19.0095
LCNB,2022-01-13,19.0769,19.2197,18.9525,18.9998
LCNB,2022-01-14,19.0769,19.3006,18.8474,19.0576
LCNB,2022-01-18,18.8956,18.9053,18.371,18.5525
LCNB,2022-01-19,18.5138,18.9612,18.5138,18.9334
LCNB,2022-01-20,18.6286,18.8474,18.4183,18.6565
LCNB,2022-01-21,18.5706,18.5996,18.18,18.4945
LCNB,2022-01-24,18.5042,18.6286,18.3518,18.4751
LCNB,2022-01-25,18.5525,18.561,18.266,18.3325
LCNB,2022-01-26,18.4955,18.8764,18.3422,18.5996
LCNB,2022-01-27,18.5996,18.7761,18.4183,18.4183
LCNB,2022-01-28,18.7761,19.0383,18.6092,18.6189
LCNB,2022-01-31,18.9814,19.2004,18.8002,19.1242
LCNB,2022-02-01,19.2669,19.4202,18.9998,19.2583
LCNB,2022-02-02,19.2004,19.2544,18.91,19.1338
LCNB,2022-02-03,18.9911,19.3412,18.6237,18.6469
LCNB,2022-02-04,18.6661,19.3673,18.6661,19.2004
LCNB,2022-02-07,19.1338,19.1338,18.7047,18.7337
LCNB,2022-02-08,18.7905,19.0982,18.7905,18.9814
LCNB,2022-02-09,18.8379,18.914,18.6469,18.724
LCNB,2022-02-10,18.7433,19.0095,18.7337,18.9428
LCNB,2022-02-11,19.1242,19.4106,18.6092,19.2718
LCNB,2022-02-14,19.1724,19.2101,18.7665,18.886
LCNB,2022-02-15,19.0856,19.2389,18.3894,18.4945
LCNB,2022-02-16,18.6092,18.805,18.3615,18.7337
LCNB,2022-02-17,18.5525,18.886,18.2273,18.4665
LCNB,2022-02-18,18.4665,18.8446,18.3518,18.3615
LCNB,2022-02-22,18.4376,18.5996,18.2419,18.2564
LCNB,2022-02-23,18.4945,18.7712,17.8561,18.0557
LCNB,2022-02-24,17.6749,17.7414,17.3595,17.3981
LCNB,2022-02-25,17.5408,17.8937,17.4356,17.5505
LCNB,2022-02-28,17.454,17.8916,17.454,17.5408
LCNB,2022-03-01,17.5987,18.1002,17.5601,17.8687
LCNB,2022-03-02,17.9844,18.7269,17.941,18.4858
LCNB,2022-03-03,18.5629,18.5902,17.4155,17.7337
LCNB,2022-03-04,17.7914,18.1676,17.5697,18.0037
LCNB,2022-03-07,18.0519,18.0711,17.0297,17.0393
LCNB,2022-03-08,17.2226,17.4733,16.9912,17.0587
LCNB,2022-03-09,17.1936,17.6758,17.1261,17.3672
LCNB,2022-03-10,17.3672,17.5987,17.0587,17.4443
LCNB,2022-03-11,17.6276,17.7529,16.9622,17.6083
LCNB,2022-03-14,17.5794,17.6758,17.3287,17.5119
LCNB,2022-03-15,17.6083,17.724,17.1069,17.2033
LCNB,2022-03-16,17.3384,17.7143,17.0684,17.4926
LCNB,2022-03-17,17.4252,17.4252,17.1165,17.3672
LCNB,2022-03-18,17.2226,17.8302,16.9139,17.8108
LCNB,2022-03-21,17.6469,18.0711,17.3575,18.0711
LCNB,2022-03-22,17.9844,18.2496,17.8397,18.2447
LCNB,2022-03-23,18.2351,18.2351,17.7626,17.9073
LCNB,2022-03-24,18.0037,18.0037,17.6369,17.6854
LCNB,2022-03-25,17.8302,17.9554,17.6516,17.8108
LCNB,2022-03-28,17.9169,17.9651,17.5987,17.6083
LCNB,2022-03-29,17.7529,18.0574,17.4733,17.4733
LCNB,2022-03-30,17.3865,17.5987,17.0104,17.2901
LCNB,2022-03-31,17.2997,17.4259,16.9139,16.9333
LCNB,2022-04-01,17.1069,17.4058,16.9139,17.0393
LCNB,2022-04-04,17.3238,17.3238,16.8947,16.9139
LCNB,2022-04-05,16.8754,16.9333,16.6922,16.7887
LCNB,2022-04-06,16.6922,16.8176,16.509,16.5379
LCNB,2022-04-07,16.5476,16.9235,16.1908,16.3547
LCNB,2022-04-08,16.4415,16.5957,16.3837,16.5476
LCNB,2022-04-11,16.4801,16.779,16.3933,16.6247
LCNB,2022-04-12,16.6054,16.779,16.5476,16.5668
LCNB,2022-04-13,16.6343,17.0201,16.4656,17.0201
LCNB,2022-04-14,16.8561,16.9333,16.5861,16.5861
LCNB,2022-04-18,16.5186,16.7596,16.5186,16.5476
LCNB,2022-04-19,16.5379,16.8561,16.4028,16.5765
LCNB,2022-04-20,16.7693,16.7693,16.4319,16.6054
LCNB,2022-04-21,16.5572,16.8244,16.4319,16.5379
LCNB,2022-04-22,16.4415,16.5861,16.3933,16.4511
LCNB,2022-04-25,16.3933,16.6247,16.2486,16.5765
LCNB,2022-04-26,16.4222,16.4222,15.9207,16.1522
LCNB,2022-04-27,16.0557,16.169,15.9498,16.0557
LCNB,2022-04-28,16.0654,16.104,15.8437,15.9498
LCNB,2022-04-29,15.8533,15.8533,15.3904,15.5061
LCNB,2022-05-02,15.5061,15.7375,15.1589,15.7086
LCNB,2022-05-03,15.6507,16.0654,15.4821,15.9979
LCNB,2022-05-04,16.0269,16.1857,15.6845,16.0461
LCNB,2022-05-05,16.0943,16.0943,15.5736,15.6701
LCNB,2022-05-06,15.6998,15.7086,15.429,15.5254
LCNB,2022-05-09,15.4771,15.7761,15.429,15.6218
LCNB,2022-05-10,15.8918,15.8918,15.4193,15.4482
LCNB,2022-05-11,15.4,15.7442,15.3519,15.535
LCNB,2022-05-12,15.4482,15.6701,15.0047,15.0625
LCNB,2022-05-13,15.3519,15.5977,15.0915,15.2265
LCNB,2022-05-16,15.5736,15.6025,15.0818,15.3519
LCNB,2022-05-17,15.5833,15.7134,15.4386,15.4868
LCNB,2022-05-18,15.429,15.561,15.1397,15.4097
LCNB,2022-05-19,15.3229,15.4097,15.0915,15.1783
LCNB,2022-05-20,15.2071,15.2071,14.8793,15.0143
LCNB,2022-05-23,15.1974,15.3508,15.0722,15.1493
LCNB,2022-05-24,15.13,15.3807,14.9661,15.1686
LCNB,2022-05-25,15.1783,15.4,15.1783,15.188
LCNB,2022-05-26,15.3325,15.5061,15.1686,15.3711
LCNB,2022-05-27,15.4579,15.6603,15.1603,15.535
LCNB,2022-05-31,15.7693,15.7889,15.391,15.4569
LCNB,2022-06-01,15.6815,15.6815,15.3495,15.5936
LCNB,2022-06-02,15.5156,15.8182,15.5155,15.5839
LCNB,2022-06-03,15.6229,15.701,15.6229,15.6229
LCNB,2022-06-06,15.7996,15.828,15.6229,15.828
LCNB,2022-06-07,15.662,15.7059,15.5839,15.6229
LCNB,2022-06-08,15.5253,15.701,15.5253,15.701
LCNB,2022-06-09,15.6815,15.7499,15.4276,15.4276
LCNB,2022-06-10,15.4179,15.601,15.2421,15.5253
LCNB,2022-06-13,15.3104,15.4081,15.1445,15.1445
LCNB,2022-06-14,15.2812,15.2812,14.9394,14.9394
LCNB,2022-06-15,14.9883,15.1396,14.4707,14.9883
LCNB,2022-06-16,14.8369,14.8417,14.6465,14.8417
LCNB,2022-06-17,14.705,15.0006,14.4024,14.4415
LCNB,2022-06-21,14.6465,15.0077,14.461,14.998
LCNB,2022-06-22,14.8808,14.8906,14.6953,14.7929
LCNB,2022-06-23,14.7539,14.8222,14.4805,14.5196
LCNB,2022-06-24,14.6563,14.7832,14.5781,14.7832
LCNB,2022-06-27,15.0858,15.0858,14.8906,15.0371
LCNB,2022-06-28,15.1236,15.3072,14.8223,15.0956
LCNB,2022-06-29,14.9785,15.1347,14.6465,14.6465
LCNB,2022-06-30,14.6563,14.6563,14.5244,14.5977
LCNB,2022-07-01,14.6367,14.8235,14.54,14.5879
LCNB,2022-07-05,14.8489,14.8489,14.5879,14.6269
LCNB,2022-07-06,14.6758,14.7539,14.4707,14.4707
LCNB,2022-07-07,14.6367,14.7734,14.4903,14.6855
LCNB,2022-07-08,14.666,14.7929,14.5684,14.7832
LCNB,2022-07-11,14.6465,14.8306,14.6269,14.6563
LCNB,2022-07-12,14.5586,14.878,14.5586,14.8417
LCNB,2022-07-13,14.6794,15.0371,14.6758,14.7929
LCNB,2022-07-14,14.6367,15.1535,14.3828,14.3828
LCNB,2022-07-15,14.5879,14.7344,14.3886,14.5
LCNB,2022-07-18,14.5488,14.6465,14.4511,14.5488
LCNB,2022-07-19,14.5488,14.7344,14.5488,14.6465
LCNB,2022-07-20,14.6465,14.9102,14.6465,14.6563
LCNB,2022-07-21,14.9102,15.1445,14.6465,14.666
LCNB,2022-07-22,14.6367,14.6465,14.4511,14.6367
LCNB,2022-07-25,14.8515,15.0858,14.7539,14.7539
LCNB,2022-07-26,14.7442,15.1737,14.7442,14.9394
LCNB,2022-07-27,14.9394,15.2718,14.9394,15.0956
LCNB,2022-07-28,15.1542,15.1933,14.9394,14.9394
LCNB,2022-07-29,14.9589,15.3565,14.9589,15.1347
LCNB,2022-08-01,15.2788,15.2906,15.1835,15.2075
LCNB,2022-08-02,15.0117,15.1054,14.9883,14.9883
LCNB,2022-08-03,15.0712,15.125,14.9883,14.9883
LCNB,2022-08-04,15.1347,15.2026,14.9883,15.0273
LCNB,2022-08-05,15.1347,15.1347,14.9883,14.998
LCNB,2022-08-08,14.998,15.1933,14.9102,14.9198
LCNB,2022-08-09,14.9296,15.0541,14.7148,14.7539
LCNB,2022-08-10,14.8515,15.2128,14.6465,15.2128
LCNB,2022-08-11,15.0956,15.5866,15.0956,15.4862
LCNB,2022-08-12,15.3691,15.5252,15.1737,15.5155
LCNB,2022-08-15,14.9785,15.9744,14.9785,15.9744
LCNB,2022-08-16,15.828,15.9744,15.8182,15.867
LCNB,2022-08-17,15.867,15.867,15.8182,15.8182
LCNB,2022-08-18,15.7205,15.9256,15.7205,15.9061
LCNB,2022-08-19,15.9159,16.3211,15.9159,16.1111
LCNB,2022-08-22,16.2088,16.2527,15.8812,16.1697
LCNB,2022-08-23,16.2439,16.3455,15.7303,15.9061
LCNB,2022-08-24,16.2967,16.2967,15.6255,15.6255
LCNB,2022-08-25,15.9695,16.0147,15.8209,15.8572
LCNB,2022-08-26,16.0867,16.0867,15.7206,15.7693
LCNB,2022-08-29,15.7889,16.238,15.7889,15.867
LCNB,2022-08-30,15.9451,16.3065,15.867,15.867
LCNB,2022-08-31,16.1537,16.391,15.7286,15.778
LCNB,2022-09-01,15.778,15.9417,15.2145,15.61
LCNB,2022-09-02,15.6792,16.1142,15.6693,16.1142
LCNB,2022-09-06,15.8077,15.8077,15.3332,15.3332
LCNB,2022-09-07,15.0564,15.432,15.0564,15.2739
LCNB,2022-09-08,15.1552,15.4221,15.1552,15.2244
LCNB,2022-09-09,15.2733,16.0532,15.0761,15.1404
LCNB,2022-09-12,15.3134,15.3442,15.0761,15.1058
LCNB,2022-09-13,14.9575,15.3727,14.9575,15.0465
LCNB,2022-09-14,15.0664,15.343,14.8586,14.8586
LCNB,2022-09-15,15.1453,15.5803,14.829,15.0663
LCNB,2022-09-16,14.829,15.4571,14.74,14.7598
LCNB,2022-09-19,14.918,15.1355,14.7598,14.7598
LCNB,2022-09-20,14.829,15.3008,14.7301,14.7499
LCNB,2022-09-21,14.9674,15.4585,14.8003,15.1552
LCNB,2022-09-22,15.1256,15.2343,14.7894,14.9773
LCNB,2022-09-23,14.8488,15.0654,14.829,14.8389
LCNB,2022-09-26,14.9575,15.3165,14.9575,15.2145
LCNB,2022-09-27,15.3332,16.1043,14.9377,14.9377
LCNB,2022-09-28,14.9476,15.5802,14.9476,15.1849
LCNB,2022-09-29,15.3529,15.6509,15.2244,15.3628
LCNB,2022-09-30,15.3628,15.8967,15.3628,15.6792
LCNB,2022-10-03,15.7978,16.3613,15.7978,16.3613
LCNB,2022-10-04,16.4701,16.91,16.4701,16.6381
LCNB,2022-10-05,16.4107,16.7469,16.4107,16.559
LCNB,2022-10-06,16.6282,16.6282,16.0153,16.4107
LCNB,2022-10-07,16.3119,16.3119,15.7286,15.8374
LCNB,2022-10-10,15.9164,16.1749,15.61,15.61
LCNB,2022-10-11,15.7583,16.0153,15.7583,15.8769
LCNB,2022-10-12,15.8275,16.0549,15.8275,16.0549
LCNB,2022-10-13,15.8967,16.4602,15.8967,16.4009
LCNB,2022-10-14,16.5294,16.6431,16.4206,16.6085
LCNB,2022-10-17,16.7568,16.8062,16.6282,16.8062
LCNB,2022-10-18,16.8062,17.0632,16.7568,16.9446
LCNB,2022-10-19,17.0286,17.0286,16.8062,16.8062
LCNB,2022-10-20,16.9868,16.9868,16.8062,16.9841
LCNB,2022-10-21,17.3005,17.8541,17.0039,17.8541
LCNB,2022-10-24,17.775,17.775,16.8062,16.8062
LCNB,2022-10-25,17.0286,17.1917,16.8584,17.1917
LCNB,2022-10-26,17.0731,17.2016,16.8362,17.0533
LCNB,2022-10-27,17.0484,17.5476,17.0484,17.5476
LCNB,2022-10-28,17.3203,17.7948,17.256,17.4784
LCNB,2022-10-31,17.4783,17.5971,17.3104,17.4092
LCNB,2022-11-01,17.5971,17.6762,17.4686,17.6762
LCNB,2022-11-02,17.5822,17.7948,17.3499,17.5378
LCNB,2022-11-03,17.429,17.6798,17.3993,17.4735
LCNB,2022-11-04,17.3994,17.6564,17.3993,17.6564
LCNB,2022-11-07,17.7343,17.7343,17.3796,17.3796
LCNB,2022-11-08,17.5081,17.5378,17.3499,17.3499
LCNB,2022-11-09,17.4058,17.422,17.3005,17.3895
LCNB,2022-11-10,17.4487,17.607,17.0533,17.1819
LCNB,2022-11-11,17.2214,17.3004,16.8507,17.1571
LCNB,2022-11-14,17.083,17.3845,16.8359,17.1127
LCNB,2022-11-15,17.2016,17.357,16.8464,17.0435
LCNB,2022-11-16,17.0435,17.2461,17.0435,17.2313
LCNB,2022-11-17,17.1917,17.4349,17.1216,17.2807
LCNB,2022-11-18,17.3005,17.4425,17.0632,17.4389
LCNB,2022-11-21,17.4686,17.5378,17.1785,17.3993
LCNB,2022-11-22,17.4883,17.775,17.4883,17.7157
LCNB,2022-11-23,17.7849,17.8541,17.397,17.5476
LCNB,2022-11-25,17.6296,17.8738,17.5773,17.6959
LCNB,2022-11-28,17.686,17.7948,17.5579,17.686
LCNB,2022-11-29,17.7157,18.2397,17.5816,18.21
LCNB,2022-11-30,18.23,18.25,17.975,18.24
LCNB,2022-12-01,18.33,18.48,17.8412,18.32
LCNB,2022-12-02,18.35,18.75,18.215,18.75
LCNB,2022-12-05,18.67,18.67,18.05,18.13
LCNB,2022-12-06,18.25,18.295,17.94,18.04
LCNB,2022-12-07,18.05,18.23,17.8801,18.09
LCNB,2022-12-08,18.1,18.56,18.1,18.55
LCNB,2022-12-09,18.43,18.67,17.8242,18.4
LCNB,2022-12-12,18.4,18.48,18.37,18.48
LCNB,2022-12-13,18.48,18.48,17.1,17.1
LCNB,2022-12-14,17.25,17.57,17.02,17.1
LCNB,2022-12-15,17.27,17.34,17.1501,17.33
LCNB,2022-12-16,17.15,17.56,17.145,17.34
LCNB,2022-12-19,17.34,17.34,17.01,17.03
LCNB,2022-12-20,17.16,17.32,17.02,17.09
LCNB,2022-12-21,17.24,17.685,17.08,17.39
LCNB,2022-12-22,17.51,17.66,17.41,17.41
LCNB,2022-12-23,17.65,17.96,17.5001,17.66
LCNB,2022-12-27,17.76,18.11,17.53,18.04
LCNB,2022-12-28,18.3199,18.3199,17.72,17.72
LCNB,2022-12-29,17.98,18.1179,17.77,18.0
LCNB,2022-12-30,17.98,18.2,17.85,18.0
LCNB,2023-01-03,18.06,18.2,18.0,18.2
LCNB,2023-01-04,17.9232,18.1999,17.78,17.98
LCNB,2023-01-05,17.95,18.17,17.94,18.08
LCNB,2023-01-06,18.19,18.2,18.01,18.2
LCNB,2023-01-09,18.33,18.33,18.08,18.08
LCNB,2023-01-10,18.1933,18.43,18.12,18.12
LCNB,2023-01-11,18.4106,18.48,17.51,18.34
LCNB,2023-01-12,18.45,18.56,18.255,18.38
LCNB,2023-01-13,18.37,18.63,18.065,18.46
LCNB,2023-01-17,18.75,18.75,18.49,18.59
LCNB,2023-01-18,18.65,18.65,17.66,17.67
LCNB,2023-01-19,17.72,17.825,17.27,17.38
LCNB,2023-01-20,17.33,18.02,17.33,17.84
LCNB,2023-01-23,17.56,18.13,17.4001,17.46
LCNB,2023-01-24,17.6,17.8,17.6,17.75
LCNB,2023-01-25,17.68,18.08,17.68,18.06
LCNB,2023-01-26,18.15,18.165,18.0,18.05
LCNB,2023-01-27,18.23,18.26,18.1,18.2
LCNB,2023-01-30,18.16,18.3,18.11,18.265
LCNB,2023-01-31,18.34,18.34,18.13,18.25
LCNB,2023-02-01,18.25,18.79,18.12,18.51
LCNB,2023-02-02,18.67,18.8999,18.5816,18.74
LCNB,2023-02-03,18.58,18.8999,18.58,18.8
LCNB,2023-02-06,18.85,19.1,18.7958,18.83
LCNB,2023-02-07,18.81,19.05,18.81,19.01
LCNB,2023-02-08,19.0,19.0,18.83,18.98
LCNB,2023-02-09,18.98,18.98,18.5601,18.74
LCNB,2023-02-10,18.62,18.89,18.62,18.82
LCNB,2023-02-13,18.8,18.8,18.61,18.64
LCNB,2023-02-14,18.68,18.6833,18.36,18.37
LCNB,2023-02-15,18.48,18.6899,18.22,18.56
LCNB,2023-02-16,18.44,18.72,18.38,18.72
LCNB,2023-02-17,18.67,18.82,18.6313,18.82
LCNB,2023-02-21,18.82,18.82,18.7,18.73
LCNB,2023-02-22,18.67,18.8,18.58,18.58
LCNB,2023-02-23,18.65,18.82,18.6,18.8
LCNB,2023-02-24,18.8,18.8,18.58,18.58
LCNB,2023-02-27,18.81,18.81,18.25,18.54
LCNB,2023-02-28,18.64,18.64,18.24,18.27
LCNB,2023-03-01,18.175,18.2,17.9527,17.99
LCNB,2023-03-02,17.86,17.9175,17.79,17.8
LCNB,2023-03-03,17.79,17.985,17.72,17.8
LCNB,2023-03-06,17.72,18.08,17.72,17.96
LCNB,2023-03-07,18.0,18.0,17.53,17.64
LCNB,2023-03-08,17.74,17.75,17.5,17.73
LCNB,2023-03-09,17.56,17.6,17.14,17.5
LCNB,2023-03-10,17.31,17.45,17.15,17.35
LCNB,2023-03-13,17.11,17.2359,15.6,15.6
LCNB,2023-03-14,16.11,16.95,15.59,15.74
LCNB,2023-03-15,15.87,16.13,15.27,15.76
LCNB,2023-03-16,15.61,16.69,15.61,16.69
LCNB,2023-03-17,16.46,16.6,15.7705,16.6
LCNB,2023-03-20,16.81,16.99,16.39,16.48
LCNB,2023-03-21,16.71,17.23,16.385,16.54
LCNB,2023-03-22,16.553,16.73,16.18,16.35
LCNB,2023-03-23,16.52,16.525,16.25,16.51
LCNB,2023-03-24,16.48,17.05,16.29,16.97
LCNB,2023-03-27,16.95,16.95,16.63,16.8
LCNB,2023-03-28,16.85,17.115,16.335,16.88
LCNB,2023-03-29,16.5,17.0399,16.26,16.28
LCNB,2023-03-30,16.45,16.64,16.1501,16.18
LCNB,2023-03-31,16.29,16.545,16.25,16.34
LCNB,2023-04-03,16.3,16.71,16.3,16.3
LCNB,2023-04-04,16.31,16.36,16.04,16.04
LCNB,2023-04-05,15.98,16.33,15.79,16.24
LCNB,2023-04-06,16.1025,16.35,16.0,16.24
LCNB,2023-04-10,16.11,16.62,16.11,16.42
LCNB,2023-04-11,16.41,17.25,16.41,17.11
LCNB,2023-04-12,17.02,17.25,16.6701,17.25
LCNB,2023-04-13,17.24,17.38,16.96,17.25
LCNB,2023-04-14,17.37,17.3799,17.11,17.11
LCNB,2023-04-17,17.08,17.28,17.0,17.15
LCNB,2023-04-18,17.1,17.3499,16.7201,16.76
LCNB,2023-04-19,16.95,17.375,16.86,17.11
LCNB,2023-04-20,16.9,17.355,16.61,16.79
LCNB,2023-04-21,16.69,16.8799,16.38,16.46
LCNB,2023-04-24,16.0,16.75,15.8501,16.05
LCNB,2023-04-25,15.83,15.95,15.17,15.38
LCNB,2023-04-26,15.39,15.73,15.2,15.27
LCNB,2023-04-27,15.3,15.74,15.3,15.48
LCNB,2023-04-28,15.48,15.8,15.1768,15.3
LCNB,2023-05-01,15.43,15.68,15.3,15.33
LCNB,2023-05-02,15.42,15.575,14.84,15.05
LCNB,2023-05-03,15.03,15.1958,15.01,15.01
LCNB,2023-05-04,14.97,15.05,14.6,14.6
LCNB,2023-05-05,14.82,15.48,14.82,15.1
LCNB,2023-05-08,15.0,15.1484,14.71,14.73
LCNB,2023-05-09,14.46,14.57,14.25,14.56
LCNB,2023-05-10,14.67,15.129,14.67,14.97
LCNB,2023-05-11,15.01,15.25,15.01,15.05
LCNB,2023-05-12,15.305,15.305,15.07,15.07
LCNB,2023-05-15,15.72,15.83,15.25,15.35
LCNB,2023-05-16,15.49,15.49,15.01,15.05
LCNB,2023-05-17,15.51,15.695,15.2201,15.65
LCNB,2023-05-18,15.5,15.5,14.77,14.95
LCNB,2023-05-19,14.9,15.0362,14.48,14.64
LCNB,2023-05-22,14.6,14.79,14.51,14.59
LCNB,2023-05-23,14.78,15.19,14.57,14.57
LCNB,2023-05-24,14.45,15.14,14.26,14.43
LCNB,2023-05-25,14.43,14.58,14.35,14.36
LCNB,2023-05-26,14.45,14.6,14.26,14.325
LCNB,2023-05-30,14.47,14.55,14.225,14.415
LCNB,2023-05-31,14.15,14.2,13.54,13.59
LCNB,2023-06-01,13.73,13.74,13.33,13.4
LCNB,2023-06-02,13.5,14.18,13.4947,13.92
LCNB,2023-06-05,14.02,14.24,13.77,13.77
LCNB,2023-06-06,13.87,14.5,13.87,14.34
LCNB,2023-06-07,14.47,14.97,14.0814,14.7
LCNB,2023-06-08,14.83,15.23,14.47,15.185
LCNB,2023-06-09,15.25,15.45,15.01,15.3
LCNB,2023-06-12,15.3,15.4899,15.142,15.38
LCNB,2023-06-13,15.5,15.5,15.2,15.21
LCNB,2023-06-14,15.35,15.4045,15.07,15.07
LCNB,2023-06-15,15.25,15.42,14.97,15.12
LCNB,2023-06-16,15.1,15.31,14.96,15.01
LCNB,2023-06-20,15.22,15.3,14.91,14.91
LCNB,2023-06-21,14.94,15.225,14.87,14.97
LCNB,2023-06-22,14.98,15.23,14.82,15.18
LCNB,2023-06-23,15.05,15.22,14.87,15.02
LCNB,2023-06-26,15.01,15.24,14.85,15.09
LCNB,2023-06-27,14.83,14.94,14.56,14.59
LCNB,2023-06-28,14.67,14.96,14.4045,14.72
LCNB,2023-06-29,14.75,14.8373,14.695,14.83
LCNB,2023-06-30,14.86,14.86,14.5101,14.76
LCNB,2023-07-03,14.67,14.88,14.67,14.75
LCNB,2023-07-05,14.76,14.775,14.59,14.63
LCNB,2023-07-06,14.03,14.56,14.03,14.4
LCNB,2023-07-07,14.32,14.69,14.32,14.5
LCNB,2023-07-10,14.55,14.81,14.36,14.36
LCNB,2023-07-11,14.82,14.82,14.44,14.49
LCNB,2023-07-12,14.64,14.84,14.45,14.53
LCNB,2023-07-13,14.58,14.6414,14.46,14.5
LCNB,2023-07-14,14.57,14.71,14.35,14.49
LCNB,2023-07-17,14.49,14.74,14.36,14.69
LCNB,2023-07-18,14.69,14.99,14.69,14.92
LCNB,2023-07-19,14.92,15.5,14.78,15.5
LCNB,2023-07-20,15.47,16.44,15.38,16.3
LCNB,2023-07-21,16.38,16.47,15.33,16.29
LCNB,2023-07-24,16.25,17.47,16.25,16.75
LCNB,2023-07-25,16.85,16.99,16.56,16.57
LCNB,2023-07-26,16.5355,17.26,16.5355,16.84
LCNB,2023-07-27,16.97,17.45,16.85,17.28
LCNB,2023-07-28,17.26,17.72,17.19,17.35
LCNB,2023-07-31,17.51,17.5967,17.01,17.53
LCNB,2023-08-01,17.46,17.63,17.07,17.48
LCNB,2023-08-02,17.37,17.49,16.98,17.29
LCNB,2023-08-03,17.57,17.57,17.135,17.39
LCNB,2023-08-04,17.38,17.38,17.03,17.14
LCNB,2023-08-07,17.04,17.25,16.96,17.22
LCNB,2023-08-08,17.11,17.25,16.86,17.23
LCNB,2023-08-09,17.22,17.22,16.86,17.06
LCNB,2023-08-10,17.06,17.23,16.95,17.1
LCNB,2023-08-11,16.96,16.98,16.59,16.66
LCNB,2023-08-14,16.58,16.81,16.11,16.11
LCNB,2023-08-15,16.08,16.08,15.5401,15.7
LCNB,2023-08-16,15.83,15.885,15.6,15.72
LCNB,2023-08-17,15.7855,16.22,15.77,16.1
LCNB,2023-08-18,15.92,16.355,15.92,16.1
LCNB,2023-08-21,16.02,16.315,15.81,15.84
LCNB,2023-08-22,15.93,15.93,15.4,15.47
LCNB,2023-08-23,15.715,15.93,15.705,15.85
LCNB,2023-08-24,15.74,15.905,15.4966,15.74
LCNB,2023-08-25,15.84,15.99,15.71,15.88
LCNB,2023-08-28,15.89,16.01,15.75,15.98
LCNB,2023-08-29,15.83,15.9599,15.72,15.8
LCNB,2023-08-30,15.71,15.72,15.46,15.49
LCNB,2023-08-31,15.39,15.39,14.91,14.91
LCNB,2023-09-01,15.08,15.3499,15.0,15.02
LCNB,2023-09-05,15.0,15.04,14.66,15.04
LCNB,2023-09-06,15.04,15.07,14.7,14.71
LCNB,2023-09-07,14.76,15.23,14.76,15.12
LCNB,2023-09-08,15.0244,15.2,15.0244,15.15
LCNB,2023-09-11,15.27,15.28,15.08,15.27
LCNB,2023-09-12,15.175,15.33,15.1301,15.33
LCNB,2023-09-13,15.33,15.34,15.03,15.07
LCNB,2023-09-14,15.14,15.31,15.14,15.29
LCNB,2023-09-15,15.38,15.885,15.13,15.71
LCNB,2023-09-18,15.59,15.59,15.145,15.15
LCNB,2023-09-19,15.21,15.21,15.01,15.12
LCNB,2023-09-20,15.26,15.27,14.83,14.85
LCNB,2023-09-21,14.85,14.98,14.58,14.79
LCNB,2023-09-22,14.73,14.8528,14.545,14.62
LCNB,2023-09-25,14.54,14.95,14.54,14.7
LCNB,2023-09-26,14.53,14.804,14.26,14.34
LCNB,2023-09-27,14.43,14.43,14.0,14.17
LCNB,2023-09-28,14.26,14.26,13.9,14.17
LCNB,2023-09-29,13.99,14.28,13.9,14.27
LCNB,2023-10-02,14.27,14.27,13.76,13.91
LCNB,2023-10-03,13.84,13.97,13.51,13.77
LCNB,2023-10-04,13.67,13.87,13.56,13.69
LCNB,2023-10-05,13.8,13.87,13.57,13.81
LCNB,2023-10-06,13.69,13.88,13.51,13.66
LCNB,2023-10-09,13.51,14.12,13.51,13.88
LCNB,2023-10-10,13.93,13.9562,13.62,13.79
LCNB,2023-10-11,13.9885,14.0199,13.7,13.95
LCNB,2023-10-12,13.87,13.87,13.52,13.75
LCNB,2023-10-13,13.75,13.75,13.5,13.53
LCNB,2023-10-16,13.56,13.89,13.535,13.79
LCNB,2023-10-17,13.85,14.18,13.62,14.04
LCNB,2023-10-18,14.1329,14.1329,13.31,13.5
LCNB,2023-10-19,13.6912,13.7,12.78,13.18
LCNB,2023-10-20,13.32,13.4699,12.84,13.29
LCNB,2023-10-23,12.995,13.23,12.99,13.04
LCNB,2023-10-24,13.0,13.45,13.0,13.43
LCNB,2023-10-25,13.31,13.81,13.29,13.51
LCNB,2023-10-26,13.3745,14.18,13.3745,14.11
LCNB,2023-10-27,13.99,14.4,13.99,14.12
LCNB,2023-10-30,14.17,14.23,13.9,14.13
LCNB,2023-10-31,14.03,14.12,13.65,13.99
LCNB,2023-11-01,13.88,14.15,13.6844,14.01
LCNB,2023-11-02,14.0,14.45,13.45,14.24
LCNB,2023-11-03,14.15,15.02,14.15,14.9
LCNB,2023-11-06,14.805,15.27,14.75,15.05
LCNB,2023-11-07,14.97,15.45,14.93,15.16
LCNB,2023-11-08,15.22,15.22,14.81,15.04
LCNB,2023-11-09,14.99,15.1,14.63,14.63
LCNB,2023-11-10,14.575,14.575,14.365,14.48
LCNB,2023-11-13,14.3,14.5,14.19,14.21
LCNB,2023-11-14,14.34,15.24,14.28,15.19
LCNB,2023-11-15,15.05,15.44,14.6301,15.21
LCNB,2023-11-16,15.2,15.39,14.93,15.11
LCNB,2023-11-17,15.19,15.24,14.8394,15.115
LCNB,2023-11-20,14.94,15.025,14.52,14.75
LCNB,2023-11-21,14.76,14.88,14.47,14.7
LCNB,2023-11-22,14.85,14.95,14.74,14.89
LCNB,2023-11-24,14.9,14.99,14.8,14.83
LCNB,2023-11-27,14.97,14.99,14.5533,14.76
LCNB,2023-11-28,14.88,14.98,14.63,14.65
LCNB,2023-11-29,14.93,14.9599,14.51,14.93
LCNB,2023-11-30,14.5,14.971,14.4323,14.56
LCNB,2023-12-01,14.4,14.97,14.34,14.91
LCNB,2023-12-04,14.95,14.98,14.78,14.82
LCNB,2023-12-05,14.67,14.76,14.61,14.68
LCNB,2023-12-06,14.81,14.98,14.34,14.63
LCNB,2023-12-07,14.72,14.98,14.71,14.95
LCNB,2023-12-08,14.85,15.48,14.5352,15.14
LCNB,2023-12-11,15.08,15.1,14.85,14.89
LCNB,2023-12-12,14.99,15.0,14.76,14.915
LCNB,2023-12-13,14.99,15.89,14.99,15.6
LCNB,2023-12-14,15.74,15.89,15.41,15.89
LCNB,2023-12-15,16.01,17.09,15.585,17.09
LCNB,2023-12-18,17.01,17.01,16.14,16.14
LCNB,2023-12-19,16.05,16.56,16.05,16.45
LCNB,2023-12-20,16.54,16.69,16.17,16.27
LCNB,2023-12-21,16.46,16.58,16.4,16.4
LCNB,2023-12-22,16.55,16.69,16.52,16.67
LCNB,2023-12-26,16.366,16.65,16.003,16.58
LCNB,2023-12-27,16.69,16.69,16.5,16.65
LCNB,2023-12-28,16.66,16.67,16.1601,16.32
LCNB,2023-12-29,16.24,16.24,15.75,15.77
LCNB,2024-01-02,15.86,16.47,15.86,16.05
LCNB,2024-01-03,16.11,16.2924,15.71,15.86
LCNB,2024-01-04,15.98,15.98,15.31,15.5
LCNB,2024-01-05,15.55,15.95,15.52,15.7
LCNB,2024-01-08,15.76,15.8,15.484,15.75
LCNB,2024-01-09,15.57,15.865,15.43,15.43
LCNB,2024-01-10,15.5,15.595,15.07,15.19
LCNB,2024-01-11,15.03,15.22,14.85,15.12
LCNB,2024-01-12,15.29,15.63,14.77,14.79
LCNB,2024-01-16,14.84,15.18,14.501,14.75
LCNB,2024-01-17,14.8,14.99,14.7,14.9
LCNB,2024-01-18,15.15,15.15,14.66,14.86
LCNB,2024-01-19,14.89,15.19,14.77,15.19
LCNB,2024-01-22,15.38,15.49,14.99,15.49
LCNB,2024-01-23,15.67,15.67,14.81,14.83
LCNB,2024-01-24,15.04,15.42,14.7762,15.2
LCNB,2024-01-25,15.45,15.515,14.886,15.33
LCNB,2024-01-26,15.55,15.825,15.351,15.77
LCNB,2024-01-29,15.54,16.005,15.54,15.75
LCNB,2024-01-30,15.7214,15.84,15.51,15.65
LCNB,2024-01-31,15.46,15.75,14.77,14.77
LCNB,2024-02-01,14.78,14.84,13.94,14.84
LCNB,2024-02-02,14.39,15.4,14.39,14.47
LCNB,2024-02-05,14.37,14.69,14.06,14.39
LCNB,2024-02-06,14.27,14.4799,13.77,14.14
LCNB,2024-02-07,14.01,14.01,13.3,13.66
LCNB,2024-02-08,13.68,14.3849,13.68,14.01
LCNB,2024-02-09,14.4679,14.4679,14.14,14.14
LCNB,2024-02-12,14.06,14.585,14.06,14.29
LCNB,2024-02-13,14.14,14.2,13.62,13.62
LCNB,2024-02-14,13.85,14.29,13.7618,14.25
LCNB,2024-02-15,14.42,14.72,14.23,14.63
LCNB,2024-02-16,14.5,14.5814,14.4,14.51
LCNB,2024-02-20,14.46,14.61,14.05,14.09
LCNB,2024-02-21,14.19,14.23,13.95,13.97
LCNB,2024-02-22,13.85,14.1,13.85,13.99
LCNB,2024-02-23,13.8805,14.45,13.8805,14.25
LCNB,2024-02-26,14.11,14.32,14.0,14.02
LCNB,2024-02-27,14.2691,14.35,14.06,14.24
LCNB,2024-02-28,14.2,14.3358,13.98,14.0
LCNB,2024-02-29,14.02,14.26,13.91,14.08
LCNB,2024-03-01,14.08,14.215,13.85,13.87
LCNB,2024-03-04,13.85,14.32,13.85,14.3
LCNB,2024-03-05,14.11,14.64,14.11,14.47
LCNB,2024-03-06,14.57,14.57,14.1119,14.33
LCNB,2024-03-07,14.35,14.7,14.32,14.33
LCNB,2024-03-08,14.42,14.7,14.21,14.56
LCNB,2024-03-11,14.46,14.73,14.45,14.58
LCNB,2024-03-12,14.51,14.75,14.4776,14.65
LCNB,2024-03-13,14.56,14.88,14.56,14.71
LCNB,2024-03-14,14.62,14.82,14.28,14.28
LCNB,2024-03-15,14.3,15.79,14.3,15.68
LCNB,2024-03-18,15.49,15.49,15.21,15.32
LCNB,2024-03-19,15.38,15.49,15.13,15.28
LCNB,2024-03-20,15.21,15.95,15.2,15.87
LCNB,2024-03-21,15.87,15.87,15.505,15.57
LCNB,2024-03-22,15.1301,15.6592,14.92,15.09
LCNB,2024-03-25,15.04,15.4099,14.67,14.67
LCNB,2024-03-26,14.67,15.3774,14.5,14.67
LCNB,2024-03-27,14.7,15.39,14.61,15.39
LCNB,2024-03-28,15.65,15.98,15.34,15.94
LCNB,2024-04-01,15.84,15.84,14.96,15.06
LCNB,2024-04-02,14.85,15.15,14.75,14.82
LCNB,2024-04-03,14.74,14.97,14.74,14.85
LCNB,2024-04-04,14.99,15.135,14.85,14.95
LCNB,2024-04-05,14.91,15.1863,14.79,14.86
LCNB,2024-04-08,15.06,15.2025,14.78,14.97
LCNB,2024-04-09,15.0,15.25,15.0,15.04
LCNB,2024-04-10,14.75,14.75,14.07,14.3
LCNB,2024-04-11,14.4944,14.4944,14.3503,14.44
LCNB,2024-04-12,14.45,14.45,14.0,14.04
LCNB,2024-04-15,14.28,14.38,14.08,14.38
LCNB,2024-04-16,14.35,14.64,14.08,14.64
LCNB,2024-04-17,14.62,14.68,14.27,14.5
LCNB,2024-04-18,14.2529,15.145,14.2529,14.77
LCNB,2024-04-19,14.73,15.04,14.73,14.96
LCNB,2024-04-22,14.82,15.41,14.71,15.11
LCNB,2024-04-23,14.905,15.62,14.905,15.23
LCNB,2024-04-24,15.13,15.36,14.92,15.26
LCNB,2024-04-25,14.96,15.4757,14.8744,15.17
LCNB,2024-04-26,15.29,15.73,15.16,15.24
LCNB,2024-04-29,15.16,15.45,15.05,15.35
LCNB,2024-04-30,14.81,15.0,14.0,14.1
LCNB,2024-05-01,14.27,14.59,14.2,14.37
LCNB,2024-05-02,14.49,14.98,14.4444,14.47
LCNB,2024-05-03,14.74,14.74,14.3,14.63
LCNB,2024-05-06,14.49,14.6,14.3485,14.35
LCNB,2024-05-07,14.3317,14.7,14.3,14.6
LCNB,2024-05-08,14.61,14.77,14.51,14.71
LCNB,2024-05-09,14.63,14.845,14.63,14.84
LCNB,2024-05-10,14.9546,14.9546,14.5,14.65
LCNB,2024-05-13,14.66,14.79,14.5875,14.71
LCNB,2024-05-14,14.91,14.91,14.7011,14.89
LCNB,2024-05-15,15.0,15.0,14.595,14.7
LCNB,2024-05-16,14.8007,14.8399,14.75,14.75
LCNB,2024-05-17,14.83,14.9,14.7682,14.86
LCNB,2024-05-20,14.76,14.96,14.46,14.46
LCNB,2024-05-21,14.36,14.66,14.36,14.62
LCNB,2024-05-22,14.5573,14.71,14.475,14.67
LCNB,2024-05-23,14.68,14.68,14.26,14.27
LCNB,2024-05-24,14.31,14.4509,14.27,14.42
LCNB,2024-05-28,14.64,14.64,13.73,13.84
LCNB,2024-05-29,13.67,14.06,13.67,13.85
LCNB,2024-05-30,14.07,14.37,14.01,14.08
LCNB,2024-05-31,14.24,14.2624,13.97,14.1
LCNB,2024-06-03,13.97,14.1,13.73,14.1
LCNB,2024-06-04,13.99,13.99,13.72,13.85
LCNB,2024-06-05,13.93,14.08,13.51,13.71
LCNB,2024-06-06,13.72,13.7758,13.5,13.7
LCNB,2024-06-07,13.7,13.73,13.54,13.71
LCNB,2024-06-10,13.5558,13.79,13.5401,13.74
LCNB,2024-06-11,13.85,13.87,13.57,13.77
LCNB,2024-06-12,14.03,14.28,13.74,13.88
LCNB,2024-06-13,14.19,14.19,13.76,13.91
LCNB,2024-06-14,13.82,14.0,13.82,13.95
LCNB,2024-06-17,14.04,14.2999,14.005,14.26
LCNB,2024-06-18,14.15,14.25,13.76,13.83
LCNB,2024-06-20,13.46,13.95,13.46,13.72
LCNB,2024-06-21,13.73,13.827,12.8,12.81
LCNB,2024-06-24,12.99,13.24,12.81,12.81
LCNB,2024-06-25,12.78,13.04,12.42,12.611
LCNB,2024-06-26,12.64,13.235,12.64,13.14
LCNB,2024-06-27,13.12,13.42,13.12,13.35
LCNB,2024-06-28,13.49,13.94,13.31,13.9
LCNB,2024-07-01,13.92,13.92,13.465,13.56
LCNB,2024-07-02,13.62,13.62,13.09,13.24
LCNB,2024-07-03,13.23,13.3,13.01,13.25
LCNB,2024-07-05,13.18,13.36,13.02,13.11
LCNB,2024-07-08,13.23,13.33,13.0356,13.2
LCNB,2024-07-09,13.22,13.39,13.15,13.39
LCNB,2024-07-10,13.35,13.59,13.28,13.59
LCNB,2024-07-11,13.7,14.2,13.58,14.19
LCNB,2024-07-12,14.26,14.44,13.85,13.95
LCNB,2024-07-15,14.13,14.55,14.0,14.21
LCNB,2024-07-16,14.3,15.205,14.3,15.1
LCNB,2024-07-17,15.0,15.3,14.84,15.13
LCNB,2024-07-18,14.9,15.24,14.48,14.75
LCNB,2024-07-19,14.79,15.05,14.78,14.85
LCNB,2024-07-22,14.94,15.0,14.4841,15.0
LCNB,2024-07-23,14.83,15.6304,14.83,15.5
LCNB,2024-07-24,15.5,15.5,14.94,14.94
LCNB,2024-07-25,15.02,15.71,15.02,15.43
LCNB,2024-07-26,15.73,15.73,15.27,15.56
LCNB,2024-07-29,15.56,15.56,14.71,14.76
LCNB,2024-07-30,14.7,15.16,14.5601,15.16
LCNB,2024-07-31,15.22,15.52,15.1452,15.24
LCNB,2024-08-01,15.35,15.35,14.14,14.6
LCNB,2024-08-02,14.13,14.44,13.88,13.99
LCNB,2024-08-05,13.51,13.62,13.27,13.39
LCNB,2024-08-06,13.38,13.57,13.24,13.42
LCNB,2024-08-07,13.7,13.725,13.45,13.51
LCNB,2024-08-08,13.63,14.04,13.595,13.98
LCNB,2024-08-09,14.05,14.08,13.83,13.9
LCNB,2024-08-12,14.01,14.01,13.62,13.72
LCNB,2024-08-13,13.91,13.98,13.72,13.92
LCNB,2024-08-14,14.03,14.0313,13.8001,13.88
LCNB,2024-08-15,14.22,14.47,14.02,14.25
LCNB,2024-08-16,14.4426,14.61,14.4426,14.58
LCNB,2024-08-19,14.52,14.81,14.52,14.81
LCNB,2024-08-20,14.755,14.755,14.55,14.6
LCNB,2024-08-21,14.51,14.72,14.3283,14.72
LCNB,2024-08-22,14.72,14.75,14.63,14.75
LCNB,2024-08-23,14.75,15.75,14.75,15.5
LCNB,2024-08-26,15.62,15.7,15.35,15.51
LCNB,2024-08-27,15.3,15.47,15.12,15.25
LCNB,2024-08-28,15.27,15.55,15.23,15.46
LCNB,2024-08-29,15.54,15.69,15.3876,15.69
LCNB,2024-08-30,15.57,16.0,15.34,16.0
LCNB,2024-09-03,15.76,15.85,15.04,15.04
LCNB,2024-09-04,15.03,15.32,15.03,15.27
LCNB,2024-09-05,15.42,15.44,15.16,15.16
LCNB,2024-09-06,15.18,15.45,14.93,15.17
LCNB,2024-09-09,15.14,15.51,15.14,15.34
LCNB,2024-09-10,15.25,15.5,15.205,15.48
LCNB,2024-09-11,15.27,15.5,15.195,15.5
LCNB,2024-09-12,15.43,15.5,15.32,15.48
LCNB,2024-09-13,15.5,15.78,15.5,15.78
LCNB,2024-09-16,15.99,15.99,15.42,15.99
LCNB,2024-09-17,16.0,16.2,15.7613,15.81
LCNB,2024-09-18,15.5092,16.11,15.5092,15.52
LCNB,2024-09-19,15.9,15.99,15.67,15.67
LCNB,2024-09-20,15.47,15.47,15.255,15.445
LCNB,2024-09-23,15.45,15.57,15.34,15.34
LCNB,2024-09-24,15.3,15.3,15.15,15.15
LCNB,2024-09-25,15.19,15.225,15.025,15.15
LCNB,2024-09-26,14.79,14.79,14.79,14.79
LCNB,2024-09-27,14.99,15.07,14.84,15.05
LCNB,2024-09-30,15.05,15.18,15.04,15.18
LCNB,2024-10-01,14.88,14.88,14.63,14.68
LCNB,2024-10-02,14.86,14.9,14.48,14.48
LCNB,2024-10-03,14.53,14.54,14.4,14.4
LCNB,2024-10-04,14.62,14.68,14.45,14.68
LCNB,2024-10-07,14.63,14.69,14.41,14.41
LCNB,2024-10-08,14.4905,14.5999,14.4905,14.53
LCNB,2024-10-09,14.44,14.76,14.4222,14.67
LCNB,2024-10-10,14.46,14.46,14.225,14.455
LCNB,2024-10-11,14.5073,14.73,14.5073,14.73
LCNB,2024-10-14,14.73,14.92,14.73,14.78
LCNB,2024-10-15,15.17,15.17,14.88,15.07
LCNB,2024-10-16,15.04,15.4,15.02,15.33
LCNB,2024-10-17,15.22,15.5,15.205,15.49
LCNB,2024-10-18,15.35,15.35,14.71,15.26
LCNB,2024-10-21,14.91,15.25,14.91,15.08
LCNB,2024-10-22,15.19,15.3,15.0504,15.3
LCNB,2024-10-23,15.0,15.3,15.0,15.3
LCNB,2024-10-24,15.388,15.388,15.0,15.01
LCNB,2024-10-25,15.13,15.13,14.9,14.92
LCNB,2024-10-28,15.07,15.2,15.06,15.16
LCNB,2024-10-29,15.0803,15.46,15.0803,15.46
LCNB,2024-10-30,15.5,15.855,15.5,15.78
LCNB,2024-10-31,15.87,16.06,15.65,15.69
LCNB,2024-11-01,15.8619,16.06,15.8619,16.06
LCNB,2024-11-04,16.14,16.14,15.98,16.12
LCNB,2024-11-05,15.95,16.46,15.95,16.43
LCNB,2024-11-06,16.66,17.27,16.66,17.165
LCNB,2024-11-07,16.88,16.88,16.66,16.88
LCNB,2024-11-08,16.88,16.89,16.66,16.71
LCNB,2024-11-11,16.79,17.2,16.79,17.15
LCNB,2024-11-12,17.24,17.24,16.92,16.96
LCNB,2024-11-13,16.96,17.0979,16.9,16.9
LCNB,2024-11-14,16.9,16.99,16.68,16.81
LCNB,2024-11-15,16.91,16.91,16.677,16.84
LCNB,2024-11-18,16.76,17.0199,16.71,16.825
LCNB,2024-11-19,16.81,17.04,16.555,17.04
LCNB,2024-11-20,16.9407,17.0,16.88,16.95
LCNB,2024-11-21,17.05,17.25,16.89,16.89
LCNB,2024-11-22,16.88,17.295,16.88,17.27
LCNB,2024-11-25,17.27,17.92,17.27,17.63
LCNB,2024-11-26,17.5,17.75,17.2138,17.27
LCNB,2024-11-27,17.42,17.53,17.19,17.38
LCNB,2024-11-29,17.64,17.73,17.4426,17.54
LCNB,2024-12-02,17.21,17.69,17.21,17.35
LCNB,2024-12-03,17.28,17.35,17.06,17.105
LCNB,2024-12-04,17.1493,17.15,16.5,16.86
LCNB,2024-12-05,16.6655,17.2317,16.55,17.17
LCNB,2024-12-06,17.15,17.24,16.9139,17.09
LCNB,2024-12-09,17.23,17.35,16.99,16.99
LCNB,2025-01-27,14.75,14.95,14.75,14.95
LCNB,2025-01-28,14.91,15.25,14.881,15.2
LCNB,2025-01-29,15.02,15.4,14.89,15.37
LCNB,2025-01-30,15.5,15.5,14.95,15.1
LCNB,2025-01-31,15.26,16.04,14.91,15.46
LCNB,2025-02-03,15.12,15.6949,15.11,15.38
LCNB,2025-02-04,15.32,15.83,15.32,15.75
LCNB,2025-02-05,15.75,15.87,15.68,15.79
LCNB,2025-02-06,15.92,15.92,15.66,15.68
LCNB,2025-02-07,15.41,15.69,15.3,15.56
LCNB,2025-02-10,15.62,15.85,15.58,15.6
LCNB,2025-02-11,15.58,15.81,15.56,15.73
LCNB,2025-02-12,15.47,15.97,15.45,15.45
LCNB,2025-02-13,15.62,15.62,15.26,15.5
LCNB,2025-02-14,15.61,15.655,15.31,15.43
LCNB,2025-02-18,15.55,15.68,15.27,15.33
LCNB,2025-02-19,15.16,15.348,15.0,15.155
LCNB,2025-02-20,15.05,15.25,14.75,14.81
LCNB,2025-02-21,14.96,15.0,14.6,14.6
LCNB,2025-02-24,14.78,14.85,14.27,14.315
LCNB,2025-02-25,14.45,14.69,14.2,14.64
LCNB,2025-02-26,14.7,14.98,14.6382,14.96
LCNB,2025-02-27,14.86,14.95,14.76,14.94
LCNB,2025-02-28,15.0072,15.6,15.0072,15.455
LCNB,2025-03-03,15.39,15.39,15.06,15.14
LCNB,2025-03-04,15.075,15.27,14.6001,15.0
LCNB,2025-03-05,14.89,15.19,14.7405,14.84
LCNB,2025-03-06,14.84,15.2177,14.84,15.11
LCNB,2025-03-07,15.0,15.0,14.79,14.79
LCNB,2025-03-10,14.93,14.95,14.48,14.64
LCNB,2025-03-11,14.61,14.63,14.38,14.39
LCNB,2025-03-12,14.39,14.6,14.35,14.6
LCNB,2025-03-13,14.505,14.65,14.505,14.52
LCNB,2025-03-14,14.69,15.05,14.69,14.83
LCNB,2025-03-17,15.04,15.07,14.67,14.77
LCNB,2025-03-18,14.75,14.75,14.49,14.72
LCNB,2025-03-19,14.75,15.09,14.52,15.09
LCNB,2025-03-20,15.09,15.09,14.87,14.93
LCNB,2025-03-21,14.74,14.91,14.68,14.765
LCNB,2025-03-24,15.0,15.19,14.94,15.19
LCNB,2025-03-25,15.0,15.0,14.61,14.61
LCNB,2025-03-26,14.72,14.8582,14.72,14.82
LCNB,2025-03-27,14.5871,15.0,14.5871,15.0
LCNB,2025-03-28,15.205,15.3,14.8654,14.97
LCNB,2025-03-31,14.94,15.21,14.7,14.77
LCNB,2025-04-01,14.805,14.985,14.73,14.88
LCNB,2025-04-02,15.015,15.125,15.015,15.02
LCNB,2025-04-03,14.0,14.03,14.0,14.0
LCNB,2025-04-04,13.62,14.07,13.335,14.07
LCNB,2025-04-07,14.3,14.51,13.74,14.16
LCNB,2025-04-08,14.36,14.36,13.68,13.99
LCNB,2025-04-09,13.73,15.55,13.73,14.56
LCNB,2025-04-10,13.56,13.56,13.56,13.56
LCNB,2025-04-11,13.725,14.0085,13.35,13.64
LCNB,2025-04-14,13.6623,13.83,13.47,13.7
LCNB,2025-04-15,13.7,14.185,13.7,14.145
LCNB,2025-04-16,14.19,14.23,13.9,14.12
LCNB,2025-04-17,14.07,14.23,14.0001,14.17
LCNB,2025-04-21,14.02,14.03,13.86,13.97
LCNB,2025-04-22,14.14,14.54,14.14,14.5
LCNB,2025-04-23,14.68,14.68,14.12,14.47
LCNB,2025-04-24,14.41,14.41,14.21,14.41
LCNB,2025-04-25,14.31,14.31,14.0,14.18
LCNB,2025-04-28,14.1155,14.725,14.07,14.7
LCNB,2025-04-29,14.67,15.025,14.5964,14.88
LCNB,2025-04-30,14.7209,15.06,14.43,15.01
LCNB,2025-05-01,14.86,14.92,14.52,14.52
LCNB,2025-05-02,14.9912,14.9912,14.5,14.94
LCNB,2025-05-05,14.94,15.01,14.69,14.81
LCNB,2025-05-06,14.53,14.84,14.53,14.6
LCNB,2025-05-07,14.64,14.77,14.529,14.65
LCNB,2025-05-08,14.86,14.9,14.46,14.6
LCNB,2025-05-09,14.595,14.78,14.52,14.74
LCNB,2025-05-12,15.18,15.18,14.94,14.95
LCNB,2025-05-13,15.14,15.45,14.6,15.45
LCNB,2025-05-14,15.24,15.24,15.12,15.24
LCNB,2025-05-15,15.4799,15.9,15.4799,15.66
LCNB,2025-05-16,15.61,15.68,15.48,15.51
LCNB,2025-05-19,15.31,15.41,15.25,15.37
LCNB,2025-05-20,15.3095,15.39,15.03,15.18
LCNB,2025-05-21,15.01,15.429,14.5701,14.81
LCNB,2025-05-22,14.915,14.915,14.37,14.37
LCNB,2025-05-23,14.09,14.4999,14.09,14.46
LCNB,2025-05-27,14.48,14.86,14.48,14.6
LCNB,2025-05-28,14.56,14.86,14.3,14.3
LCNB,2025-05-29,14.34,14.6634,14.15,14.4
LCNB,2025-05-30,14.26,14.54,14.03,14.52
LCNB,2025-06-02,14.28,14.28,14.01,14.22
LCNB,2025-06-03,14.21,14.457,14.19,14.22
LCNB,2025-06-04,14.2,14.2,13.93,13.96
LCNB,2025-06-05,14.06,14.11,13.9062,14.0
LCNB,2025-06-06,14.24,14.38,13.96,14.38
LCNB,2025-06-09,14.41,14.53,14.02,14.36
LCNB,2025-06-10,14.37,14.91,14.37,14.91
LCNB,2025-06-11,14.7513,14.885,14.67,14.885
LCNB,2025-06-12,14.76,14.76,14.48,14.59
LCNB,2025-06-13,14.48,15.0624,14.13,14.13
LCNB,2025-06-16,14.45,14.4744,13.94,14.05
LCNB,2025-06-17,13.89,14.14,13.75,13.86
LCNB,2025-06-18,13.9,14.305,13.9,14.24
LCNB,2025-06-20,14.34,14.34,14.07,14.13
LCNB,2025-06-23,14.275,14.6499,14.275,14.6
LCNB,2025-06-24,14.65,14.86,14.4801,14.78
LCNB,2025-06-25,14.67,14.67,14.26,14.27
LCNB,2025-06-26,14.47,14.65,14.3627,14.65
LCNB,2025-06-27,14.6,14.84,14.6,14.75
LCNB,2025-06-30,14.86,14.86,14.5,14.51
LCNB,2025-07-01,14.49,14.94,14.45,14.83
LCNB,2025-07-02,14.92,15.26,14.92,15.155
LCNB,2025-07-03,15.26,15.53,15.07,15.51
LCNB,2025-07-07,15.54,15.54,14.92,14.92
LCNB,2025-07-08,15.03,15.08,14.85,14.99
LCNB,2025-07-09,15.1,15.23,14.98,15.19
LCNB,2025-07-10,15.15,15.49,15.0,15.43
LCNB,2025-07-11,15.245,15.395,15.245,15.38
LCNB,2025-07-14,15.28,15.46,15.12,15.39
LCNB,2025-07-15,15.355,15.355,15.025,15.03
LCNB,2025-07-16,15.2,15.46,14.8,15.33
LCNB,2025-07-17,15.25,15.55,15.25,15.37
LCNB,2025-07-18,15.54,15.54,14.97,15.16
LCNB,2025-07-21,15.25,15.55,15.2128,15.52
LCNB,2025-07-22,15.455,15.61,15.455,15.56
LCNB,2025-07-23,15.65,15.65,15.46,15.65
LCNB,2025-07-24,15.51,15.65,15.51,15.63
LCNB,2025-07-25,15.63,15.63,15.3,15.52
LCNB,2025-07-28,15.58,15.8399,15.52,15.61
LCNB,2025-07-29,15.62,15.74,15.48,15.48
LCNB,2025-07-30,15.47,15.5836,14.88,14.96
LCNB,2025-07-31,14.82,15.0,14.59,14.78
LCNB,2025-08-01,14.66,14.66,14.11,14.22
LCNB,2025-08-04,14.2,14.59,14.2,14.59
LCNB,2025-08-05,14.54,14.7492,14.44,14.74
LCNB,2025-08-06,14.75,14.795,14.45,14.5
LCNB,2025-08-07,14.75,14.75,14.205,14.32
LCNB,2025-08-08,14.36,14.6,14.3599,14.49
LCNB,2025-08-11,14.6,14.7617,14.3344,14.45
LCNB,2025-08-12,14.61,15.6,14.5325,15.37
LCNB,2025-08-13,15.39,15.69,15.39,15.65
LCNB,2025-08-14,15.32,15.405,15.27,15.3
LCNB,2025-08-15,15.35,15.35,15.04,15.05
LCNB,2025-08-18,15.23,15.23,15.06,15.19
LCNB,2025-08-19,15.2,15.31,15.02,15.27
LCNB,2025-08-20,15.13,15.31,15.0537,15.26
LCNB,2025-08-21,15.245,15.47,15.15,15.21
LCNB,2025-08-22,15.36,16.16,15.265,16.105
LCNB,2025-08-25,15.96,16.095,15.91,16.03
LCNB,2025-08-26,15.845,16.035,15.845,15.95
LCNB,2025-08-27,16.07,16.07,15.95,15.95
LCNB,2025-08-28,15.94,16.08,15.84,16.04
LCNB,2025-08-29,16.1,16.26,15.9,16.18
LCNB,2025-09-02,15.9,15.9,15.41,15.41
LCNB,2025-09-03,15.43,15.665,15.345,15.59
LCNB,2025-09-04,15.63,16.0,15.63,16.0
LCNB,2025-09-05,15.98,16.4196,15.87,16.06
LCNB,2025-09-08,16.06,16.06,15.6661,16.0
LCNB,2025-09-09,15.83,15.945,15.74,15.77
LCNB,2025-09-10,15.77,16.07,15.77,16.03
LCNB,2025-09-11,16.03,16.34,15.865,16.31
LCNB,2025-09-12,16.09,16.09,15.75,15.75
LCNB,2025-09-15,15.8,15.95,15.8,15.93
LCNB,2025-09-16,16.07,16.07,15.73,15.95
LCNB,2025-09-17,16.0,16.37,16.0,16.02
LCNB,2025-09-18,15.78,16.47,15.78,16.35
LCNB,2025-09-19,16.23,16.3,15.569,15.98
LCNB,2025-09-22,15.4101,16.045,15.4101,15.765
LCNB,2025-09-23,15.91,15.91,15.55,15.65
LCNB,2025-09-24,15.75,15.89,15.58,15.76
LCNB,2025-09-25,15.67,15.9,15.6,15.62
LCNB,2025-09-26,15.69,15.73,15.62,15.71
LCNB,2025-09-29,15.69,15.69,15.0,15.09
LCNB,2025-09-30,15.01,15.1799,14.86,14.97
LCNB,2025-10-01,14.91,15.2789,14.87,14.91
LCNB,2025-10-02,14.98,14.98,14.62,14.82
LCNB,2025-10-03,14.9,15.0,14.9,14.99
LCNB,2025-10-06,15.08,15.08,14.5501,14.73
LCNB,2025-10-07,14.75,14.885,14.52,14.52
LCNB,2025-10-08,14.59,14.85,14.56,14.85
LCNB,2025-10-09,14.81,15.0,14.5,14.96
LCNB,2025-10-10,14.98,14.98,14.35,14.35
LCNB,2025-10-13,14.6,14.68,14.305,14.68
LCNB,2025-10-14,14.52,14.96,14.52,14.96
LCNB,2025-10-15,15.0,15.17,14.845,14.875
LCNB,2025-10-16,14.76,14.76,14.42,14.53
LCNB,2025-10-17,14.57,14.985,14.57,14.61
LCNB,2025-10-20,14.65,14.9653,14.65,14.81
LCNB,2025-10-21,14.8,14.845,14.67,14.715
LCNB,2025-10-22,14.65,14.9274,14.65,14.83
LCNB,2025-10-23,14.98,15.2366,14.85,15.03
LCNB,2025-10-24,15.03,15.6,15.03,15.6
LCNB,2025-10-27,15.6,15.6,15.25,15.27
LCNB,2025-10-28,15.35,15.53,15.195,15.42
LCNB,2025-10-29,15.45,15.7,15.015,15.15
LCNB,2025-10-30,15.22,15.69,15.22,15.36
LCNB,2025-10-31,15.37,15.38,15.17,15.36
LCNB,2025-11-03,15.36,15.68,15.0401,15.56
LCNB,2025-11-04,15.27,15.6403,15.212,15.3
LCNB,2025-11-05,15.35,15.63,15.1575,15.63
LCNB,2025-11-06,15.32,15.57,15.3,15.465
LCNB,2025-11-07,15.5,15.86,15.5,15.55
LCNB,2025-11-10,15.590958,15.7645,15.55,15.57
LCNB,2025-11-11,15.65,15.65,15.487,15.49
LCNB,2025-11-12,15.5,15.6,15.4401,15.5
LCNB,2025-11-13,15.5,15.62,15.4,15.49
LCNB,2025-11-14,15.55,15.85,15.4516,15.85
LCNB,2025-11-17,15.84,15.84,15.18,15.25
LCNB,2025-11-18,15.3,15.4215,15.19,15.19
LCNB,2025-11-19,15.395,15.4399,15.17,15.32
LCNB,2025-11-20,15.6526,15.72,15.27,15.28
LCNB,2025-11-21,15.35,16.0,15.35,15.9
LCNB,2025-11-24,15.99,15.99,15.4399,15.59
LCNB,2025-11-25,15.85,15.995,15.8,15.92
LCNB,2025-11-26,15.75,15.97,15.75,15.91
LCNB,2025-11-28,15.895,15.9649,15.7445,15.87
LCNB,2025-12-01,15.58,15.94,15.58,15.9
LCNB,2025-12-02,16.0,16.065,15.65,15.65
LCNB,2025-12-03,15.77,16.09,15.55,16.09
LCNB,2025-12-04,16.1,16.18,16.03,16.06
LCNB,2025-12-05,16.06,16.11,15.965,16.03
LCNB,2025-12-08,15.98,16.24,15.98,16.215
LCNB,2025-12-09,16.26,16.6,16.211,16.51
LCNB,2025-12-10,16.37,17.1,16.365,16.96
LCNB,2025-12-11,16.96,17.34,16.95,17.34
LCNB,2025-12-12,17.49,17.5,17.1528,17.29
LCNB,2025-12-15,17.5,17.84,17.09,17.71
LCNB,2025-12-16,17.75,17.75,17.46,17.46
LCNB,2025-12-17,17.385,17.55,17.07,17.34
LCNB,2025-12-18,17.35,17.59,17.2762,17.51
LCNB,2025-12-19,17.46,17.51,16.82,16.84
LCNB,2025-12-22,16.9,17.1499,16.85,16.9
LCNB,2025-12-23,16.79,16.9,16.54,16.54
LCNB,2025-12-24,16.62,16.78,16.53,16.575
LCNB,2025-12-26,16.5,16.56,16.32,16.47
LCNB,2025-12-29,16.5882,16.8689,16.53,16.76
LCNB,2025-12-30,16.7508,16.7508,16.555,16.6
LCNB,2025-12-31,16.65,16.65,16.29,16.39
LCNB,2026-01-02,16.35,17.0,16.09,16.19
LCNB,2026-01-05,16.15,16.59,16.15,16.34
LCNB,2026-01-06,16.22,16.29,15.95,16.21
LCNB,2026-01-07,16.09,16.23,15.89,16.09
LCNB,2026-01-08,15.99,16.735,15.97,16.65
LCNB,2026-01-09,16.65,16.65,16.2599,16.33
LCNB,2026-01-12,16.31,16.41,16.14,16.31
LCNB,2026-01-13,16.41,16.47,16.26,16.37
LCNB,2026-01-14,16.325,16.65,16.325,16.62
LCNB,2026-01-15,16.555,16.8,16.555,16.78
LCNB,2026-01-16,16.75,16.819,16.5948,16.69
LCNB,2026-01-20,16.46,16.77,16.38,16.635
LCNB,2026-01-21,16.66,17.51,16.585,17.49
LCNB,2026-01-22,17.51,17.64,17.365,17.57
LCNB,2026-01-23,17.46,17.475,17.0,17.08
LCNB,2026-01-26,16.825,17.1,16.6901,16.8
LCNB,2026-01-27,16.78,17.07,16.78,17.01
LCNB,2026-01-28,17.1449,17.1449,16.45,16.84
LCNB,2026-01-29,17.01,17.26,16.95,17.26
LCNB,2026-01-30,17.03,17.23,16.765,17.135
LCNB,2026-02-02,17.08,17.74,17.08,17.56
